touch_id,customer_id,channel_id,touch_date,touch_type,landing_page,utm_campaign,conversion_date
touch_3789151,cust_770487,7,2023-02-24 00:00:00,content_download,/blog,,2023-04-25 00:00:00
touch_9959503,cust_770487,5,2023-03-26 00:00:00,demo_request,/features,,2023-04-25 00:00:00
touch_2073428,cust_770487,1,2023-04-25 00:00:00,demo_request,/demo,campaign_2,2023-04-25 00:00:00
touch_6615913,cust_542417,3,2023-01-20 00:00:00,form_submit,/pricing,campaign_30,2023-02-02 00:00:00
touch_2035350,cust_542417,5,2023-01-23 00:00:00,form_submit,/pricing,,2023-02-02 00:00:00
touch_7984811,cust_542417,4,2023-01-26 00:00:00,click,/home,,2023-02-02 00:00:00
touch_7180895,cust_542417,4,2023-01-29 00:00:00,demo_request,/demo,,2023-02-02 00:00:00
touch_3067916,cust_542417,1,2023-02-02 00:00:00,content_download,/blog,campaign_17,2023-02-02 00:00:00
touch_5546346,cust_331148,7,2024-02-22 00:00:00,form_submit,/home,,2024-04-04 00:00:00
touch_5558849,cust_331148,1,2024-03-03 00:00:00,visit,/demo,campaign_24,2024-04-04 00:00:00
touch_3499757,cust_331148,4,2024-03-14 00:00:00,click,/home,,2024-04-04 00:00:00
touch_8093553,cust_331148,1,2024-03-24 00:00:00,form_submit,/home,campaign_29,2024-04-04 00:00:00
touch_3666015,cust_331148,5,2024-04-04 00:00:00,demo_request,/demo,,2024-04-04 00:00:00
touch_6539664,cust_900581,4,2023-11-23 00:00:00,form_submit,/pricing,,2023-12-11 00:00:00
touch_4458330,cust_900581,4,2023-12-02 00:00:00,form_submit,/features,,2023-12-11 00:00:00
touch_3503192,cust_900581,5,2023-12-11 00:00:00,form_submit,/home,,2023-12-11 00:00:00
touch_7896234,cust_496922,5,2023-01-30 00:00:00,content_download,/case-studies,,2023-03-22 00:00:00
touch_6397278,cust_496922,6,2023-02-06 00:00:00,form_submit,/demo,,2023-03-22 00:00:00
touch_7144239,cust_496922,6,2023-02-13 00:00:00,demo_request,/demo,,2023-03-22 00:00:00
touch_5083365,cust_496922,7,2023-02-20 00:00:00,content_download,/home,,2023-03-22 00:00:00
touch_6412573,cust_496922,8,2023-02-28 00:00:00,click,/blog,,2023-03-22 00:00:00
touch_3397048,cust_496922,6,2023-03-07 00:00:00,form_submit,/case-studies,,2023-03-22 00:00:00
touch_1925152,cust_496922,5,2023-03-14 00:00:00,content_download,/case-studies,,2023-03-22 00:00:00
touch_6432673,cust_496922,4,2023-03-22 00:00:00,click,/case-studies,,2023-03-22 00:00:00
touch_5856597,cust_338968,1,2023-10-17 00:00:00,click,/case-studies,campaign_2,2023-10-24 00:00:00
touch_3647534,cust_338968,2,2023-10-18 00:00:00,form_submit,/demo,campaign_4,2023-10-24 00:00:00
touch_3028659,cust_338968,1,2023-10-19 00:00:00,click,/home,campaign_27,2023-10-24 00:00:00
touch_9291346,cust_338968,5,2023-10-20 00:00:00,content_download,/features,,2023-10-24 00:00:00
touch_1010029,cust_338968,1,2023-10-21 00:00:00,content_download,/home,campaign_10,2023-10-24 00:00:00
touch_8863701,cust_338968,7,2023-10-22 00:00:00,visit,/demo,,2023-10-24 00:00:00
touch_6465937,cust_338968,7,2023-10-24 00:00:00,visit,/demo,,2023-10-24 00:00:00
touch_1394507,cust_802729,4,2023-09-13 00:00:00,form_submit,/pricing,,2023-10-01 00:00:00
touch_2689327,cust_802729,4,2023-09-17 00:00:00,content_download,/case-studies,,2023-10-01 00:00:00
touch_7671280,cust_802729,4,2023-09-22 00:00:00,click,/pricing,,2023-10-01 00:00:00
touch_8355184,cust_802729,7,2023-09-26 00:00:00,visit,/pricing,,2023-10-01 00:00:00
touch_2205654,cust_802729,2,2023-10-01 00:00:00,content_download,/case-studies,campaign_15,2023-10-01 00:00:00
touch_8063338,cust_383060,5,2024-09-20 00:00:00,form_submit,/demo,,2024-10-17 00:00:00
touch_8021964,cust_383060,5,2024-10-17 00:00:00,visit,/features,,2024-10-17 00:00:00
touch_9596189,cust_520651,8,2023-08-05 00:00:00,click,/case-studies,,2023-10-02 00:00:00
touch_4425310,cust_520651,1,2023-08-14 00:00:00,content_download,/blog,campaign_2,2023-10-02 00:00:00
touch_2803540,cust_520651,3,2023-08-24 00:00:00,form_submit,/case-studies,campaign_45,2023-10-02 00:00:00
touch_4100148,cust_520651,3,2023-09-03 00:00:00,content_download,/home,campaign_16,2023-10-02 00:00:00
touch_8906508,cust_520651,2,2023-09-12 00:00:00,click,/home,campaign_9,2023-10-02 00:00:00
touch_1929841,cust_520651,1,2023-09-22 00:00:00,content_download,/demo,campaign_29,2023-10-02 00:00:00
touch_6418564,cust_520651,8,2023-10-02 00:00:00,form_submit,/case-studies,,2023-10-02 00:00:00
touch_3999094,cust_774079,2,2024-03-18 00:00:00,form_submit,/pricing,campaign_41,2024-04-14 00:00:00
touch_5656364,cust_479580,9,2023-06-23 00:00:00,click,/features,,2023-08-13 00:00:00
touch_3796166,cust_479580,1,2023-08-13 00:00:00,demo_request,/case-studies,campaign_28,2023-08-13 00:00:00
touch_1201772,cust_725380,10,2023-01-30 00:00:00,form_submit,/blog,,2023-03-07 00:00:00
touch_9712305,cust_725380,2,2023-03-07 00:00:00,visit,/features,campaign_29,2023-03-07 00:00:00
touch_7344538,cust_663054,2,2023-09-13 00:00:00,content_download,/blog,campaign_49,2023-10-01 00:00:00
touch_7456703,cust_663054,8,2023-09-19 00:00:00,form_submit,/features,,2023-10-01 00:00:00
touch_7245985,cust_663054,3,2023-09-25 00:00:00,click,/demo,campaign_8,2023-10-01 00:00:00
touch_1506208,cust_663054,2,2023-10-01 00:00:00,content_download,/home,campaign_48,2023-10-01 00:00:00
touch_9350455,cust_287330,2,2024-04-15 00:00:00,visit,/features,campaign_11,2024-06-03 00:00:00
touch_7265980,cust_287330,5,2024-04-24 00:00:00,visit,/blog,,2024-06-03 00:00:00
touch_9266335,cust_287330,3,2024-05-04 00:00:00,form_submit,/features,campaign_6,2024-06-03 00:00:00
touch_4203639,cust_287330,1,2024-05-14 00:00:00,form_submit,/case-studies,campaign_38,2024-06-03 00:00:00
touch_8281628,cust_287330,5,2024-05-24 00:00:00,click,/features,,2024-06-03 00:00:00
touch_3524452,cust_287330,2,2024-06-03 00:00:00,content_download,/pricing,campaign_21,2024-06-03 00:00:00
touch_4138787,cust_916449,4,2024-06-19 00:00:00,form_submit,/case-studies,,2024-06-27 00:00:00
touch_7143891,cust_916449,3,2024-06-20 00:00:00,visit,/demo,campaign_49,2024-06-27 00:00:00
touch_8494985,cust_916449,8,2024-06-21 00:00:00,form_submit,/home,,2024-06-27 00:00:00
touch_4368129,cust_916449,7,2024-06-23 00:00:00,content_download,/blog,,2024-06-27 00:00:00
touch_6613245,cust_916449,2,2024-06-24 00:00:00,click,/home,campaign_12,2024-06-27 00:00:00
touch_4319968,cust_916449,4,2024-06-25 00:00:00,form_submit,/features,,2024-06-27 00:00:00
touch_1333764,cust_916449,3,2024-06-27 00:00:00,visit,/blog,campaign_32,2024-06-27 00:00:00
touch_4311146,cust_182582,1,2023-02-06 00:00:00,form_submit,/demo,campaign_49,2023-03-29 00:00:00
touch_5651175,cust_182582,1,2023-02-14 00:00:00,content_download,/home,campaign_21,2023-03-29 00:00:00
touch_8239882,cust_182582,1,2023-02-23 00:00:00,form_submit,/pricing,campaign_10,2023-03-29 00:00:00
touch_3139202,cust_182582,6,2023-03-03 00:00:00,form_submit,/demo,,2023-03-29 00:00:00
touch_9557352,cust_182582,1,2023-03-12 00:00:00,visit,/home,campaign_7,2023-03-29 00:00:00
touch_2814296,cust_182582,2,2023-03-20 00:00:00,click,/blog,campaign_47,2023-03-29 00:00:00
touch_9979905,cust_182582,1,2023-03-29 00:00:00,form_submit,/home,campaign_50,2023-03-29 00:00:00
touch_6067403,cust_273148,4,2023-09-07 00:00:00,demo_request,/case-studies,,2023-09-29 00:00:00
touch_3002962,cust_273148,6,2023-09-12 00:00:00,click,/demo,,2023-09-29 00:00:00
touch_9179455,cust_273148,4,2023-09-18 00:00:00,demo_request,/pricing,,2023-09-29 00:00:00
touch_1238320,cust_273148,1,2023-09-23 00:00:00,demo_request,/home,campaign_21,2023-09-29 00:00:00
touch_1199966,cust_273148,4,2023-09-29 00:00:00,form_submit,/case-studies,,2023-09-29 00:00:00
touch_1269759,cust_804314,4,2024-09-16 00:00:00,click,/pricing,,2024-10-27 00:00:00
touch_1559207,cust_717024,3,2023-06-23 00:00:00,demo_request,/case-studies,campaign_8,2023-08-14 00:00:00
touch_1809075,cust_717024,5,2023-07-06 00:00:00,form_submit,/demo,,2023-08-14 00:00:00
touch_4713739,cust_717024,9,2023-07-19 00:00:00,form_submit,/case-studies,,2023-08-14 00:00:00
touch_8249719,cust_717024,4,2023-08-01 00:00:00,demo_request,/blog,,2023-08-14 00:00:00
touch_4093346,cust_717024,5,2023-08-14 00:00:00,visit,/pricing,,2023-08-14 00:00:00
touch_7959879,cust_801474,5,2024-04-29 00:00:00,demo_request,/features,,2024-05-12 00:00:00
touch_3300101,cust_801474,5,2024-05-12 00:00:00,visit,/pricing,,2024-05-12 00:00:00
touch_5333198,cust_299659,6,2023-03-04 00:00:00,click,/blog,,2023-04-07 00:00:00
touch_6816935,cust_299659,1,2023-03-12 00:00:00,demo_request,/blog,campaign_13,2023-04-07 00:00:00
touch_3662420,cust_299659,3,2023-03-21 00:00:00,visit,/demo,campaign_18,2023-04-07 00:00:00
touch_5420122,cust_299659,5,2023-03-29 00:00:00,demo_request,/case-studies,,2023-04-07 00:00:00
touch_3888418,cust_299659,5,2023-04-07 00:00:00,content_download,/home,,2023-04-07 00:00:00
touch_2325986,cust_203198,6,2023-02-25 00:00:00,form_submit,/case-studies,,2023-03-04 00:00:00
touch_8000344,cust_203198,4,2023-02-28 00:00:00,form_submit,/demo,,2023-03-04 00:00:00
touch_8039212,cust_203198,7,2023-03-04 00:00:00,content_download,/features,,2023-03-04 00:00:00
touch_4541364,cust_392075,1,2024-03-10 00:00:00,visit,/features,campaign_37,2024-04-18 00:00:00
touch_1962011,cust_392075,5,2024-03-15 00:00:00,form_submit,/pricing,,2024-04-18 00:00:00
touch_7645336,cust_392075,8,2024-03-21 00:00:00,form_submit,/case-studies,,2024-04-18 00:00:00
touch_5541089,cust_392075,1,2024-03-26 00:00:00,form_submit,/home,campaign_34,2024-04-18 00:00:00
touch_6418402,cust_392075,3,2024-04-01 00:00:00,click,/pricing,campaign_50,2024-04-18 00:00:00
touch_4793494,cust_392075,1,2024-04-06 00:00:00,visit,/demo,campaign_10,2024-04-18 00:00:00
touch_9207371,cust_392075,10,2024-04-12 00:00:00,content_download,/features,,2024-04-18 00:00:00
touch_4126421,cust_392075,1,2024-04-18 00:00:00,content_download,/home,campaign_14,2024-04-18 00:00:00
touch_9220960,cust_976638,6,2022-11-18 00:00:00,form_submit,/features,,2023-01-16 00:00:00
touch_2989274,cust_976638,4,2022-11-29 00:00:00,demo_request,/case-studies,,2023-01-16 00:00:00
touch_6417564,cust_976638,1,2022-12-11 00:00:00,demo_request,/pricing,campaign_37,2023-01-16 00:00:00
touch_1606274,cust_976638,2,2022-12-23 00:00:00,demo_request,/pricing,campaign_24,2023-01-16 00:00:00
touch_5685098,cust_976638,2,2023-01-04 00:00:00,click,/case-studies,campaign_41,2023-01-16 00:00:00
touch_9898646,cust_976638,7,2023-01-16 00:00:00,form_submit,/blog,,2023-01-16 00:00:00
touch_8270752,cust_272634,2,2023-12-11 00:00:00,demo_request,/demo,campaign_24,2024-01-24 00:00:00
touch_4290759,cust_272634,2,2024-01-24 00:00:00,click,/features,campaign_43,2024-01-24 00:00:00
touch_8692084,cust_921414,1,2024-05-26 00:00:00,content_download,/case-studies,campaign_11,2024-07-23 00:00:00
touch_7951103,cust_921414,1,2024-06-04 00:00:00,demo_request,/pricing,campaign_6,2024-07-23 00:00:00
touch_8885474,cust_921414,6,2024-06-14 00:00:00,form_submit,/pricing,,2024-07-23 00:00:00
touch_3059669,cust_921414,7,2024-06-24 00:00:00,demo_request,/pricing,,2024-07-23 00:00:00
touch_6777863,cust_921414,5,2024-07-03 00:00:00,form_submit,/case-studies,,2024-07-23 00:00:00
touch_1548885,cust_921414,10,2024-07-13 00:00:00,click,/pricing,,2024-07-23 00:00:00
touch_8622732,cust_921414,1,2024-07-23 00:00:00,content_download,/home,campaign_44,2024-07-23 00:00:00
touch_5969420,cust_428838,4,2023-01-26 00:00:00,form_submit,/home,,2023-02-28 00:00:00
touch_5802704,cust_723939,4,2023-01-16 00:00:00,form_submit,/demo,,2023-03-11 00:00:00
touch_7119561,cust_723939,2,2023-02-12 00:00:00,click,/features,campaign_7,2023-03-11 00:00:00
touch_5729067,cust_723939,7,2023-03-11 00:00:00,click,/blog,,2023-03-11 00:00:00
touch_4998570,cust_789305,1,2024-08-12 00:00:00,visit,/blog,campaign_28,2024-08-20 00:00:00
touch_8862814,cust_789305,6,2024-08-20 00:00:00,demo_request,/case-studies,,2024-08-20 00:00:00
touch_9159638,cust_776856,6,2023-10-01 00:00:00,form_submit,/demo,,2023-11-04 00:00:00
touch_1868054,cust_323508,3,2024-04-15 00:00:00,visit,/home,campaign_43,2024-06-02 00:00:00
touch_5953899,cust_323508,7,2024-04-21 00:00:00,visit,/blog,,2024-06-02 00:00:00
touch_5199719,cust_323508,2,2024-04-28 00:00:00,click,/case-studies,campaign_30,2024-06-02 00:00:00
touch_3909454,cust_323508,7,2024-05-05 00:00:00,content_download,/home,,2024-06-02 00:00:00
touch_8498835,cust_323508,6,2024-05-12 00:00:00,content_download,/case-studies,,2024-06-02 00:00:00
touch_6801434,cust_323508,4,2024-05-19 00:00:00,click,/pricing,,2024-06-02 00:00:00
touch_5739585,cust_323508,7,2024-05-26 00:00:00,click,/pricing,,2024-06-02 00:00:00
touch_4791261,cust_323508,3,2024-06-02 00:00:00,demo_request,/pricing,campaign_9,2024-06-02 00:00:00
touch_9263440,cust_837715,6,2023-10-22 00:00:00,content_download,/demo,,2023-11-06 00:00:00
touch_8650209,cust_837715,6,2023-10-25 00:00:00,content_download,/features,,2023-11-06 00:00:00
touch_6688767,cust_837715,3,2023-10-29 00:00:00,visit,/pricing,campaign_7,2023-11-06 00:00:00
touch_9743710,cust_837715,5,2023-11-02 00:00:00,demo_request,/features,,2023-11-06 00:00:00
touch_2674492,cust_837715,6,2023-11-06 00:00:00,form_submit,/blog,,2023-11-06 00:00:00
touch_7349535,cust_240814,2,2023-08-25 00:00:00,click,/blog,campaign_15,2023-09-28 00:00:00
touch_7647738,cust_240814,5,2023-09-02 00:00:00,demo_request,/demo,,2023-09-28 00:00:00
touch_9480850,cust_240814,4,2023-09-11 00:00:00,form_submit,/pricing,,2023-09-28 00:00:00
touch_1265323,cust_240814,6,2023-09-19 00:00:00,form_submit,/demo,,2023-09-28 00:00:00
touch_5136994,cust_240814,6,2023-09-28 00:00:00,form_submit,/case-studies,,2023-09-28 00:00:00
touch_7431021,cust_765046,1,2023-08-24 00:00:00,demo_request,/case-studies,campaign_47,2023-09-28 00:00:00
touch_3980610,cust_765046,6,2023-09-01 00:00:00,demo_request,/features,,2023-09-28 00:00:00
touch_1915540,cust_765046,2,2023-09-10 00:00:00,click,/features,campaign_20,2023-09-28 00:00:00
touch_8041170,cust_765046,4,2023-09-19 00:00:00,content_download,/blog,,2023-09-28 00:00:00
touch_8467631,cust_765046,4,2023-09-28 00:00:00,content_download,/blog,,2023-09-28 00:00:00
touch_8290007,cust_449759,4,2023-04-04 00:00:00,click,/case-studies,,2023-05-14 00:00:00
touch_2315815,cust_449759,1,2023-05-14 00:00:00,click,/blog,campaign_21,2023-05-14 00:00:00
touch_3266062,cust_824586,3,2023-04-07 00:00:00,visit,/home,campaign_46,2023-06-02 00:00:00
touch_8352238,cust_824586,4,2023-04-21 00:00:00,click,/pricing,,2023-06-02 00:00:00
touch_6573197,cust_824586,8,2023-05-05 00:00:00,visit,/home,,2023-06-02 00:00:00
touch_8728026,cust_824586,5,2023-05-19 00:00:00,click,/demo,,2023-06-02 00:00:00
touch_8088706,cust_824586,3,2023-06-02 00:00:00,click,/demo,campaign_44,2023-06-02 00:00:00
touch_6923686,cust_934794,5,2023-01-02 00:00:00,form_submit,/blog,,2023-02-10 00:00:00
touch_9278963,cust_934794,8,2023-01-15 00:00:00,content_download,/blog,,2023-02-10 00:00:00
touch_9031098,cust_934794,1,2023-01-28 00:00:00,demo_request,/case-studies,campaign_41,2023-02-10 00:00:00
touch_3267363,cust_934794,2,2023-02-10 00:00:00,visit,/home,campaign_36,2023-02-10 00:00:00
touch_5286957,cust_348237,1,2023-06-08 00:00:00,click,/blog,campaign_27,2023-06-16 00:00:00
touch_1968191,cust_348237,1,2023-06-16 00:00:00,content_download,/pricing,campaign_21,2023-06-16 00:00:00
touch_6707521,cust_379766,7,2023-05-17 00:00:00,visit,/features,,2023-06-13 00:00:00
touch_1717135,cust_379766,6,2023-06-13 00:00:00,demo_request,/case-studies,,2023-06-13 00:00:00
touch_1235219,cust_338651,3,2023-07-13 00:00:00,demo_request,/home,campaign_1,2023-08-17 00:00:00
touch_6922990,cust_338651,5,2023-07-18 00:00:00,demo_request,/case-studies,,2023-08-17 00:00:00
touch_4076819,cust_338651,4,2023-07-24 00:00:00,form_submit,/pricing,,2023-08-17 00:00:00
touch_9116327,cust_338651,5,2023-07-30 00:00:00,form_submit,/case-studies,,2023-08-17 00:00:00
touch_7611522,cust_338651,5,2023-08-05 00:00:00,content_download,/features,,2023-08-17 00:00:00
touch_3156017,cust_338651,5,2023-08-11 00:00:00,demo_request,/features,,2023-08-17 00:00:00
touch_1752856,cust_338651,1,2023-08-17 00:00:00,form_submit,/home,campaign_30,2023-08-17 00:00:00
touch_6568146,cust_984642,1,2024-05-20 00:00:00,visit,/pricing,campaign_42,2024-07-03 00:00:00
touch_5295287,cust_984642,1,2024-07-03 00:00:00,click,/pricing,campaign_21,2024-07-03 00:00:00
touch_8507729,cust_863934,4,2023-10-15 00:00:00,content_download,/demo,,2023-11-18 00:00:00
touch_5205893,cust_863934,4,2023-10-26 00:00:00,click,/demo,,2023-11-18 00:00:00
touch_6617119,cust_863934,6,2023-11-06 00:00:00,demo_request,/demo,,2023-11-18 00:00:00
touch_4469813,cust_863934,4,2023-11-18 00:00:00,visit,/home,,2023-11-18 00:00:00
touch_8341765,cust_645175,6,2024-05-14 00:00:00,demo_request,/home,,2024-07-05 00:00:00
touch_8890532,cust_645175,2,2024-05-27 00:00:00,content_download,/home,campaign_41,2024-07-05 00:00:00
touch_4058955,cust_645175,7,2024-06-09 00:00:00,demo_request,/home,,2024-07-05 00:00:00
touch_7927911,cust_645175,8,2024-06-22 00:00:00,visit,/case-studies,,2024-07-05 00:00:00
touch_9076036,cust_645175,5,2024-07-05 00:00:00,form_submit,/demo,,2024-07-05 00:00:00
touch_9347270,cust_753425,5,2023-09-27 00:00:00,form_submit,/demo,,2023-11-18 00:00:00
touch_2511667,cust_753425,1,2023-10-05 00:00:00,content_download,/home,campaign_49,2023-11-18 00:00:00
touch_5862556,cust_753425,8,2023-10-14 00:00:00,click,/features,,2023-11-18 00:00:00
touch_9396191,cust_753425,3,2023-10-23 00:00:00,click,/case-studies,campaign_4,2023-11-18 00:00:00
touch_6842914,cust_753425,2,2023-10-31 00:00:00,click,/demo,campaign_37,2023-11-18 00:00:00
touch_3422763,cust_753425,3,2023-11-09 00:00:00,form_submit,/features,campaign_35,2023-11-18 00:00:00
touch_7371286,cust_753425,5,2023-11-18 00:00:00,content_download,/pricing,,2023-11-18 00:00:00
touch_2570626,cust_681343,8,2023-03-19 00:00:00,visit,/case-studies,,2023-05-11 00:00:00
touch_9767637,cust_681343,4,2023-03-29 00:00:00,click,/case-studies,,2023-05-11 00:00:00
touch_8738519,cust_681343,5,2023-04-09 00:00:00,content_download,/features,,2023-05-11 00:00:00
touch_7965880,cust_681343,8,2023-04-19 00:00:00,visit,/pricing,,2023-05-11 00:00:00
touch_2479205,cust_681343,5,2023-04-30 00:00:00,form_submit,/blog,,2023-05-11 00:00:00
touch_4432778,cust_681343,8,2023-05-11 00:00:00,content_download,/case-studies,,2023-05-11 00:00:00
touch_8405418,cust_974224,3,2022-12-19 00:00:00,form_submit,/demo,campaign_45,2023-01-01 00:00:00
touch_4740734,cust_974224,2,2022-12-23 00:00:00,demo_request,/home,campaign_38,2023-01-01 00:00:00
touch_6652152,cust_974224,2,2022-12-27 00:00:00,content_download,/demo,campaign_14,2023-01-01 00:00:00
touch_7607968,cust_974224,1,2023-01-01 00:00:00,click,/demo,campaign_10,2023-01-01 00:00:00
touch_2295544,cust_636004,3,2024-03-03 00:00:00,content_download,/features,campaign_4,2024-04-29 00:00:00
touch_8756451,cust_636004,1,2024-04-29 00:00:00,visit,/features,campaign_33,2024-04-29 00:00:00
touch_7105995,cust_346277,1,2024-11-07 00:00:00,click,/case-studies,campaign_47,2024-11-19 00:00:00
touch_5132884,cust_346277,1,2024-11-19 00:00:00,demo_request,/demo,campaign_24,2024-11-19 00:00:00
touch_6316747,cust_534572,7,2024-08-30 00:00:00,demo_request,/case-studies,,2024-10-06 00:00:00
touch_8393161,cust_534572,4,2024-09-17 00:00:00,content_download,/demo,,2024-10-06 00:00:00
touch_6614312,cust_534572,5,2024-10-06 00:00:00,form_submit,/features,,2024-10-06 00:00:00
touch_4055918,cust_907451,6,2023-03-14 00:00:00,demo_request,/blog,,2023-04-20 00:00:00
touch_6463635,cust_578634,8,2023-04-02 00:00:00,form_submit,/case-studies,,2023-05-17 00:00:00
touch_9023840,cust_578634,4,2023-04-09 00:00:00,visit,/home,,2023-05-17 00:00:00
touch_5148789,cust_578634,5,2023-04-17 00:00:00,click,/case-studies,,2023-05-17 00:00:00
touch_4559198,cust_578634,6,2023-04-24 00:00:00,click,/demo,,2023-05-17 00:00:00
touch_4272157,cust_578634,4,2023-05-02 00:00:00,content_download,/features,,2023-05-17 00:00:00
touch_3627379,cust_578634,4,2023-05-09 00:00:00,visit,/pricing,,2023-05-17 00:00:00
touch_9988298,cust_578634,9,2023-05-17 00:00:00,form_submit,/home,,2023-05-17 00:00:00
touch_3271762,cust_547470,6,2024-06-07 00:00:00,demo_request,/home,,2024-07-15 00:00:00
touch_3898794,cust_547470,4,2024-06-14 00:00:00,form_submit,/home,,2024-07-15 00:00:00
touch_6925603,cust_547470,5,2024-06-22 00:00:00,content_download,/home,,2024-07-15 00:00:00
touch_7116762,cust_547470,4,2024-06-29 00:00:00,form_submit,/blog,,2024-07-15 00:00:00
touch_3602792,cust_547470,5,2024-07-07 00:00:00,click,/case-studies,,2024-07-15 00:00:00
touch_3175100,cust_547470,6,2024-07-15 00:00:00,demo_request,/features,,2024-07-15 00:00:00
touch_8334649,cust_608136,1,2024-08-15 00:00:00,click,/home,campaign_43,2024-10-03 00:00:00
touch_3480382,cust_608136,1,2024-08-22 00:00:00,demo_request,/case-studies,campaign_12,2024-10-03 00:00:00
touch_4737912,cust_608136,5,2024-08-29 00:00:00,click,/features,,2024-10-03 00:00:00
touch_8362307,cust_608136,8,2024-09-05 00:00:00,demo_request,/blog,,2024-10-03 00:00:00
touch_7284146,cust_608136,4,2024-09-12 00:00:00,click,/features,,2024-10-03 00:00:00
touch_7877664,cust_608136,6,2024-09-19 00:00:00,form_submit,/demo,,2024-10-03 00:00:00
touch_7887693,cust_608136,8,2024-09-26 00:00:00,demo_request,/case-studies,,2024-10-03 00:00:00
touch_9369093,cust_608136,1,2024-10-03 00:00:00,form_submit,/demo,campaign_18,2024-10-03 00:00:00
touch_3531523,cust_258157,5,2023-07-29 00:00:00,demo_request,/pricing,,2023-08-25 00:00:00
touch_1164547,cust_258157,1,2023-08-03 00:00:00,visit,/blog,campaign_23,2023-08-25 00:00:00
touch_1826785,cust_258157,5,2023-08-08 00:00:00,demo_request,/blog,,2023-08-25 00:00:00
touch_9056135,cust_258157,1,2023-08-14 00:00:00,form_submit,/demo,campaign_48,2023-08-25 00:00:00
touch_6882425,cust_258157,2,2023-08-19 00:00:00,visit,/case-studies,campaign_44,2023-08-25 00:00:00
touch_2864190,cust_258157,5,2023-08-25 00:00:00,visit,/features,,2023-08-25 00:00:00
touch_8054268,cust_973349,5,2024-02-22 00:00:00,content_download,/blog,,2024-03-06 00:00:00
touch_8302145,cust_413118,2,2023-12-08 00:00:00,visit,/blog,campaign_14,2024-02-04 00:00:00
touch_8159988,cust_413118,4,2023-12-16 00:00:00,content_download,/pricing,,2024-02-04 00:00:00
touch_5960640,cust_413118,7,2023-12-24 00:00:00,content_download,/features,,2024-02-04 00:00:00
touch_4678538,cust_413118,2,2024-01-01 00:00:00,click,/features,campaign_29,2024-02-04 00:00:00
touch_7852215,cust_413118,4,2024-01-10 00:00:00,click,/pricing,,2024-02-04 00:00:00
touch_3481300,cust_413118,8,2024-01-18 00:00:00,click,/case-studies,,2024-02-04 00:00:00
touch_3856632,cust_413118,4,2024-01-26 00:00:00,demo_request,/home,,2024-02-04 00:00:00
touch_2245952,cust_413118,6,2024-02-04 00:00:00,form_submit,/home,,2024-02-04 00:00:00
touch_4468454,cust_130434,6,2024-01-14 00:00:00,demo_request,/case-studies,,2024-02-03 00:00:00
touch_5836861,cust_130434,4,2024-01-24 00:00:00,form_submit,/home,,2024-02-03 00:00:00
touch_3761351,cust_130434,6,2024-02-03 00:00:00,visit,/blog,,2024-02-03 00:00:00
touch_1065512,cust_513160,1,2024-08-22 00:00:00,form_submit,/demo,campaign_9,2024-08-29 00:00:00
touch_1443264,cust_513160,6,2024-08-23 00:00:00,demo_request,/demo,,2024-08-29 00:00:00
touch_8165002,cust_513160,7,2024-08-25 00:00:00,click,/blog,,2024-08-29 00:00:00
touch_6962669,cust_513160,1,2024-08-27 00:00:00,demo_request,/demo,campaign_29,2024-08-29 00:00:00
touch_7873454,cust_513160,1,2024-08-29 00:00:00,content_download,/home,campaign_37,2024-08-29 00:00:00
touch_2562526,cust_321941,7,2024-02-26 00:00:00,content_download,/features,,2024-04-10 00:00:00
touch_4889728,cust_321941,4,2024-03-05 00:00:00,content_download,/demo,,2024-04-10 00:00:00
touch_8402448,cust_321941,3,2024-03-14 00:00:00,demo_request,/blog,campaign_23,2024-04-10 00:00:00
touch_6023750,cust_321941,4,2024-03-23 00:00:00,demo_request,/case-studies,,2024-04-10 00:00:00
touch_6810876,cust_321941,5,2024-04-01 00:00:00,form_submit,/demo,,2024-04-10 00:00:00
touch_2899709,cust_321941,7,2024-04-10 00:00:00,demo_request,/blog,,2024-04-10 00:00:00
touch_7548199,cust_885408,3,2024-06-13 00:00:00,visit,/demo,campaign_16,2024-07-06 00:00:00
touch_6370937,cust_885408,7,2024-06-18 00:00:00,click,/features,,2024-07-06 00:00:00
touch_9010644,cust_885408,4,2024-06-24 00:00:00,content_download,/demo,,2024-07-06 00:00:00
touch_8358289,cust_885408,2,2024-06-30 00:00:00,click,/home,campaign_10,2024-07-06 00:00:00
touch_5599724,cust_885408,3,2024-07-06 00:00:00,demo_request,/demo,campaign_29,2024-07-06 00:00:00
touch_2365387,cust_309044,1,2022-12-21 00:00:00,demo_request,/blog,campaign_34,2023-01-21 00:00:00
touch_7263149,cust_309044,4,2022-12-27 00:00:00,content_download,/blog,,2023-01-21 00:00:00
touch_4706786,cust_309044,7,2023-01-02 00:00:00,click,/case-studies,,2023-01-21 00:00:00
touch_1679316,cust_309044,1,2023-01-08 00:00:00,visit,/home,campaign_21,2023-01-21 00:00:00
touch_6363493,cust_309044,5,2023-01-14 00:00:00,form_submit,/features,,2023-01-21 00:00:00
touch_7371718,cust_309044,4,2023-01-21 00:00:00,form_submit,/blog,,2023-01-21 00:00:00
touch_2126711,cust_275939,5,2024-08-18 00:00:00,demo_request,/pricing,,2024-09-12 00:00:00
touch_4102181,cust_275939,2,2024-08-23 00:00:00,form_submit,/demo,campaign_9,2024-09-12 00:00:00
touch_8874357,cust_275939,7,2024-08-28 00:00:00,visit,/pricing,,2024-09-12 00:00:00
touch_4930783,cust_275939,1,2024-09-02 00:00:00,click,/home,campaign_50,2024-09-12 00:00:00
touch_7818594,cust_275939,9,2024-09-07 00:00:00,form_submit,/pricing,,2024-09-12 00:00:00
touch_4267347,cust_275939,5,2024-09-12 00:00:00,form_submit,/blog,,2024-09-12 00:00:00
touch_1337833,cust_703766,6,2024-10-28 00:00:00,demo_request,/demo,,2024-11-24 00:00:00
touch_3624468,cust_703766,10,2024-10-31 00:00:00,demo_request,/pricing,,2024-11-24 00:00:00
touch_3013907,cust_703766,6,2024-11-04 00:00:00,demo_request,/demo,,2024-11-24 00:00:00
touch_9813864,cust_703766,8,2024-11-08 00:00:00,content_download,/blog,,2024-11-24 00:00:00
touch_6456227,cust_703766,4,2024-11-12 00:00:00,content_download,/blog,,2024-11-24 00:00:00
touch_3454509,cust_703766,5,2024-11-16 00:00:00,content_download,/pricing,,2024-11-24 00:00:00
touch_8129030,cust_703766,4,2024-11-20 00:00:00,click,/home,,2024-11-24 00:00:00
touch_8866212,cust_703766,5,2024-11-24 00:00:00,content_download,/pricing,,2024-11-24 00:00:00
touch_9380527,cust_991597,4,2024-10-28 00:00:00,demo_request,/demo,,2024-12-01 00:00:00
touch_6467748,cust_991597,4,2024-11-08 00:00:00,form_submit,/home,,2024-12-01 00:00:00
touch_1926920,cust_991597,6,2024-11-19 00:00:00,form_submit,/features,,2024-12-01 00:00:00
touch_8443889,cust_991597,5,2024-12-01 00:00:00,click,/blog,,2024-12-01 00:00:00
touch_1456381,cust_630538,7,2024-10-08 00:00:00,visit,/home,,2024-10-25 00:00:00
touch_4880952,cust_630538,8,2024-10-10 00:00:00,click,/case-studies,,2024-10-25 00:00:00
touch_7790770,cust_630538,8,2024-10-13 00:00:00,form_submit,/pricing,,2024-10-25 00:00:00
touch_3656481,cust_630538,4,2024-10-16 00:00:00,form_submit,/features,,2024-10-25 00:00:00
touch_1263396,cust_630538,3,2024-10-19 00:00:00,form_submit,/blog,campaign_20,2024-10-25 00:00:00
touch_6892640,cust_630538,5,2024-10-22 00:00:00,content_download,/demo,,2024-10-25 00:00:00
touch_8697601,cust_630538,4,2024-10-25 00:00:00,content_download,/features,,2024-10-25 00:00:00
touch_8420581,cust_260422,9,2024-02-06 00:00:00,click,/features,,2024-03-21 00:00:00
touch_6297094,cust_260422,6,2024-02-20 00:00:00,demo_request,/home,,2024-03-21 00:00:00
touch_8723444,cust_260422,5,2024-03-06 00:00:00,visit,/blog,,2024-03-21 00:00:00
touch_6102929,cust_260422,9,2024-03-21 00:00:00,visit,/demo,,2024-03-21 00:00:00
touch_4363522,cust_721254,7,2023-08-11 00:00:00,demo_request,/home,,2023-10-02 00:00:00
touch_7574693,cust_721254,3,2023-08-21 00:00:00,form_submit,/blog,campaign_41,2023-10-02 00:00:00
touch_8337996,cust_721254,4,2023-08-31 00:00:00,demo_request,/pricing,,2023-10-02 00:00:00
touch_7223641,cust_721254,7,2023-09-11 00:00:00,visit,/demo,,2023-10-02 00:00:00
touch_1403247,cust_721254,6,2023-09-21 00:00:00,form_submit,/home,,2023-10-02 00:00:00
touch_7857619,cust_721254,7,2023-10-02 00:00:00,demo_request,/demo,,2023-10-02 00:00:00
touch_3155733,cust_800646,7,2024-01-06 00:00:00,demo_request,/home,,2024-01-24 00:00:00
touch_5065656,cust_800646,2,2024-01-08 00:00:00,demo_request,/demo,campaign_2,2024-01-24 00:00:00
touch_4072936,cust_800646,6,2024-01-11 00:00:00,content_download,/blog,,2024-01-24 00:00:00
touch_4764716,cust_800646,8,2024-01-13 00:00:00,content_download,/blog,,2024-01-24 00:00:00
touch_3610403,cust_800646,7,2024-01-16 00:00:00,visit,/features,,2024-01-24 00:00:00
touch_3863016,cust_800646,9,2024-01-18 00:00:00,form_submit,/home,,2024-01-24 00:00:00
touch_2735182,cust_800646,2,2024-01-21 00:00:00,content_download,/pricing,campaign_1,2024-01-24 00:00:00
touch_4224851,cust_800646,4,2024-01-24 00:00:00,demo_request,/home,,2024-01-24 00:00:00
touch_7845054,cust_835244,8,2023-08-31 00:00:00,demo_request,/features,,2023-10-10 00:00:00
touch_9419810,cust_835244,5,2023-09-08 00:00:00,click,/demo,,2023-10-10 00:00:00
touch_9655206,cust_835244,6,2023-09-16 00:00:00,visit,/demo,,2023-10-10 00:00:00
touch_4337850,cust_835244,4,2023-09-24 00:00:00,demo_request,/demo,,2023-10-10 00:00:00
touch_7941798,cust_835244,4,2023-10-02 00:00:00,visit,/demo,,2023-10-10 00:00:00
touch_7230947,cust_835244,8,2023-10-10 00:00:00,form_submit,/blog,,2023-10-10 00:00:00
touch_6488569,cust_599219,6,2024-09-18 00:00:00,form_submit,/home,,2024-10-23 00:00:00
touch_6342728,cust_599219,6,2024-09-25 00:00:00,content_download,/demo,,2024-10-23 00:00:00
touch_3195107,cust_599219,7,2024-10-02 00:00:00,form_submit,/home,,2024-10-23 00:00:00
touch_4000361,cust_599219,2,2024-10-09 00:00:00,form_submit,/case-studies,campaign_48,2024-10-23 00:00:00
touch_9425407,cust_599219,4,2024-10-16 00:00:00,demo_request,/home,,2024-10-23 00:00:00
touch_6371339,cust_599219,6,2024-10-23 00:00:00,form_submit,/blog,,2024-10-23 00:00:00
touch_9127400,cust_486945,4,2024-04-13 00:00:00,demo_request,/features,,2024-04-29 00:00:00
touch_8929430,cust_486945,6,2024-04-15 00:00:00,click,/home,,2024-04-29 00:00:00
touch_3565504,cust_486945,4,2024-04-17 00:00:00,form_submit,/home,,2024-04-29 00:00:00
touch_5802618,cust_486945,1,2024-04-19 00:00:00,visit,/features,campaign_4,2024-04-29 00:00:00
touch_6083078,cust_486945,6,2024-04-22 00:00:00,demo_request,/pricing,,2024-04-29 00:00:00
touch_7358147,cust_486945,1,2024-04-24 00:00:00,visit,/blog,campaign_43,2024-04-29 00:00:00
touch_2922342,cust_486945,1,2024-04-26 00:00:00,visit,/features,campaign_41,2024-04-29 00:00:00
touch_7415719,cust_486945,4,2024-04-29 00:00:00,content_download,/home,,2024-04-29 00:00:00
touch_5621998,cust_341736,1,2023-03-17 00:00:00,content_download,/case-studies,campaign_42,2023-05-04 00:00:00
touch_1706189,cust_341736,3,2023-04-02 00:00:00,visit,/features,campaign_22,2023-05-04 00:00:00
touch_1569029,cust_341736,4,2023-04-18 00:00:00,demo_request,/blog,,2023-05-04 00:00:00
touch_9012088,cust_341736,1,2023-05-04 00:00:00,visit,/demo,campaign_37,2023-05-04 00:00:00
touch_6163197,cust_389930,9,2024-07-09 00:00:00,demo_request,/pricing,,2024-08-26 00:00:00
touch_9492781,cust_660081,1,2023-04-06 00:00:00,visit,/case-studies,campaign_15,2023-05-10 00:00:00
touch_7605885,cust_660081,6,2023-04-12 00:00:00,click,/blog,,2023-05-10 00:00:00
touch_5913732,cust_660081,2,2023-04-19 00:00:00,content_download,/pricing,campaign_11,2023-05-10 00:00:00
touch_6456075,cust_660081,2,2023-04-26 00:00:00,demo_request,/case-studies,campaign_7,2023-05-10 00:00:00
touch_9790885,cust_660081,4,2023-05-03 00:00:00,click,/pricing,,2023-05-10 00:00:00
touch_5979258,cust_660081,1,2023-05-10 00:00:00,click,/features,campaign_18,2023-05-10 00:00:00
touch_1590859,cust_112861,5,2024-07-09 00:00:00,visit,/case-studies,,2024-08-10 00:00:00
touch_6988894,cust_112861,1,2024-07-14 00:00:00,click,/blog,campaign_46,2024-08-10 00:00:00
touch_5583958,cust_112861,4,2024-07-19 00:00:00,demo_request,/blog,,2024-08-10 00:00:00
touch_7998094,cust_112861,6,2024-07-25 00:00:00,content_download,/case-studies,,2024-08-10 00:00:00
touch_6304580,cust_112861,1,2024-07-30 00:00:00,visit,/features,campaign_1,2024-08-10 00:00:00
touch_7316280,cust_112861,5,2024-08-04 00:00:00,visit,/case-studies,,2024-08-10 00:00:00
touch_9421521,cust_112861,4,2024-08-10 00:00:00,content_download,/pricing,,2024-08-10 00:00:00
touch_9406813,cust_615633,8,2023-02-07 00:00:00,visit,/demo,,2023-03-17 00:00:00
touch_2722135,cust_615633,8,2023-03-17 00:00:00,click,/home,,2023-03-17 00:00:00
touch_7370776,cust_901577,5,2024-01-15 00:00:00,demo_request,/home,,2024-03-02 00:00:00
touch_2609440,cust_901577,5,2024-01-30 00:00:00,form_submit,/home,,2024-03-02 00:00:00
touch_5234273,cust_901577,1,2024-02-15 00:00:00,form_submit,/features,campaign_27,2024-03-02 00:00:00
touch_3574710,cust_901577,5,2024-03-02 00:00:00,form_submit,/demo,,2024-03-02 00:00:00
touch_6858284,cust_549660,5,2023-10-26 00:00:00,click,/demo,,2023-11-09 00:00:00
touch_8405045,cust_549660,1,2023-10-30 00:00:00,content_download,/blog,campaign_33,2023-11-09 00:00:00
touch_3889293,cust_549660,4,2023-11-04 00:00:00,click,/blog,,2023-11-09 00:00:00
touch_9357931,cust_549660,5,2023-11-09 00:00:00,demo_request,/features,,2023-11-09 00:00:00
touch_2005410,cust_264686,1,2023-08-10 00:00:00,demo_request,/case-studies,campaign_33,2023-09-03 00:00:00
touch_8572438,cust_264686,5,2023-08-13 00:00:00,visit,/demo,,2023-09-03 00:00:00
touch_4698887,cust_264686,7,2023-08-16 00:00:00,visit,/features,,2023-09-03 00:00:00
touch_2577858,cust_264686,6,2023-08-20 00:00:00,content_download,/home,,2023-09-03 00:00:00
touch_3893896,cust_264686,7,2023-08-23 00:00:00,content_download,/home,,2023-09-03 00:00:00
touch_5235808,cust_264686,2,2023-08-27 00:00:00,content_download,/home,campaign_27,2023-09-03 00:00:00
touch_5444436,cust_264686,3,2023-08-30 00:00:00,form_submit,/home,campaign_24,2023-09-03 00:00:00
touch_5382810,cust_264686,1,2023-09-03 00:00:00,form_submit,/features,campaign_44,2023-09-03 00:00:00
touch_5795036,cust_841296,4,2023-09-02 00:00:00,form_submit,/features,,2023-10-17 00:00:00
touch_2921051,cust_841296,1,2023-09-24 00:00:00,click,/case-studies,campaign_30,2023-10-17 00:00:00
touch_5266286,cust_841296,1,2023-10-17 00:00:00,demo_request,/blog,campaign_32,2023-10-17 00:00:00
touch_4176777,cust_545790,1,2023-04-13 00:00:00,demo_request,/pricing,campaign_29,2023-04-28 00:00:00
touch_7579637,cust_545790,2,2023-04-15 00:00:00,form_submit,/case-studies,campaign_11,2023-04-28 00:00:00
touch_3912847,cust_545790,2,2023-04-18 00:00:00,content_download,/case-studies,campaign_27,2023-04-28 00:00:00
touch_9151087,cust_545790,1,2023-04-20 00:00:00,form_submit,/case-studies,campaign_44,2023-04-28 00:00:00
touch_8324231,cust_545790,1,2023-04-23 00:00:00,form_submit,/features,campaign_1,2023-04-28 00:00:00
touch_8303634,cust_545790,6,2023-04-25 00:00:00,visit,/pricing,,2023-04-28 00:00:00
touch_5738135,cust_545790,1,2023-04-28 00:00:00,click,/features,campaign_23,2023-04-28 00:00:00
touch_4312779,cust_885339,4,2024-07-05 00:00:00,click,/demo,,2024-08-05 00:00:00
touch_2481170,cust_885339,5,2024-07-11 00:00:00,click,/blog,,2024-08-05 00:00:00
touch_3061601,cust_885339,2,2024-07-17 00:00:00,form_submit,/features,campaign_5,2024-08-05 00:00:00
touch_6898403,cust_885339,7,2024-07-23 00:00:00,form_submit,/pricing,,2024-08-05 00:00:00
touch_7073818,cust_885339,7,2024-07-29 00:00:00,click,/demo,,2024-08-05 00:00:00
touch_7170509,cust_885339,4,2024-08-05 00:00:00,content_download,/blog,,2024-08-05 00:00:00
touch_9817964,cust_727086,5,2023-01-02 00:00:00,click,/case-studies,,2023-02-10 00:00:00
touch_2204955,cust_901909,6,2024-10-15 00:00:00,click,/demo,,2024-11-19 00:00:00
touch_4092557,cust_713762,9,2024-03-02 00:00:00,demo_request,/pricing,,2024-03-22 00:00:00
touch_2766980,cust_713762,4,2024-03-08 00:00:00,click,/pricing,,2024-03-22 00:00:00
touch_3656795,cust_713762,4,2024-03-15 00:00:00,content_download,/pricing,,2024-03-22 00:00:00
touch_7869034,cust_713762,9,2024-03-22 00:00:00,click,/demo,,2024-03-22 00:00:00
touch_5889223,cust_445824,5,2024-01-04 00:00:00,content_download,/blog,,2024-02-26 00:00:00
touch_9499489,cust_445824,3,2024-01-11 00:00:00,demo_request,/home,campaign_38,2024-02-26 00:00:00
touch_5913992,cust_445824,5,2024-01-19 00:00:00,content_download,/blog,,2024-02-26 00:00:00
touch_8680684,cust_445824,9,2024-01-26 00:00:00,form_submit,/blog,,2024-02-26 00:00:00
touch_5857486,cust_445824,5,2024-02-03 00:00:00,form_submit,/blog,,2024-02-26 00:00:00
touch_2223457,cust_445824,5,2024-02-10 00:00:00,click,/demo,,2024-02-26 00:00:00
touch_9303122,cust_445824,4,2024-02-18 00:00:00,click,/case-studies,,2024-02-26 00:00:00
touch_9466348,cust_445824,4,2024-02-26 00:00:00,form_submit,/case-studies,,2024-02-26 00:00:00
touch_7783660,cust_438977,6,2023-03-10 00:00:00,content_download,/demo,,2023-04-29 00:00:00
touch_4210985,cust_479353,6,2024-08-05 00:00:00,visit,/demo,,2024-09-29 00:00:00
touch_4462703,cust_479353,1,2024-08-23 00:00:00,visit,/demo,campaign_29,2024-09-29 00:00:00
touch_6730147,cust_479353,5,2024-09-10 00:00:00,click,/features,,2024-09-29 00:00:00
touch_4479124,cust_479353,6,2024-09-29 00:00:00,demo_request,/case-studies,,2024-09-29 00:00:00
touch_6350220,cust_227324,2,2023-01-11 00:00:00,visit,/blog,campaign_2,2023-01-30 00:00:00
touch_7758111,cust_227324,1,2023-01-17 00:00:00,form_submit,/blog,campaign_1,2023-01-30 00:00:00
touch_8103048,cust_227324,1,2023-01-23 00:00:00,click,/blog,campaign_4,2023-01-30 00:00:00
touch_4725910,cust_227324,7,2023-01-30 00:00:00,demo_request,/blog,,2023-01-30 00:00:00
touch_6932615,cust_982277,5,2023-04-08 00:00:00,form_submit,/case-studies,,2023-04-27 00:00:00
touch_9120577,cust_982277,7,2023-04-11 00:00:00,demo_request,/home,,2023-04-27 00:00:00
touch_5128371,cust_982277,3,2023-04-15 00:00:00,form_submit,/home,campaign_21,2023-04-27 00:00:00
touch_2416999,cust_982277,4,2023-04-19 00:00:00,visit,/case-studies,,2023-04-27 00:00:00
touch_8152244,cust_982277,3,2023-04-23 00:00:00,visit,/blog,campaign_27,2023-04-27 00:00:00
touch_7376280,cust_982277,2,2023-04-27 00:00:00,form_submit,/home,campaign_19,2023-04-27 00:00:00
touch_3929121,cust_975271,4,2024-04-30 00:00:00,click,/features,,2024-05-09 00:00:00
touch_9295609,cust_975271,7,2024-05-01 00:00:00,demo_request,/case-studies,,2024-05-09 00:00:00
touch_3426109,cust_975271,5,2024-05-03 00:00:00,form_submit,/home,,2024-05-09 00:00:00
touch_3456466,cust_975271,5,2024-05-04 00:00:00,content_download,/case-studies,,2024-05-09 00:00:00
touch_5105622,cust_975271,1,2024-05-06 00:00:00,form_submit,/home,campaign_27,2024-05-09 00:00:00
touch_2012429,cust_975271,1,2024-05-07 00:00:00,demo_request,/features,campaign_3,2024-05-09 00:00:00
touch_9054196,cust_975271,4,2024-05-09 00:00:00,demo_request,/blog,,2024-05-09 00:00:00
touch_3280831,cust_173201,6,2023-08-23 00:00:00,demo_request,/blog,,2023-10-10 00:00:00
touch_9013030,cust_173201,1,2023-08-29 00:00:00,form_submit,/pricing,campaign_28,2023-10-10 00:00:00
touch_8019577,cust_173201,4,2023-09-05 00:00:00,form_submit,/home,,2023-10-10 00:00:00
touch_4597434,cust_173201,9,2023-09-12 00:00:00,content_download,/blog,,2023-10-10 00:00:00
touch_7565483,cust_173201,1,2023-09-19 00:00:00,demo_request,/case-studies,campaign_11,2023-10-10 00:00:00
touch_1704176,cust_173201,1,2023-09-26 00:00:00,content_download,/pricing,campaign_31,2023-10-10 00:00:00
touch_1904575,cust_173201,9,2023-10-03 00:00:00,demo_request,/case-studies,,2023-10-10 00:00:00
touch_5707242,cust_173201,1,2023-10-10 00:00:00,click,/blog,campaign_2,2023-10-10 00:00:00
touch_3601371,cust_791998,4,2024-03-31 00:00:00,visit,/home,,2024-05-16 00:00:00
touch_7562442,cust_791998,3,2024-04-15 00:00:00,click,/demo,campaign_3,2024-05-16 00:00:00
touch_3974119,cust_791998,4,2024-04-30 00:00:00,form_submit,/demo,,2024-05-16 00:00:00
touch_6475517,cust_791998,4,2024-05-16 00:00:00,content_download,/blog,,2024-05-16 00:00:00
touch_8748493,cust_297816,7,2023-08-22 00:00:00,click,/blog,,2023-09-02 00:00:00
touch_6539410,cust_297816,1,2023-08-27 00:00:00,click,/pricing,campaign_39,2023-09-02 00:00:00
touch_3268011,cust_297816,2,2023-09-02 00:00:00,demo_request,/demo,campaign_43,2023-09-02 00:00:00
touch_1623653,cust_504832,4,2024-09-15 00:00:00,visit,/features,,2024-11-10 00:00:00
touch_5174531,cust_504832,5,2024-10-13 00:00:00,demo_request,/case-studies,,2024-11-10 00:00:00
touch_9209140,cust_504832,7,2024-11-10 00:00:00,form_submit,/features,,2024-11-10 00:00:00
touch_7741393,cust_561694,1,2023-02-24 00:00:00,form_submit,/features,campaign_39,2023-04-13 00:00:00
touch_1874295,cust_561694,2,2023-03-12 00:00:00,visit,/demo,campaign_41,2023-04-13 00:00:00
touch_3914196,cust_561694,7,2023-03-28 00:00:00,form_submit,/demo,,2023-04-13 00:00:00
touch_7896961,cust_561694,1,2023-04-13 00:00:00,demo_request,/blog,campaign_16,2023-04-13 00:00:00
touch_7132153,cust_377896,5,2023-10-14 00:00:00,visit,/features,,2023-12-13 00:00:00
touch_6640195,cust_377896,7,2023-10-22 00:00:00,demo_request,/pricing,,2023-12-13 00:00:00
touch_7054397,cust_377896,4,2023-10-31 00:00:00,visit,/home,,2023-12-13 00:00:00
touch_9385277,cust_377896,7,2023-11-08 00:00:00,content_download,/home,,2023-12-13 00:00:00
touch_1909520,cust_377896,5,2023-11-17 00:00:00,click,/home,,2023-12-13 00:00:00
touch_3429517,cust_377896,4,2023-11-25 00:00:00,visit,/case-studies,,2023-12-13 00:00:00
touch_4808785,cust_377896,7,2023-12-04 00:00:00,form_submit,/blog,,2023-12-13 00:00:00
touch_4237096,cust_377896,1,2023-12-13 00:00:00,click,/pricing,campaign_8,2023-12-13 00:00:00
touch_8055228,cust_853629,1,2024-03-25 00:00:00,form_submit,/home,campaign_8,2024-05-14 00:00:00
touch_6240906,cust_853629,1,2024-04-04 00:00:00,content_download,/home,campaign_6,2024-05-14 00:00:00
touch_4353703,cust_853629,7,2024-04-14 00:00:00,click,/features,,2024-05-14 00:00:00
touch_8294378,cust_853629,1,2024-04-24 00:00:00,click,/pricing,campaign_25,2024-05-14 00:00:00
touch_4474015,cust_853629,1,2024-05-04 00:00:00,visit,/demo,campaign_48,2024-05-14 00:00:00
touch_7481529,cust_853629,1,2024-05-14 00:00:00,content_download,/pricing,campaign_15,2024-05-14 00:00:00
touch_1880550,cust_203225,4,2024-09-09 00:00:00,demo_request,/pricing,,2024-10-10 00:00:00
touch_1130889,cust_203225,4,2024-10-10 00:00:00,visit,/demo,,2024-10-10 00:00:00
touch_5951010,cust_475876,4,2023-11-29 00:00:00,form_submit,/demo,,2024-01-19 00:00:00
touch_6611124,cust_475876,2,2024-01-19 00:00:00,visit,/blog,campaign_43,2024-01-19 00:00:00
touch_1194860,cust_501126,8,2024-09-18 00:00:00,visit,/features,,2024-09-26 00:00:00
touch_8398350,cust_501126,4,2024-09-19 00:00:00,click,/case-studies,,2024-09-26 00:00:00
touch_7999383,cust_501126,3,2024-09-21 00:00:00,click,/features,campaign_39,2024-09-26 00:00:00
touch_8916205,cust_501126,3,2024-09-22 00:00:00,content_download,/pricing,campaign_24,2024-09-26 00:00:00
touch_2835886,cust_501126,1,2024-09-24 00:00:00,click,/case-studies,campaign_2,2024-09-26 00:00:00
touch_4115861,cust_501126,8,2024-09-26 00:00:00,demo_request,/demo,,2024-09-26 00:00:00
touch_7949344,cust_943718,1,2024-04-08 00:00:00,form_submit,/case-studies,campaign_28,2024-04-21 00:00:00
touch_5946808,cust_943718,1,2024-04-09 00:00:00,demo_request,/pricing,campaign_13,2024-04-21 00:00:00
touch_8478464,cust_943718,3,2024-04-11 00:00:00,content_download,/demo,campaign_19,2024-04-21 00:00:00
touch_6050177,cust_943718,1,2024-04-13 00:00:00,demo_request,/home,campaign_24,2024-04-21 00:00:00
touch_9361356,cust_943718,4,2024-04-15 00:00:00,form_submit,/pricing,,2024-04-21 00:00:00
touch_9321332,cust_943718,1,2024-04-17 00:00:00,demo_request,/blog,campaign_32,2024-04-21 00:00:00
touch_6836386,cust_943718,5,2024-04-19 00:00:00,click,/demo,,2024-04-21 00:00:00
touch_8794524,cust_943718,2,2024-04-21 00:00:00,demo_request,/blog,campaign_46,2024-04-21 00:00:00
touch_5182131,cust_362246,4,2024-03-11 00:00:00,visit,/demo,,2024-04-12 00:00:00
touch_2901290,cust_362246,2,2024-04-12 00:00:00,visit,/home,campaign_17,2024-04-12 00:00:00
touch_3637613,cust_833247,5,2023-09-07 00:00:00,form_submit,/case-studies,,2023-10-30 00:00:00
touch_6230363,cust_833247,6,2023-10-03 00:00:00,form_submit,/features,,2023-10-30 00:00:00
touch_2247604,cust_833247,4,2023-10-30 00:00:00,click,/demo,,2023-10-30 00:00:00
touch_5424114,cust_881369,2,2024-03-30 00:00:00,visit,/blog,campaign_1,2024-05-23 00:00:00
touch_7749260,cust_881369,2,2024-05-23 00:00:00,demo_request,/features,campaign_20,2024-05-23 00:00:00
touch_6903630,cust_855948,5,2024-09-19 00:00:00,content_download,/case-studies,,2024-11-06 00:00:00
touch_4222168,cust_855948,6,2024-09-28 00:00:00,form_submit,/home,,2024-11-06 00:00:00
touch_2522726,cust_855948,7,2024-10-08 00:00:00,content_download,/demo,,2024-11-06 00:00:00
touch_2498797,cust_855948,7,2024-10-17 00:00:00,content_download,/home,,2024-11-06 00:00:00
touch_4461079,cust_855948,3,2024-10-27 00:00:00,visit,/home,campaign_7,2024-11-06 00:00:00
touch_8582208,cust_855948,5,2024-11-06 00:00:00,click,/blog,,2024-11-06 00:00:00
touch_9763534,cust_482584,3,2023-05-03 00:00:00,visit,/demo,campaign_11,2023-05-15 00:00:00
touch_5100194,cust_482584,1,2023-05-07 00:00:00,form_submit,/demo,campaign_38,2023-05-15 00:00:00
touch_8078147,cust_482584,3,2023-05-11 00:00:00,form_submit,/home,campaign_2,2023-05-15 00:00:00
touch_2070806,cust_482584,3,2023-05-15 00:00:00,form_submit,/features,campaign_9,2023-05-15 00:00:00
touch_8343174,cust_626169,6,2023-08-15 00:00:00,demo_request,/pricing,,2023-10-07 00:00:00
touch_2260315,cust_626169,7,2023-08-23 00:00:00,visit,/demo,,2023-10-07 00:00:00
touch_4452337,cust_626169,7,2023-09-01 00:00:00,form_submit,/case-studies,,2023-10-07 00:00:00
touch_2169655,cust_626169,1,2023-09-10 00:00:00,visit,/features,campaign_31,2023-10-07 00:00:00
touch_5892932,cust_626169,2,2023-09-19 00:00:00,content_download,/demo,campaign_10,2023-10-07 00:00:00
touch_9861210,cust_626169,2,2023-09-28 00:00:00,click,/pricing,campaign_15,2023-10-07 00:00:00
touch_8137510,cust_626169,1,2023-10-07 00:00:00,form_submit,/pricing,campaign_48,2023-10-07 00:00:00
touch_9576736,cust_591081,2,2023-01-21 00:00:00,form_submit,/demo,campaign_4,2023-03-19 00:00:00
touch_6833547,cust_591081,2,2023-03-19 00:00:00,visit,/case-studies,campaign_45,2023-03-19 00:00:00
touch_5682146,cust_114594,3,2023-08-13 00:00:00,content_download,/demo,campaign_21,2023-09-28 00:00:00
touch_9308858,cust_114594,1,2023-08-22 00:00:00,form_submit,/demo,campaign_17,2023-09-28 00:00:00
touch_4919503,cust_114594,3,2023-08-31 00:00:00,visit,/demo,campaign_49,2023-09-28 00:00:00
touch_6275986,cust_114594,7,2023-09-09 00:00:00,visit,/demo,,2023-09-28 00:00:00
touch_6428745,cust_114594,1,2023-09-18 00:00:00,form_submit,/home,campaign_7,2023-09-28 00:00:00
touch_4576814,cust_114594,3,2023-09-28 00:00:00,content_download,/case-studies,campaign_7,2023-09-28 00:00:00
touch_8135214,cust_213609,5,2024-10-05 00:00:00,click,/case-studies,,2024-11-22 00:00:00
touch_1199343,cust_213609,1,2024-10-21 00:00:00,content_download,/blog,campaign_39,2024-11-22 00:00:00
touch_1763581,cust_213609,7,2024-11-06 00:00:00,content_download,/blog,,2024-11-22 00:00:00
touch_6389340,cust_213609,5,2024-11-22 00:00:00,content_download,/case-studies,,2024-11-22 00:00:00
touch_9839713,cust_586819,1,2023-10-27 00:00:00,click,/home,campaign_18,2023-11-06 00:00:00
touch_6414185,cust_586819,1,2023-10-28 00:00:00,form_submit,/case-studies,campaign_19,2023-11-06 00:00:00
touch_9360241,cust_586819,4,2023-10-30 00:00:00,click,/pricing,,2023-11-06 00:00:00
touch_4739582,cust_586819,2,2023-11-01 00:00:00,form_submit,/case-studies,campaign_42,2023-11-06 00:00:00
touch_8865117,cust_586819,7,2023-11-02 00:00:00,click,/demo,,2023-11-06 00:00:00
touch_9016414,cust_586819,6,2023-11-04 00:00:00,visit,/home,,2023-11-06 00:00:00
touch_9421543,cust_586819,1,2023-11-06 00:00:00,form_submit,/pricing,campaign_24,2023-11-06 00:00:00
touch_9114925,cust_242254,8,2024-01-22 00:00:00,form_submit,/home,,2024-02-02 00:00:00
touch_1068736,cust_242254,2,2024-01-25 00:00:00,demo_request,/pricing,campaign_31,2024-02-02 00:00:00
touch_2939032,cust_242254,1,2024-01-29 00:00:00,demo_request,/features,campaign_40,2024-02-02 00:00:00
touch_8510968,cust_242254,8,2024-02-02 00:00:00,form_submit,/case-studies,,2024-02-02 00:00:00
touch_3837899,cust_535037,5,2024-09-08 00:00:00,demo_request,/home,,2024-11-01 00:00:00
touch_1545415,cust_997004,8,2023-11-15 00:00:00,demo_request,/features,,2024-01-07 00:00:00
touch_3569617,cust_997004,4,2023-11-25 00:00:00,demo_request,/home,,2024-01-07 00:00:00
touch_8497948,cust_997004,4,2023-12-06 00:00:00,click,/demo,,2024-01-07 00:00:00
touch_1832607,cust_997004,3,2023-12-16 00:00:00,content_download,/pricing,campaign_48,2024-01-07 00:00:00
touch_3884191,cust_997004,7,2023-12-27 00:00:00,form_submit,/home,,2024-01-07 00:00:00
touch_2591306,cust_997004,3,2024-01-07 00:00:00,visit,/blog,campaign_23,2024-01-07 00:00:00
touch_7395968,cust_228093,5,2024-04-01 00:00:00,click,/case-studies,,2024-04-10 00:00:00
touch_1435029,cust_228093,4,2024-04-03 00:00:00,demo_request,/blog,,2024-04-10 00:00:00
touch_1904717,cust_228093,10,2024-04-05 00:00:00,content_download,/blog,,2024-04-10 00:00:00
touch_2493674,cust_228093,6,2024-04-07 00:00:00,visit,/pricing,,2024-04-10 00:00:00
touch_8723390,cust_228093,6,2024-04-10 00:00:00,demo_request,/features,,2024-04-10 00:00:00
touch_3687551,cust_692002,4,2023-06-18 00:00:00,click,/pricing,,2023-07-30 00:00:00
touch_4110109,cust_692002,8,2023-07-09 00:00:00,form_submit,/demo,,2023-07-30 00:00:00
touch_3298534,cust_692002,4,2023-07-30 00:00:00,form_submit,/home,,2023-07-30 00:00:00
touch_8196063,cust_724932,8,2022-11-24 00:00:00,visit,/demo,,2023-01-03 00:00:00
touch_8725801,cust_724932,1,2022-12-07 00:00:00,visit,/features,campaign_6,2023-01-03 00:00:00
touch_3927103,cust_724932,1,2022-12-20 00:00:00,content_download,/case-studies,campaign_46,2023-01-03 00:00:00
touch_3415482,cust_724932,1,2023-01-03 00:00:00,click,/features,campaign_42,2023-01-03 00:00:00
touch_5267792,cust_115582,1,2023-12-12 00:00:00,click,/home,campaign_44,2024-01-02 00:00:00
touch_3534386,cust_115582,7,2023-12-15 00:00:00,visit,/blog,,2024-01-02 00:00:00
touch_1581936,cust_115582,2,2023-12-18 00:00:00,content_download,/blog,campaign_16,2024-01-02 00:00:00
touch_5377242,cust_115582,7,2023-12-21 00:00:00,visit,/features,,2024-01-02 00:00:00
touch_8639407,cust_115582,5,2023-12-24 00:00:00,visit,/blog,,2024-01-02 00:00:00
touch_5823255,cust_115582,5,2023-12-27 00:00:00,click,/features,,2024-01-02 00:00:00
touch_6524509,cust_115582,1,2023-12-30 00:00:00,demo_request,/pricing,campaign_43,2024-01-02 00:00:00
touch_4795425,cust_115582,6,2024-01-02 00:00:00,visit,/blog,,2024-01-02 00:00:00
touch_9249296,cust_599380,1,2024-03-06 00:00:00,content_download,/blog,campaign_46,2024-04-04 00:00:00
touch_7633395,cust_599380,5,2024-03-11 00:00:00,form_submit,/case-studies,,2024-04-04 00:00:00
touch_9196734,cust_599380,6,2024-03-17 00:00:00,click,/demo,,2024-04-04 00:00:00
touch_8614029,cust_599380,5,2024-03-23 00:00:00,click,/pricing,,2024-04-04 00:00:00
touch_2670087,cust_599380,4,2024-03-29 00:00:00,content_download,/case-studies,,2024-04-04 00:00:00
touch_3492894,cust_599380,1,2024-04-04 00:00:00,visit,/pricing,campaign_21,2024-04-04 00:00:00
touch_2235678,cust_790909,9,2024-06-04 00:00:00,click,/case-studies,,2024-06-17 00:00:00
touch_2793563,cust_790909,9,2024-06-17 00:00:00,visit,/demo,,2024-06-17 00:00:00
touch_1744091,cust_565108,1,2023-02-26 00:00:00,click,/features,campaign_26,2023-03-17 00:00:00
touch_5679491,cust_565108,9,2023-03-01 00:00:00,demo_request,/features,,2023-03-17 00:00:00
touch_2737911,cust_565108,5,2023-03-05 00:00:00,click,/pricing,,2023-03-17 00:00:00
touch_3115640,cust_565108,1,2023-03-09 00:00:00,click,/pricing,campaign_11,2023-03-17 00:00:00
touch_9121780,cust_565108,7,2023-03-13 00:00:00,click,/blog,,2023-03-17 00:00:00
touch_8960987,cust_565108,7,2023-03-17 00:00:00,visit,/case-studies,,2023-03-17 00:00:00
touch_2758701,cust_726410,5,2024-06-07 00:00:00,click,/demo,,2024-06-27 00:00:00
touch_9838096,cust_726410,1,2024-06-12 00:00:00,form_submit,/blog,campaign_29,2024-06-27 00:00:00
touch_4441038,cust_726410,8,2024-06-17 00:00:00,content_download,/blog,,2024-06-27 00:00:00
touch_4778080,cust_726410,1,2024-06-22 00:00:00,visit,/demo,campaign_48,2024-06-27 00:00:00
touch_3358186,cust_726410,5,2024-06-27 00:00:00,content_download,/case-studies,,2024-06-27 00:00:00
touch_4508790,cust_855855,2,2023-06-30 00:00:00,content_download,/home,campaign_24,2023-08-09 00:00:00
touch_8535305,cust_427704,1,2024-09-27 00:00:00,demo_request,/features,campaign_18,2024-11-12 00:00:00
touch_5133107,cust_427704,4,2024-11-12 00:00:00,demo_request,/home,,2024-11-12 00:00:00
touch_8342900,cust_874683,5,2023-12-13 00:00:00,click,/blog,,2024-01-17 00:00:00
touch_4746890,cust_874683,1,2023-12-24 00:00:00,click,/demo,campaign_4,2024-01-17 00:00:00
touch_5472514,cust_874683,5,2024-01-05 00:00:00,content_download,/pricing,,2024-01-17 00:00:00
touch_7144577,cust_874683,5,2024-01-17 00:00:00,form_submit,/features,,2024-01-17 00:00:00
touch_1255951,cust_886730,7,2024-02-03 00:00:00,visit,/features,,2024-03-09 00:00:00
touch_9517884,cust_335137,3,2023-03-23 00:00:00,demo_request,/pricing,campaign_14,2023-04-21 00:00:00
touch_2696473,cust_335137,8,2023-04-01 00:00:00,visit,/blog,,2023-04-21 00:00:00
touch_4006460,cust_335137,1,2023-04-11 00:00:00,demo_request,/case-studies,campaign_48,2023-04-21 00:00:00
touch_6402451,cust_335137,3,2023-04-21 00:00:00,visit,/pricing,campaign_47,2023-04-21 00:00:00
touch_3784517,cust_958182,4,2024-08-21 00:00:00,form_submit,/blog,,2024-09-28 00:00:00
touch_6940924,cust_958182,4,2024-08-30 00:00:00,click,/demo,,2024-09-28 00:00:00
touch_7225996,cust_958182,1,2024-09-09 00:00:00,content_download,/features,campaign_7,2024-09-28 00:00:00
touch_4940265,cust_958182,3,2024-09-18 00:00:00,click,/case-studies,campaign_3,2024-09-28 00:00:00
touch_1270732,cust_958182,4,2024-09-28 00:00:00,content_download,/demo,,2024-09-28 00:00:00
touch_7737549,cust_899444,1,2023-09-24 00:00:00,click,/pricing,campaign_6,2023-11-13 00:00:00
touch_2159104,cust_899444,1,2023-10-02 00:00:00,content_download,/case-studies,campaign_6,2023-11-13 00:00:00
touch_6576567,cust_899444,10,2023-10-10 00:00:00,form_submit,/case-studies,,2023-11-13 00:00:00
touch_5108788,cust_899444,2,2023-10-19 00:00:00,content_download,/pricing,campaign_47,2023-11-13 00:00:00
touch_4192921,cust_899444,1,2023-10-27 00:00:00,form_submit,/case-studies,campaign_4,2023-11-13 00:00:00
touch_9269398,cust_899444,2,2023-11-04 00:00:00,demo_request,/home,campaign_30,2023-11-13 00:00:00
touch_4605580,cust_899444,1,2023-11-13 00:00:00,content_download,/blog,campaign_41,2023-11-13 00:00:00
touch_3300598,cust_132146,3,2023-03-27 00:00:00,visit,/home,campaign_19,2023-04-04 00:00:00
touch_7225499,cust_132146,9,2023-03-29 00:00:00,demo_request,/pricing,,2023-04-04 00:00:00
touch_3413913,cust_132146,1,2023-04-01 00:00:00,visit,/demo,campaign_12,2023-04-04 00:00:00
touch_6009153,cust_132146,4,2023-04-04 00:00:00,click,/features,,2023-04-04 00:00:00
touch_9022559,cust_695164,1,2024-07-22 00:00:00,click,/pricing,campaign_24,2024-09-02 00:00:00
touch_6389984,cust_695164,7,2024-07-29 00:00:00,visit,/demo,,2024-09-02 00:00:00
touch_3254885,cust_695164,8,2024-08-05 00:00:00,demo_request,/case-studies,,2024-09-02 00:00:00
touch_6625209,cust_695164,5,2024-08-12 00:00:00,click,/demo,,2024-09-02 00:00:00
touch_8401391,cust_695164,6,2024-08-19 00:00:00,demo_request,/case-studies,,2024-09-02 00:00:00
touch_1406489,cust_695164,1,2024-08-26 00:00:00,content_download,/pricing,campaign_48,2024-09-02 00:00:00
touch_8997462,cust_695164,5,2024-09-02 00:00:00,demo_request,/case-studies,,2024-09-02 00:00:00
touch_6382489,cust_609253,2,2024-08-23 00:00:00,visit,/blog,campaign_7,2024-09-13 00:00:00
touch_5413309,cust_610271,8,2024-05-13 00:00:00,form_submit,/features,,2024-06-23 00:00:00
touch_8494353,cust_610271,4,2024-05-19 00:00:00,demo_request,/home,,2024-06-23 00:00:00
touch_8503822,cust_610271,6,2024-05-26 00:00:00,form_submit,/features,,2024-06-23 00:00:00
touch_1563987,cust_610271,10,2024-06-02 00:00:00,form_submit,/features,,2024-06-23 00:00:00
touch_7066019,cust_610271,1,2024-06-09 00:00:00,visit,/features,campaign_45,2024-06-23 00:00:00
touch_8043532,cust_610271,5,2024-06-16 00:00:00,content_download,/features,,2024-06-23 00:00:00
touch_3924090,cust_610271,2,2024-06-23 00:00:00,visit,/home,campaign_47,2024-06-23 00:00:00
touch_6300913,cust_901280,1,2023-08-02 00:00:00,demo_request,/case-studies,campaign_39,2023-09-19 00:00:00
touch_1594501,cust_901280,5,2023-08-10 00:00:00,visit,/home,,2023-09-19 00:00:00
touch_5320047,cust_901280,2,2023-08-18 00:00:00,visit,/features,campaign_3,2023-09-19 00:00:00
touch_1875154,cust_901280,3,2023-08-26 00:00:00,content_download,/case-studies,campaign_31,2023-09-19 00:00:00
touch_2210659,cust_901280,1,2023-09-03 00:00:00,form_submit,/features,campaign_28,2023-09-19 00:00:00
touch_9709844,cust_901280,3,2023-09-11 00:00:00,form_submit,/home,campaign_4,2023-09-19 00:00:00
touch_5929115,cust_901280,1,2023-09-19 00:00:00,visit,/home,campaign_19,2023-09-19 00:00:00
touch_8750436,cust_685864,2,2024-10-23 00:00:00,content_download,/blog,campaign_14,2024-11-15 00:00:00
touch_9984022,cust_685864,2,2024-10-26 00:00:00,content_download,/features,campaign_11,2024-11-15 00:00:00
touch_1317536,cust_685864,3,2024-10-30 00:00:00,form_submit,/blog,campaign_38,2024-11-15 00:00:00
touch_5731534,cust_685864,5,2024-11-03 00:00:00,content_download,/demo,,2024-11-15 00:00:00
touch_8440412,cust_685864,1,2024-11-07 00:00:00,content_download,/home,campaign_6,2024-11-15 00:00:00
touch_9897700,cust_685864,9,2024-11-11 00:00:00,visit,/case-studies,,2024-11-15 00:00:00
touch_6559996,cust_685864,7,2024-11-15 00:00:00,visit,/home,,2024-11-15 00:00:00
touch_2791256,cust_701253,2,2024-02-02 00:00:00,content_download,/features,campaign_12,2024-02-19 00:00:00
touch_7255647,cust_701253,2,2024-02-19 00:00:00,visit,/blog,campaign_44,2024-02-19 00:00:00
touch_1377414,cust_972442,1,2023-12-07 00:00:00,form_submit,/pricing,campaign_7,2024-01-06 00:00:00
touch_1361285,cust_972442,1,2024-01-06 00:00:00,content_download,/home,campaign_50,2024-01-06 00:00:00
touch_8261810,cust_456005,1,2023-07-23 00:00:00,form_submit,/demo,campaign_31,2023-08-15 00:00:00
touch_7497466,cust_456005,7,2023-07-26 00:00:00,click,/home,,2023-08-15 00:00:00
touch_4836940,cust_456005,5,2023-07-29 00:00:00,click,/case-studies,,2023-08-15 00:00:00
touch_8693470,cust_456005,2,2023-08-01 00:00:00,content_download,/demo,campaign_4,2023-08-15 00:00:00
touch_6155456,cust_456005,1,2023-08-05 00:00:00,content_download,/home,campaign_27,2023-08-15 00:00:00
touch_5907741,cust_456005,4,2023-08-08 00:00:00,form_submit,/demo,,2023-08-15 00:00:00
touch_5745542,cust_456005,5,2023-08-11 00:00:00,form_submit,/case-studies,,2023-08-15 00:00:00
touch_4020122,cust_456005,1,2023-08-15 00:00:00,form_submit,/case-studies,campaign_20,2023-08-15 00:00:00
touch_4107481,cust_862712,1,2024-09-03 00:00:00,demo_request,/home,campaign_6,2024-10-22 00:00:00
touch_8447954,cust_862712,6,2024-10-22 00:00:00,click,/features,,2024-10-22 00:00:00
touch_3636016,cust_758452,6,2024-03-25 00:00:00,demo_request,/demo,,2024-05-20 00:00:00
touch_6446132,cust_758452,6,2024-04-08 00:00:00,demo_request,/home,,2024-05-20 00:00:00
touch_5465335,cust_758452,5,2024-04-22 00:00:00,form_submit,/blog,,2024-05-20 00:00:00
touch_6129623,cust_758452,7,2024-05-06 00:00:00,visit,/home,,2024-05-20 00:00:00
touch_6193154,cust_758452,6,2024-05-20 00:00:00,content_download,/features,,2024-05-20 00:00:00
touch_3594882,cust_757685,4,2023-10-19 00:00:00,form_submit,/blog,,2023-11-20 00:00:00
touch_9441248,cust_757685,6,2023-10-27 00:00:00,content_download,/blog,,2023-11-20 00:00:00
touch_8995867,cust_757685,1,2023-11-04 00:00:00,click,/demo,campaign_26,2023-11-20 00:00:00
touch_9008451,cust_757685,5,2023-11-12 00:00:00,content_download,/features,,2023-11-20 00:00:00
touch_4452379,cust_757685,4,2023-11-20 00:00:00,content_download,/blog,,2023-11-20 00:00:00
touch_3483290,cust_425486,3,2024-03-21 00:00:00,form_submit,/home,campaign_37,2024-04-17 00:00:00
touch_8104387,cust_708519,4,2024-06-10 00:00:00,click,/blog,,2024-07-21 00:00:00
touch_6144087,cust_708519,4,2024-07-21 00:00:00,content_download,/demo,,2024-07-21 00:00:00
touch_7715547,cust_164879,7,2024-03-03 00:00:00,visit,/case-studies,,2024-04-06 00:00:00
touch_3021509,cust_164879,5,2024-03-07 00:00:00,demo_request,/pricing,,2024-04-06 00:00:00
touch_3746125,cust_164879,7,2024-03-12 00:00:00,content_download,/features,,2024-04-06 00:00:00
touch_4533194,cust_164879,1,2024-03-17 00:00:00,visit,/demo,campaign_28,2024-04-06 00:00:00
touch_9325145,cust_164879,7,2024-03-22 00:00:00,visit,/blog,,2024-04-06 00:00:00
touch_8054152,cust_164879,6,2024-03-27 00:00:00,content_download,/features,,2024-04-06 00:00:00
touch_1438857,cust_164879,4,2024-04-01 00:00:00,form_submit,/case-studies,,2024-04-06 00:00:00
touch_4566116,cust_164879,7,2024-04-06 00:00:00,demo_request,/case-studies,,2024-04-06 00:00:00
touch_6083680,cust_560767,3,2024-05-13 00:00:00,form_submit,/demo,campaign_31,2024-06-20 00:00:00
touch_2861987,cust_560767,9,2024-05-19 00:00:00,form_submit,/home,,2024-06-20 00:00:00
touch_8554468,cust_560767,3,2024-05-25 00:00:00,content_download,/home,campaign_9,2024-06-20 00:00:00
touch_1306548,cust_560767,9,2024-06-01 00:00:00,visit,/features,,2024-06-20 00:00:00
touch_5732832,cust_560767,3,2024-06-07 00:00:00,form_submit,/blog,campaign_19,2024-06-20 00:00:00
touch_6380600,cust_560767,1,2024-06-13 00:00:00,content_download,/features,campaign_9,2024-06-20 00:00:00
touch_4631757,cust_560767,3,2024-06-20 00:00:00,content_download,/features,campaign_18,2024-06-20 00:00:00
touch_6651049,cust_761532,1,2024-09-25 00:00:00,content_download,/demo,campaign_49,2024-10-24 00:00:00
touch_4531967,cust_761532,5,2024-10-02 00:00:00,click,/features,,2024-10-24 00:00:00
touch_4082714,cust_761532,5,2024-10-09 00:00:00,visit,/case-studies,,2024-10-24 00:00:00
touch_6602996,cust_761532,7,2024-10-16 00:00:00,visit,/blog,,2024-10-24 00:00:00
touch_1165496,cust_761532,8,2024-10-24 00:00:00,content_download,/pricing,,2024-10-24 00:00:00
touch_9857904,cust_731977,5,2023-04-11 00:00:00,click,/demo,,2023-06-03 00:00:00
touch_6485893,cust_731977,3,2023-04-18 00:00:00,demo_request,/blog,campaign_32,2023-06-03 00:00:00
touch_5575186,cust_731977,1,2023-04-26 00:00:00,click,/case-studies,campaign_42,2023-06-03 00:00:00
touch_7762610,cust_731977,9,2023-05-03 00:00:00,visit,/pricing,,2023-06-03 00:00:00
touch_8107988,cust_731977,4,2023-05-11 00:00:00,demo_request,/blog,,2023-06-03 00:00:00
touch_4144058,cust_731977,1,2023-05-18 00:00:00,content_download,/demo,campaign_44,2023-06-03 00:00:00
touch_5432588,cust_731977,7,2023-05-26 00:00:00,demo_request,/pricing,,2023-06-03 00:00:00
touch_5789406,cust_731977,5,2023-06-03 00:00:00,click,/case-studies,,2023-06-03 00:00:00
touch_9085712,cust_843266,5,2023-03-19 00:00:00,demo_request,/demo,,2023-03-28 00:00:00
touch_8253664,cust_843266,6,2023-03-20 00:00:00,form_submit,/pricing,,2023-03-28 00:00:00
touch_8835537,cust_843266,4,2023-03-22 00:00:00,demo_request,/features,,2023-03-28 00:00:00
touch_9237152,cust_843266,1,2023-03-24 00:00:00,visit,/demo,campaign_19,2023-03-28 00:00:00
touch_2084304,cust_843266,4,2023-03-26 00:00:00,demo_request,/home,,2023-03-28 00:00:00
touch_8186134,cust_843266,5,2023-03-28 00:00:00,demo_request,/features,,2023-03-28 00:00:00
touch_3912523,cust_818709,4,2024-04-24 00:00:00,form_submit,/blog,,2024-06-23 00:00:00
touch_7512867,cust_903373,1,2024-04-13 00:00:00,demo_request,/home,campaign_23,2024-05-12 00:00:00
touch_8993201,cust_903373,4,2024-04-27 00:00:00,demo_request,/home,,2024-05-12 00:00:00
touch_9550084,cust_903373,1,2024-05-12 00:00:00,click,/pricing,campaign_4,2024-05-12 00:00:00
touch_9789345,cust_652108,6,2022-12-21 00:00:00,visit,/pricing,,2023-02-08 00:00:00
touch_6165266,cust_652108,2,2022-12-28 00:00:00,demo_request,/home,campaign_10,2023-02-08 00:00:00
touch_9058519,cust_652108,2,2023-01-04 00:00:00,form_submit,/pricing,campaign_12,2023-02-08 00:00:00
touch_8251046,cust_652108,7,2023-01-11 00:00:00,demo_request,/case-studies,,2023-02-08 00:00:00
touch_5675948,cust_652108,1,2023-01-18 00:00:00,demo_request,/features,campaign_7,2023-02-08 00:00:00
touch_2514763,cust_652108,4,2023-01-25 00:00:00,content_download,/case-studies,,2023-02-08 00:00:00
touch_6913267,cust_652108,4,2023-02-01 00:00:00,demo_request,/blog,,2023-02-08 00:00:00
touch_3928367,cust_652108,6,2023-02-08 00:00:00,demo_request,/features,,2023-02-08 00:00:00
touch_2143724,cust_755087,4,2023-05-27 00:00:00,visit,/blog,,2023-06-19 00:00:00
touch_8753549,cust_755087,1,2023-05-30 00:00:00,demo_request,/home,campaign_17,2023-06-19 00:00:00
touch_6993287,cust_755087,4,2023-06-03 00:00:00,demo_request,/features,,2023-06-19 00:00:00
touch_2377560,cust_755087,1,2023-06-07 00:00:00,click,/home,campaign_13,2023-06-19 00:00:00
touch_1999252,cust_755087,6,2023-06-11 00:00:00,form_submit,/blog,,2023-06-19 00:00:00
touch_8251473,cust_755087,8,2023-06-15 00:00:00,content_download,/case-studies,,2023-06-19 00:00:00
touch_3586761,cust_755087,4,2023-06-19 00:00:00,click,/blog,,2023-06-19 00:00:00
touch_4486442,cust_570735,9,2023-06-30 00:00:00,content_download,/features,,2023-08-28 00:00:00
touch_5814928,cust_570735,7,2023-07-14 00:00:00,click,/blog,,2023-08-28 00:00:00
touch_7457672,cust_570735,4,2023-07-29 00:00:00,click,/demo,,2023-08-28 00:00:00
touch_5048699,cust_570735,5,2023-08-13 00:00:00,form_submit,/case-studies,,2023-08-28 00:00:00
touch_6444267,cust_570735,9,2023-08-28 00:00:00,visit,/case-studies,,2023-08-28 00:00:00
touch_8525469,cust_561999,6,2024-04-10 00:00:00,content_download,/pricing,,2024-04-17 00:00:00
touch_2330787,cust_561999,5,2024-04-12 00:00:00,content_download,/blog,,2024-04-17 00:00:00
touch_2251915,cust_561999,2,2024-04-14 00:00:00,content_download,/pricing,campaign_23,2024-04-17 00:00:00
touch_6536591,cust_561999,4,2024-04-17 00:00:00,form_submit,/pricing,,2024-04-17 00:00:00
touch_3444270,cust_772324,1,2024-04-03 00:00:00,form_submit,/case-studies,campaign_41,2024-05-07 00:00:00
touch_9573604,cust_772324,2,2024-04-20 00:00:00,click,/case-studies,campaign_30,2024-05-07 00:00:00
touch_8740454,cust_772324,1,2024-05-07 00:00:00,content_download,/blog,campaign_16,2024-05-07 00:00:00
touch_3876733,cust_571145,1,2024-04-25 00:00:00,demo_request,/demo,campaign_29,2024-06-09 00:00:00
touch_9180451,cust_571145,1,2024-05-06 00:00:00,content_download,/features,campaign_32,2024-06-09 00:00:00
touch_7434899,cust_571145,6,2024-05-17 00:00:00,demo_request,/home,,2024-06-09 00:00:00
touch_1302191,cust_571145,1,2024-05-28 00:00:00,content_download,/demo,campaign_46,2024-06-09 00:00:00
touch_7327602,cust_571145,6,2024-06-09 00:00:00,demo_request,/demo,,2024-06-09 00:00:00
touch_6314075,cust_515712,2,2024-05-11 00:00:00,content_download,/pricing,campaign_5,2024-05-29 00:00:00
touch_1842142,cust_515712,5,2024-05-14 00:00:00,click,/home,,2024-05-29 00:00:00
touch_5427046,cust_515712,2,2024-05-18 00:00:00,visit,/case-studies,campaign_1,2024-05-29 00:00:00
touch_2716049,cust_515712,4,2024-05-21 00:00:00,demo_request,/home,,2024-05-29 00:00:00
touch_5694772,cust_515712,1,2024-05-25 00:00:00,click,/case-studies,campaign_16,2024-05-29 00:00:00
touch_4020442,cust_515712,10,2024-05-29 00:00:00,content_download,/features,,2024-05-29 00:00:00
touch_7638035,cust_929822,2,2023-04-20 00:00:00,click,/features,campaign_21,2023-05-30 00:00:00
touch_4515050,cust_929822,1,2023-04-25 00:00:00,form_submit,/pricing,campaign_5,2023-05-30 00:00:00
touch_1509196,cust_929822,5,2023-05-01 00:00:00,visit,/case-studies,,2023-05-30 00:00:00
touch_6069116,cust_929822,3,2023-05-07 00:00:00,form_submit,/demo,campaign_29,2023-05-30 00:00:00
touch_2537272,cust_929822,7,2023-05-12 00:00:00,click,/demo,,2023-05-30 00:00:00
touch_1777145,cust_929822,1,2023-05-18 00:00:00,visit,/case-studies,campaign_45,2023-05-30 00:00:00
touch_4197033,cust_929822,4,2023-05-24 00:00:00,visit,/demo,,2023-05-30 00:00:00
touch_1465880,cust_929822,8,2023-05-30 00:00:00,content_download,/pricing,,2023-05-30 00:00:00
touch_8470975,cust_183074,5,2023-01-02 00:00:00,click,/demo,,2023-01-20 00:00:00
touch_1743047,cust_227767,4,2023-01-27 00:00:00,visit,/home,,2023-02-18 00:00:00
touch_5855738,cust_227767,1,2023-02-03 00:00:00,demo_request,/pricing,campaign_27,2023-02-18 00:00:00
touch_3651861,cust_227767,1,2023-02-10 00:00:00,click,/case-studies,campaign_44,2023-02-18 00:00:00
touch_1001447,cust_227767,1,2023-02-18 00:00:00,content_download,/home,campaign_14,2023-02-18 00:00:00
touch_8153068,cust_702980,4,2023-08-08 00:00:00,content_download,/home,,2023-09-05 00:00:00
touch_6252817,cust_702980,1,2023-08-12 00:00:00,visit,/features,campaign_16,2023-09-05 00:00:00
touch_1695012,cust_702980,3,2023-08-17 00:00:00,form_submit,/demo,campaign_6,2023-09-05 00:00:00
touch_1519061,cust_702980,1,2023-08-22 00:00:00,visit,/features,campaign_22,2023-09-05 00:00:00
touch_6298762,cust_702980,1,2023-08-26 00:00:00,click,/home,campaign_46,2023-09-05 00:00:00
touch_6502557,cust_702980,1,2023-08-31 00:00:00,demo_request,/case-studies,campaign_27,2023-09-05 00:00:00
touch_3535074,cust_702980,4,2023-09-05 00:00:00,content_download,/demo,,2023-09-05 00:00:00
touch_9294566,cust_648913,7,2023-11-08 00:00:00,content_download,/blog,,2024-01-05 00:00:00
touch_1833582,cust_648913,4,2023-11-27 00:00:00,form_submit,/features,,2024-01-05 00:00:00
touch_6574849,cust_648913,8,2023-12-16 00:00:00,content_download,/pricing,,2024-01-05 00:00:00
touch_6870977,cust_648913,4,2024-01-05 00:00:00,visit,/features,,2024-01-05 00:00:00
touch_5377829,cust_766549,1,2024-01-14 00:00:00,visit,/demo,campaign_38,2024-02-01 00:00:00
touch_9392508,cust_766549,7,2024-01-23 00:00:00,content_download,/home,,2024-02-01 00:00:00
touch_6662471,cust_766549,6,2024-02-01 00:00:00,form_submit,/home,,2024-02-01 00:00:00
touch_2942951,cust_710169,1,2023-10-30 00:00:00,form_submit,/blog,campaign_36,2023-12-07 00:00:00
touch_2629693,cust_710169,6,2023-11-18 00:00:00,content_download,/home,,2023-12-07 00:00:00
touch_1353349,cust_710169,4,2023-12-07 00:00:00,visit,/blog,,2023-12-07 00:00:00
touch_9222666,cust_291132,3,2023-03-31 00:00:00,visit,/blog,campaign_11,2023-05-19 00:00:00
touch_7399105,cust_291132,4,2023-04-07 00:00:00,form_submit,/home,,2023-05-19 00:00:00
touch_5860226,cust_291132,2,2023-04-14 00:00:00,visit,/features,campaign_18,2023-05-19 00:00:00
touch_5371754,cust_291132,6,2023-04-21 00:00:00,click,/case-studies,,2023-05-19 00:00:00
touch_1315114,cust_291132,4,2023-04-28 00:00:00,demo_request,/blog,,2023-05-19 00:00:00
touch_6814120,cust_291132,1,2023-05-05 00:00:00,visit,/home,campaign_22,2023-05-19 00:00:00
touch_4813975,cust_291132,6,2023-05-12 00:00:00,content_download,/case-studies,,2023-05-19 00:00:00
touch_7963399,cust_291132,8,2023-05-19 00:00:00,click,/demo,,2023-05-19 00:00:00
touch_5920995,cust_425138,4,2024-04-26 00:00:00,click,/features,,2024-06-11 00:00:00
touch_9470972,cust_425138,1,2024-05-07 00:00:00,visit,/features,campaign_10,2024-06-11 00:00:00
touch_1093582,cust_425138,7,2024-05-19 00:00:00,content_download,/demo,,2024-06-11 00:00:00
touch_2318624,cust_425138,5,2024-05-30 00:00:00,content_download,/case-studies,,2024-06-11 00:00:00
touch_8200339,cust_425138,4,2024-06-11 00:00:00,demo_request,/home,,2024-06-11 00:00:00
touch_8925687,cust_150126,6,2024-10-12 00:00:00,click,/case-studies,,2024-11-02 00:00:00
touch_8843817,cust_150126,8,2024-10-17 00:00:00,content_download,/demo,,2024-11-02 00:00:00
touch_1794762,cust_150126,6,2024-10-22 00:00:00,form_submit,/features,,2024-11-02 00:00:00
touch_8700573,cust_150126,1,2024-10-27 00:00:00,visit,/features,campaign_3,2024-11-02 00:00:00
touch_9293212,cust_150126,6,2024-11-02 00:00:00,content_download,/home,,2024-11-02 00:00:00
touch_2860290,cust_295892,4,2024-04-02 00:00:00,demo_request,/home,,2024-05-23 00:00:00
touch_8529239,cust_295892,8,2024-05-23 00:00:00,content_download,/blog,,2024-05-23 00:00:00
touch_7169371,cust_962287,1,2023-06-16 00:00:00,form_submit,/demo,campaign_28,2023-07-04 00:00:00
touch_8178873,cust_962287,1,2023-06-20 00:00:00,content_download,/demo,campaign_3,2023-07-04 00:00:00
touch_9189026,cust_962287,4,2023-06-25 00:00:00,click,/case-studies,,2023-07-04 00:00:00
touch_3672979,cust_962287,1,2023-06-29 00:00:00,click,/blog,campaign_49,2023-07-04 00:00:00
touch_2968307,cust_962287,1,2023-07-04 00:00:00,form_submit,/pricing,campaign_1,2023-07-04 00:00:00
touch_8591272,cust_823270,5,2024-03-16 00:00:00,click,/case-studies,,2024-03-30 00:00:00
touch_9141592,cust_823270,3,2024-03-23 00:00:00,demo_request,/pricing,campaign_13,2024-03-30 00:00:00
touch_8782397,cust_823270,5,2024-03-30 00:00:00,form_submit,/case-studies,,2024-03-30 00:00:00
touch_2715606,cust_160144,3,2023-02-06 00:00:00,click,/case-studies,campaign_50,2023-03-18 00:00:00
touch_5489668,cust_919264,2,2024-02-24 00:00:00,form_submit,/case-studies,campaign_30,2024-03-24 00:00:00
touch_1490844,cust_571778,4,2023-12-02 00:00:00,visit,/pricing,,2024-01-15 00:00:00
touch_3771126,cust_571778,5,2023-12-09 00:00:00,form_submit,/demo,,2024-01-15 00:00:00
touch_2020526,cust_571778,6,2023-12-16 00:00:00,demo_request,/pricing,,2024-01-15 00:00:00
touch_1244233,cust_571778,4,2023-12-24 00:00:00,demo_request,/blog,,2024-01-15 00:00:00
touch_7000810,cust_571778,1,2023-12-31 00:00:00,content_download,/case-studies,campaign_3,2024-01-15 00:00:00
touch_7768461,cust_571778,6,2024-01-07 00:00:00,click,/case-studies,,2024-01-15 00:00:00
touch_7680974,cust_571778,1,2024-01-15 00:00:00,click,/demo,campaign_4,2024-01-15 00:00:00
touch_2771823,cust_218959,5,2022-12-28 00:00:00,form_submit,/home,,2023-01-27 00:00:00
touch_7354954,cust_218959,3,2023-01-07 00:00:00,visit,/demo,campaign_46,2023-01-27 00:00:00
touch_7809358,cust_218959,4,2023-01-17 00:00:00,form_submit,/blog,,2023-01-27 00:00:00
touch_4235692,cust_218959,8,2023-01-27 00:00:00,content_download,/home,,2023-01-27 00:00:00
touch_7303479,cust_741599,4,2023-08-25 00:00:00,demo_request,/demo,,2023-10-20 00:00:00
touch_3420841,cust_741599,1,2023-09-22 00:00:00,visit,/blog,campaign_10,2023-10-20 00:00:00
touch_5628964,cust_741599,4,2023-10-20 00:00:00,form_submit,/home,,2023-10-20 00:00:00
touch_1307716,cust_192055,5,2024-10-29 00:00:00,demo_request,/demo,,2024-11-29 00:00:00
touch_9355351,cust_768676,1,2023-04-30 00:00:00,visit,/blog,campaign_13,2023-06-28 00:00:00
touch_5823581,cust_768676,5,2023-05-08 00:00:00,visit,/home,,2023-06-28 00:00:00
touch_1074924,cust_768676,9,2023-05-16 00:00:00,content_download,/demo,,2023-06-28 00:00:00
touch_5913595,cust_768676,3,2023-05-25 00:00:00,demo_request,/features,campaign_16,2023-06-28 00:00:00
touch_4882892,cust_768676,7,2023-06-02 00:00:00,visit,/home,,2023-06-28 00:00:00
touch_2039812,cust_768676,2,2023-06-11 00:00:00,click,/case-studies,campaign_21,2023-06-28 00:00:00
touch_7947256,cust_768676,7,2023-06-19 00:00:00,visit,/case-studies,,2023-06-28 00:00:00
touch_9329871,cust_768676,1,2023-06-28 00:00:00,visit,/demo,campaign_18,2023-06-28 00:00:00
touch_1089167,cust_486831,7,2024-03-17 00:00:00,form_submit,/features,,2024-04-23 00:00:00
touch_1854612,cust_486831,4,2024-03-29 00:00:00,form_submit,/case-studies,,2024-04-23 00:00:00
touch_5069835,cust_486831,4,2024-04-10 00:00:00,visit,/features,,2024-04-23 00:00:00
touch_3122120,cust_486831,7,2024-04-23 00:00:00,content_download,/case-studies,,2024-04-23 00:00:00
touch_7179525,cust_529322,4,2024-07-25 00:00:00,visit,/pricing,,2024-08-11 00:00:00
touch_1837741,cust_918164,1,2024-05-29 00:00:00,visit,/blog,campaign_35,2024-07-18 00:00:00
touch_9089921,cust_269834,8,2023-10-20 00:00:00,click,/blog,,2023-11-27 00:00:00
touch_1003987,cust_269834,4,2023-10-27 00:00:00,demo_request,/features,,2023-11-27 00:00:00
touch_6158270,cust_269834,1,2023-11-04 00:00:00,visit,/demo,campaign_11,2023-11-27 00:00:00
touch_9411652,cust_269834,4,2023-11-11 00:00:00,form_submit,/home,,2023-11-27 00:00:00
touch_6779320,cust_269834,4,2023-11-19 00:00:00,form_submit,/pricing,,2023-11-27 00:00:00
touch_7215142,cust_269834,8,2023-11-27 00:00:00,click,/blog,,2023-11-27 00:00:00
touch_7204114,cust_387782,4,2023-04-28 00:00:00,visit,/home,,2023-05-09 00:00:00
touch_3634041,cust_387782,1,2023-04-30 00:00:00,form_submit,/demo,campaign_6,2023-05-09 00:00:00
touch_8343622,cust_387782,1,2023-05-02 00:00:00,demo_request,/blog,campaign_31,2023-05-09 00:00:00
touch_6796972,cust_387782,5,2023-05-04 00:00:00,visit,/case-studies,,2023-05-09 00:00:00
touch_4494092,cust_387782,3,2023-05-06 00:00:00,demo_request,/case-studies,campaign_45,2023-05-09 00:00:00
touch_9901963,cust_387782,4,2023-05-09 00:00:00,form_submit,/home,,2023-05-09 00:00:00
touch_2708399,cust_855638,6,2024-08-13 00:00:00,click,/home,,2024-09-11 00:00:00
touch_1699855,cust_377511,4,2024-09-20 00:00:00,form_submit,/case-studies,,2024-10-28 00:00:00
touch_4570879,cust_606404,4,2023-08-28 00:00:00,click,/pricing,,2023-09-08 00:00:00
touch_3439394,cust_606404,4,2023-08-30 00:00:00,content_download,/blog,,2023-09-08 00:00:00
touch_5449793,cust_606404,4,2023-09-01 00:00:00,content_download,/pricing,,2023-09-08 00:00:00
touch_4406862,cust_606404,4,2023-09-03 00:00:00,visit,/blog,,2023-09-08 00:00:00
touch_7201405,cust_606404,8,2023-09-05 00:00:00,click,/pricing,,2023-09-08 00:00:00
touch_7299406,cust_606404,4,2023-09-08 00:00:00,visit,/features,,2023-09-08 00:00:00
touch_1761129,cust_736129,2,2023-05-09 00:00:00,content_download,/home,campaign_10,2023-05-28 00:00:00
touch_3065246,cust_736129,2,2023-05-12 00:00:00,click,/demo,campaign_14,2023-05-28 00:00:00
touch_5984128,cust_736129,5,2023-05-15 00:00:00,demo_request,/home,,2023-05-28 00:00:00
touch_6250224,cust_736129,1,2023-05-18 00:00:00,demo_request,/home,campaign_37,2023-05-28 00:00:00
touch_8218461,cust_736129,2,2023-05-21 00:00:00,content_download,/blog,campaign_19,2023-05-28 00:00:00
touch_8225598,cust_736129,7,2023-05-24 00:00:00,form_submit,/pricing,,2023-05-28 00:00:00
touch_4270865,cust_736129,3,2023-05-28 00:00:00,visit,/case-studies,campaign_20,2023-05-28 00:00:00
touch_5696756,cust_211341,9,2023-10-03 00:00:00,form_submit,/demo,,2023-11-23 00:00:00
touch_2968651,cust_211341,4,2023-10-13 00:00:00,form_submit,/home,,2023-11-23 00:00:00
touch_6362242,cust_211341,6,2023-10-23 00:00:00,visit,/features,,2023-11-23 00:00:00
touch_4904235,cust_211341,3,2023-11-02 00:00:00,visit,/blog,campaign_29,2023-11-23 00:00:00
touch_9034996,cust_211341,5,2023-11-12 00:00:00,content_download,/pricing,,2023-11-23 00:00:00
touch_1777932,cust_211341,2,2023-11-23 00:00:00,click,/pricing,campaign_1,2023-11-23 00:00:00
touch_4724852,cust_538446,2,2023-08-27 00:00:00,demo_request,/blog,campaign_41,2023-09-12 00:00:00
touch_2738870,cust_538446,6,2023-08-31 00:00:00,demo_request,/demo,,2023-09-12 00:00:00
touch_3435644,cust_538446,1,2023-09-04 00:00:00,form_submit,/home,campaign_40,2023-09-12 00:00:00
touch_3576306,cust_538446,5,2023-09-08 00:00:00,content_download,/home,,2023-09-12 00:00:00
touch_1406861,cust_538446,8,2023-09-12 00:00:00,form_submit,/pricing,,2023-09-12 00:00:00
touch_6087061,cust_423528,3,2024-04-23 00:00:00,content_download,/home,campaign_32,2024-05-24 00:00:00
touch_7521275,cust_423528,5,2024-04-28 00:00:00,visit,/case-studies,,2024-05-24 00:00:00
touch_6276068,cust_423528,1,2024-05-03 00:00:00,content_download,/case-studies,campaign_33,2024-05-24 00:00:00
touch_8157504,cust_423528,5,2024-05-08 00:00:00,click,/demo,,2024-05-24 00:00:00
touch_6988179,cust_423528,4,2024-05-13 00:00:00,click,/demo,,2024-05-24 00:00:00
touch_1971131,cust_423528,1,2024-05-18 00:00:00,demo_request,/blog,campaign_10,2024-05-24 00:00:00
touch_1724135,cust_423528,3,2024-05-24 00:00:00,demo_request,/demo,campaign_2,2024-05-24 00:00:00
touch_3847525,cust_618934,5,2024-07-20 00:00:00,form_submit,/demo,,2024-09-03 00:00:00
touch_8830137,cust_618934,2,2024-09-03 00:00:00,form_submit,/home,campaign_34,2024-09-03 00:00:00
touch_9506193,cust_900961,1,2024-02-02 00:00:00,content_download,/pricing,campaign_26,2024-02-17 00:00:00
touch_3917003,cust_900961,4,2024-02-04 00:00:00,demo_request,/case-studies,,2024-02-17 00:00:00
touch_8107132,cust_900961,5,2024-02-07 00:00:00,demo_request,/blog,,2024-02-17 00:00:00
touch_1231049,cust_900961,3,2024-02-09 00:00:00,content_download,/demo,campaign_33,2024-02-17 00:00:00
touch_9784207,cust_900961,5,2024-02-12 00:00:00,visit,/pricing,,2024-02-17 00:00:00
touch_1787685,cust_900961,4,2024-02-14 00:00:00,form_submit,/case-studies,,2024-02-17 00:00:00
touch_5467089,cust_900961,3,2024-02-17 00:00:00,content_download,/features,campaign_33,2024-02-17 00:00:00
touch_2259609,cust_901535,5,2024-06-13 00:00:00,content_download,/blog,,2024-07-17 00:00:00
touch_2692200,cust_684929,4,2023-12-24 00:00:00,demo_request,/blog,,2024-01-10 00:00:00
touch_8430054,cust_684929,6,2024-01-01 00:00:00,visit,/pricing,,2024-01-10 00:00:00
touch_2045024,cust_684929,4,2024-01-10 00:00:00,demo_request,/pricing,,2024-01-10 00:00:00
touch_6800654,cust_644559,5,2024-03-01 00:00:00,form_submit,/features,,2024-04-12 00:00:00
touch_8651315,cust_644559,7,2024-03-11 00:00:00,demo_request,/blog,,2024-04-12 00:00:00
touch_5558809,cust_644559,1,2024-03-22 00:00:00,demo_request,/pricing,campaign_13,2024-04-12 00:00:00
touch_6340512,cust_644559,2,2024-04-01 00:00:00,demo_request,/demo,campaign_45,2024-04-12 00:00:00
touch_3273270,cust_644559,4,2024-04-12 00:00:00,content_download,/home,,2024-04-12 00:00:00
touch_9461660,cust_983532,6,2023-10-21 00:00:00,visit,/demo,,2023-11-03 00:00:00
touch_7962913,cust_983532,5,2023-10-27 00:00:00,form_submit,/home,,2023-11-03 00:00:00
touch_8994929,cust_983532,6,2023-11-03 00:00:00,form_submit,/pricing,,2023-11-03 00:00:00
touch_1144522,cust_447329,5,2024-10-11 00:00:00,click,/demo,,2024-11-20 00:00:00
touch_5046844,cust_787436,5,2024-06-28 00:00:00,content_download,/home,,2024-08-15 00:00:00
touch_9822878,cust_787436,1,2024-07-22 00:00:00,demo_request,/demo,campaign_2,2024-08-15 00:00:00
touch_2347136,cust_787436,1,2024-08-15 00:00:00,form_submit,/features,campaign_32,2024-08-15 00:00:00
touch_8375413,cust_254954,8,2024-11-06 00:00:00,click,/case-studies,,2024-11-28 00:00:00
touch_3803279,cust_254954,8,2024-11-28 00:00:00,visit,/demo,,2024-11-28 00:00:00
touch_5622848,cust_313795,2,2024-01-25 00:00:00,form_submit,/pricing,campaign_13,2024-02-25 00:00:00
touch_9334594,cust_313795,7,2024-01-31 00:00:00,demo_request,/pricing,,2024-02-25 00:00:00
touch_1654641,cust_313795,4,2024-02-06 00:00:00,form_submit,/case-studies,,2024-02-25 00:00:00
touch_9012676,cust_313795,7,2024-02-12 00:00:00,content_download,/demo,,2024-02-25 00:00:00
touch_9856305,cust_313795,1,2024-02-18 00:00:00,form_submit,/home,campaign_29,2024-02-25 00:00:00
touch_7727219,cust_313795,8,2024-02-25 00:00:00,form_submit,/home,,2024-02-25 00:00:00
touch_5937576,cust_688132,3,2023-11-01 00:00:00,content_download,/demo,campaign_9,2023-11-29 00:00:00
touch_9150018,cust_688132,3,2023-11-29 00:00:00,demo_request,/case-studies,campaign_21,2023-11-29 00:00:00
touch_6303203,cust_855944,2,2024-10-31 00:00:00,form_submit,/case-studies,campaign_20,2024-11-28 00:00:00
touch_6605273,cust_855944,1,2024-11-04 00:00:00,demo_request,/demo,campaign_26,2024-11-28 00:00:00
touch_3997343,cust_855944,4,2024-11-09 00:00:00,demo_request,/blog,,2024-11-28 00:00:00
touch_8771608,cust_855944,1,2024-11-14 00:00:00,click,/pricing,campaign_46,2024-11-28 00:00:00
touch_5551796,cust_855944,4,2024-11-18 00:00:00,visit,/demo,,2024-11-28 00:00:00
touch_2659151,cust_855944,5,2024-11-23 00:00:00,form_submit,/features,,2024-11-28 00:00:00
touch_9669861,cust_855944,2,2024-11-28 00:00:00,click,/demo,campaign_46,2024-11-28 00:00:00
touch_9818345,cust_412071,5,2023-09-11 00:00:00,click,/pricing,,2023-10-23 00:00:00
touch_4403907,cust_412071,5,2023-09-25 00:00:00,demo_request,/case-studies,,2023-10-23 00:00:00
touch_9803627,cust_412071,6,2023-10-09 00:00:00,content_download,/pricing,,2023-10-23 00:00:00
touch_5242695,cust_412071,5,2023-10-23 00:00:00,content_download,/case-studies,,2023-10-23 00:00:00
touch_8226445,cust_809489,3,2024-06-22 00:00:00,visit,/home,campaign_15,2024-07-10 00:00:00
touch_7256649,cust_809489,3,2024-06-25 00:00:00,content_download,/features,campaign_42,2024-07-10 00:00:00
touch_6237113,cust_809489,4,2024-06-28 00:00:00,click,/demo,,2024-07-10 00:00:00
touch_2328791,cust_809489,5,2024-07-01 00:00:00,form_submit,/blog,,2024-07-10 00:00:00
touch_3443744,cust_809489,1,2024-07-04 00:00:00,content_download,/pricing,campaign_41,2024-07-10 00:00:00
touch_7690564,cust_809489,3,2024-07-07 00:00:00,visit,/home,campaign_47,2024-07-10 00:00:00
touch_8179914,cust_809489,3,2024-07-10 00:00:00,content_download,/features,campaign_25,2024-07-10 00:00:00
touch_1608334,cust_182868,1,2023-11-07 00:00:00,demo_request,/home,campaign_1,2023-12-21 00:00:00
touch_7580491,cust_243941,2,2023-03-08 00:00:00,form_submit,/case-studies,campaign_38,2023-04-22 00:00:00
touch_6217409,cust_533377,5,2023-11-09 00:00:00,click,/home,,2023-12-05 00:00:00
touch_8961969,cust_533377,1,2023-11-14 00:00:00,demo_request,/features,campaign_26,2023-12-05 00:00:00
touch_9236189,cust_533377,1,2023-11-19 00:00:00,form_submit,/case-studies,campaign_45,2023-12-05 00:00:00
touch_1071275,cust_533377,1,2023-11-24 00:00:00,form_submit,/pricing,campaign_46,2023-12-05 00:00:00
touch_9496767,cust_533377,1,2023-11-29 00:00:00,content_download,/case-studies,campaign_13,2023-12-05 00:00:00
touch_4326839,cust_533377,5,2023-12-05 00:00:00,click,/home,,2023-12-05 00:00:00
touch_7708598,cust_598807,9,2024-04-01 00:00:00,demo_request,/home,,2024-05-03 00:00:00
touch_8506704,cust_598807,1,2024-04-06 00:00:00,visit,/case-studies,campaign_35,2024-05-03 00:00:00
touch_7778269,cust_598807,5,2024-04-11 00:00:00,visit,/home,,2024-05-03 00:00:00
touch_2563746,cust_598807,6,2024-04-17 00:00:00,click,/case-studies,,2024-05-03 00:00:00
touch_1015592,cust_598807,8,2024-04-22 00:00:00,click,/features,,2024-05-03 00:00:00
touch_1376597,cust_598807,1,2024-04-27 00:00:00,content_download,/features,campaign_12,2024-05-03 00:00:00
touch_8690378,cust_598807,9,2024-05-03 00:00:00,content_download,/features,,2024-05-03 00:00:00
touch_7944046,cust_874568,5,2023-01-13 00:00:00,form_submit,/pricing,,2023-02-08 00:00:00
touch_6974905,cust_874568,8,2023-01-21 00:00:00,visit,/features,,2023-02-08 00:00:00
touch_5772244,cust_874568,9,2023-01-30 00:00:00,content_download,/demo,,2023-02-08 00:00:00
touch_5418842,cust_874568,7,2023-02-08 00:00:00,visit,/home,,2023-02-08 00:00:00
touch_7274822,cust_403528,5,2023-02-01 00:00:00,demo_request,/features,,2023-02-08 00:00:00
touch_9363994,cust_403528,1,2023-02-02 00:00:00,form_submit,/features,campaign_39,2023-02-08 00:00:00
touch_9280290,cust_403528,5,2023-02-03 00:00:00,form_submit,/blog,,2023-02-08 00:00:00
touch_4142286,cust_403528,8,2023-02-04 00:00:00,visit,/features,,2023-02-08 00:00:00
touch_6775808,cust_403528,5,2023-02-05 00:00:00,form_submit,/pricing,,2023-02-08 00:00:00
touch_9882151,cust_403528,9,2023-02-06 00:00:00,click,/pricing,,2023-02-08 00:00:00
touch_2660439,cust_403528,5,2023-02-08 00:00:00,content_download,/features,,2023-02-08 00:00:00
touch_3246451,cust_617904,2,2023-05-10 00:00:00,demo_request,/demo,campaign_30,2023-05-18 00:00:00
touch_5947807,cust_617904,5,2023-05-12 00:00:00,form_submit,/pricing,,2023-05-18 00:00:00
touch_3440745,cust_617904,2,2023-05-15 00:00:00,demo_request,/case-studies,campaign_20,2023-05-18 00:00:00
touch_8659624,cust_617904,1,2023-05-18 00:00:00,demo_request,/demo,campaign_32,2023-05-18 00:00:00
touch_8926360,cust_114768,6,2023-10-21 00:00:00,content_download,/pricing,,2023-12-12 00:00:00
touch_7599224,cust_114768,2,2023-11-03 00:00:00,form_submit,/blog,campaign_31,2023-12-12 00:00:00
touch_9555281,cust_114768,1,2023-11-16 00:00:00,click,/case-studies,campaign_50,2023-12-12 00:00:00
touch_1170666,cust_114768,2,2023-11-29 00:00:00,content_download,/demo,campaign_41,2023-12-12 00:00:00
touch_2249513,cust_114768,5,2023-12-12 00:00:00,visit,/home,,2023-12-12 00:00:00
touch_3914897,cust_190951,9,2024-01-04 00:00:00,demo_request,/blog,,2024-02-15 00:00:00
touch_5154550,cust_190951,1,2024-01-10 00:00:00,visit,/demo,campaign_41,2024-02-15 00:00:00
touch_3031751,cust_190951,2,2024-01-16 00:00:00,click,/blog,campaign_9,2024-02-15 00:00:00
touch_9487937,cust_190951,4,2024-01-22 00:00:00,form_submit,/blog,,2024-02-15 00:00:00
touch_1844106,cust_190951,4,2024-01-28 00:00:00,click,/features,,2024-02-15 00:00:00
touch_2198545,cust_190951,4,2024-02-03 00:00:00,visit,/features,,2024-02-15 00:00:00
touch_8878118,cust_190951,5,2024-02-09 00:00:00,demo_request,/blog,,2024-02-15 00:00:00
touch_7067659,cust_190951,9,2024-02-15 00:00:00,demo_request,/case-studies,,2024-02-15 00:00:00
touch_6884501,cust_890371,5,2023-09-10 00:00:00,content_download,/features,,2023-10-01 00:00:00
touch_3472743,cust_890371,9,2023-09-15 00:00:00,click,/features,,2023-10-01 00:00:00
touch_5449961,cust_890371,2,2023-09-20 00:00:00,form_submit,/home,campaign_46,2023-10-01 00:00:00
touch_1450071,cust_890371,7,2023-09-25 00:00:00,demo_request,/home,,2023-10-01 00:00:00
touch_4631518,cust_890371,5,2023-10-01 00:00:00,visit,/case-studies,,2023-10-01 00:00:00
touch_5906655,cust_588002,4,2023-09-28 00:00:00,click,/features,,2023-11-11 00:00:00
touch_5521161,cust_588002,8,2023-10-12 00:00:00,form_submit,/blog,,2023-11-11 00:00:00
touch_8928643,cust_588002,1,2023-10-27 00:00:00,click,/case-studies,campaign_47,2023-11-11 00:00:00
touch_3743713,cust_588002,1,2023-11-11 00:00:00,visit,/case-studies,campaign_7,2023-11-11 00:00:00
touch_3553301,cust_409369,8,2023-12-25 00:00:00,visit,/case-studies,,2024-01-12 00:00:00
touch_6357568,cust_409369,8,2024-01-12 00:00:00,form_submit,/features,,2024-01-12 00:00:00
touch_4647524,cust_593699,6,2024-05-23 00:00:00,content_download,/case-studies,,2024-07-04 00:00:00
touch_1869887,cust_593699,9,2024-05-29 00:00:00,content_download,/home,,2024-07-04 00:00:00
touch_1474112,cust_593699,3,2024-06-04 00:00:00,content_download,/home,campaign_40,2024-07-04 00:00:00
touch_1334878,cust_593699,3,2024-06-10 00:00:00,content_download,/pricing,campaign_25,2024-07-04 00:00:00
touch_4112211,cust_593699,5,2024-06-16 00:00:00,content_download,/demo,,2024-07-04 00:00:00
touch_5284408,cust_593699,1,2024-06-22 00:00:00,click,/pricing,campaign_28,2024-07-04 00:00:00
touch_3565615,cust_593699,3,2024-06-28 00:00:00,visit,/demo,campaign_39,2024-07-04 00:00:00
touch_5283799,cust_593699,6,2024-07-04 00:00:00,content_download,/home,,2024-07-04 00:00:00
touch_5053663,cust_181896,4,2024-06-22 00:00:00,content_download,/blog,,2024-07-31 00:00:00
touch_9367764,cust_181896,8,2024-06-27 00:00:00,content_download,/case-studies,,2024-07-31 00:00:00
touch_4201282,cust_181896,3,2024-07-03 00:00:00,demo_request,/blog,campaign_40,2024-07-31 00:00:00
touch_4274314,cust_181896,4,2024-07-08 00:00:00,content_download,/blog,,2024-07-31 00:00:00
touch_9710374,cust_181896,6,2024-07-14 00:00:00,form_submit,/features,,2024-07-31 00:00:00
touch_2805720,cust_181896,2,2024-07-19 00:00:00,demo_request,/blog,campaign_44,2024-07-31 00:00:00
touch_9505071,cust_181896,2,2024-07-25 00:00:00,form_submit,/demo,campaign_46,2024-07-31 00:00:00
touch_3777945,cust_181896,1,2024-07-31 00:00:00,content_download,/pricing,campaign_48,2024-07-31 00:00:00
touch_6903942,cust_563303,5,2023-04-17 00:00:00,visit,/features,,2023-04-30 00:00:00
touch_5765739,cust_578987,5,2024-07-14 00:00:00,content_download,/blog,,2024-07-31 00:00:00
touch_9290143,cust_578987,7,2024-07-17 00:00:00,visit,/features,,2024-07-31 00:00:00
touch_4756100,cust_578987,5,2024-07-20 00:00:00,click,/pricing,,2024-07-31 00:00:00
touch_8482146,cust_578987,1,2024-07-24 00:00:00,demo_request,/pricing,campaign_5,2024-07-31 00:00:00
touch_4576301,cust_578987,6,2024-07-27 00:00:00,form_submit,/demo,,2024-07-31 00:00:00
touch_7424378,cust_578987,5,2024-07-31 00:00:00,visit,/blog,,2024-07-31 00:00:00
touch_8797904,cust_706403,5,2023-01-21 00:00:00,content_download,/features,,2023-03-16 00:00:00
touch_3390718,cust_706403,5,2023-01-30 00:00:00,visit,/home,,2023-03-16 00:00:00
touch_1727068,cust_706403,6,2023-02-08 00:00:00,click,/demo,,2023-03-16 00:00:00
touch_6162216,cust_706403,4,2023-02-17 00:00:00,demo_request,/blog,,2023-03-16 00:00:00
touch_9754416,cust_706403,3,2023-02-26 00:00:00,content_download,/home,campaign_50,2023-03-16 00:00:00
touch_3023744,cust_706403,1,2023-03-07 00:00:00,click,/features,campaign_15,2023-03-16 00:00:00
touch_1896023,cust_706403,5,2023-03-16 00:00:00,content_download,/pricing,,2023-03-16 00:00:00
touch_4619948,cust_906325,3,2023-04-03 00:00:00,content_download,/demo,campaign_39,2023-05-19 00:00:00
touch_8846101,cust_906325,5,2023-05-19 00:00:00,demo_request,/case-studies,,2023-05-19 00:00:00
touch_5814800,cust_493892,8,2023-01-31 00:00:00,content_download,/pricing,,2023-03-24 00:00:00
touch_9650608,cust_493892,1,2023-02-26 00:00:00,demo_request,/demo,campaign_21,2023-03-24 00:00:00
touch_2286995,cust_493892,7,2023-03-24 00:00:00,form_submit,/pricing,,2023-03-24 00:00:00
touch_3248108,cust_654531,4,2023-03-17 00:00:00,visit,/demo,,2023-05-11 00:00:00
touch_4234902,cust_654531,3,2023-03-30 00:00:00,visit,/features,campaign_42,2023-05-11 00:00:00
touch_5490514,cust_654531,2,2023-04-13 00:00:00,visit,/blog,campaign_46,2023-05-11 00:00:00
touch_5532632,cust_654531,4,2023-04-27 00:00:00,form_submit,/case-studies,,2023-05-11 00:00:00
touch_7448559,cust_654531,7,2023-05-11 00:00:00,click,/case-studies,,2023-05-11 00:00:00
touch_5663288,cust_657772,3,2023-12-06 00:00:00,visit,/blog,campaign_46,2024-01-24 00:00:00
touch_9273884,cust_657772,6,2023-12-18 00:00:00,content_download,/case-studies,,2024-01-24 00:00:00
touch_6951676,cust_657772,1,2023-12-30 00:00:00,content_download,/pricing,campaign_43,2024-01-24 00:00:00
touch_9857404,cust_657772,5,2024-01-11 00:00:00,form_submit,/home,,2024-01-24 00:00:00
touch_1986367,cust_657772,3,2024-01-24 00:00:00,form_submit,/case-studies,campaign_8,2024-01-24 00:00:00
touch_2989557,cust_744793,1,2022-12-19 00:00:00,visit,/pricing,campaign_6,2023-01-17 00:00:00
touch_8290749,cust_744793,5,2023-01-02 00:00:00,content_download,/pricing,,2023-01-17 00:00:00
touch_2768555,cust_744793,4,2023-01-17 00:00:00,form_submit,/features,,2023-01-17 00:00:00
touch_2294732,cust_146385,2,2024-01-14 00:00:00,demo_request,/demo,campaign_26,2024-02-16 00:00:00
touch_7315578,cust_146385,5,2024-01-20 00:00:00,visit,/home,,2024-02-16 00:00:00
touch_1915905,cust_146385,5,2024-01-27 00:00:00,form_submit,/pricing,,2024-02-16 00:00:00
touch_1024662,cust_146385,2,2024-02-02 00:00:00,visit,/home,campaign_12,2024-02-16 00:00:00
touch_7241785,cust_146385,3,2024-02-09 00:00:00,form_submit,/demo,campaign_25,2024-02-16 00:00:00
touch_8741643,cust_146385,2,2024-02-16 00:00:00,form_submit,/demo,campaign_42,2024-02-16 00:00:00
touch_3336525,cust_867051,7,2024-07-13 00:00:00,demo_request,/case-studies,,2024-08-12 00:00:00
touch_6047602,cust_867051,4,2024-07-18 00:00:00,visit,/home,,2024-08-12 00:00:00
touch_8268236,cust_867051,3,2024-07-23 00:00:00,demo_request,/features,campaign_40,2024-08-12 00:00:00
touch_3548305,cust_867051,1,2024-07-28 00:00:00,click,/pricing,campaign_4,2024-08-12 00:00:00
touch_5982233,cust_867051,5,2024-08-02 00:00:00,content_download,/case-studies,,2024-08-12 00:00:00
touch_6211317,cust_867051,1,2024-08-07 00:00:00,content_download,/case-studies,campaign_2,2024-08-12 00:00:00
touch_7294934,cust_867051,7,2024-08-12 00:00:00,form_submit,/pricing,,2024-08-12 00:00:00
touch_6401888,cust_533649,6,2023-10-14 00:00:00,click,/features,,2023-11-04 00:00:00
touch_1001172,cust_533649,1,2023-10-17 00:00:00,content_download,/case-studies,campaign_34,2023-11-04 00:00:00
touch_8010543,cust_533649,1,2023-10-20 00:00:00,click,/blog,campaign_13,2023-11-04 00:00:00
touch_7338960,cust_533649,1,2023-10-23 00:00:00,visit,/features,campaign_4,2023-11-04 00:00:00
touch_1846934,cust_533649,4,2023-10-26 00:00:00,content_download,/demo,,2023-11-04 00:00:00
touch_1915734,cust_533649,1,2023-10-29 00:00:00,click,/demo,campaign_30,2023-11-04 00:00:00
touch_1983210,cust_533649,1,2023-11-01 00:00:00,form_submit,/home,campaign_8,2023-11-04 00:00:00
touch_8873233,cust_533649,8,2023-11-04 00:00:00,content_download,/blog,,2023-11-04 00:00:00
touch_5783094,cust_149161,6,2023-10-30 00:00:00,content_download,/demo,,2023-12-19 00:00:00
touch_7496849,cust_149161,1,2023-11-07 00:00:00,visit,/blog,campaign_30,2023-12-19 00:00:00
touch_8049636,cust_149161,2,2023-11-15 00:00:00,visit,/pricing,campaign_10,2023-12-19 00:00:00
touch_9577717,cust_149161,5,2023-11-24 00:00:00,click,/home,,2023-12-19 00:00:00
touch_9222311,cust_149161,4,2023-12-02 00:00:00,demo_request,/blog,,2023-12-19 00:00:00
touch_8870044,cust_149161,2,2023-12-10 00:00:00,content_download,/blog,campaign_35,2023-12-19 00:00:00
touch_9468212,cust_149161,6,2023-12-19 00:00:00,click,/features,,2023-12-19 00:00:00
touch_7765712,cust_664058,2,2024-03-24 00:00:00,demo_request,/case-studies,campaign_26,2024-04-29 00:00:00
touch_8227710,cust_664058,4,2024-04-05 00:00:00,click,/demo,,2024-04-29 00:00:00
touch_9425877,cust_664058,9,2024-04-17 00:00:00,click,/case-studies,,2024-04-29 00:00:00
touch_1599864,cust_664058,2,2024-04-29 00:00:00,demo_request,/case-studies,campaign_29,2024-04-29 00:00:00
touch_6585969,cust_684357,2,2024-05-30 00:00:00,demo_request,/features,campaign_2,2024-06-26 00:00:00
touch_4261477,cust_684357,2,2024-06-26 00:00:00,click,/demo,campaign_29,2024-06-26 00:00:00
touch_2101195,cust_299734,5,2022-12-31 00:00:00,form_submit,/demo,,2023-02-22 00:00:00
touch_9755738,cust_299734,4,2023-01-26 00:00:00,visit,/features,,2023-02-22 00:00:00
touch_3673963,cust_299734,5,2023-02-22 00:00:00,demo_request,/pricing,,2023-02-22 00:00:00
touch_2996833,cust_602681,2,2023-06-08 00:00:00,click,/demo,campaign_6,2023-08-02 00:00:00
touch_6470251,cust_602681,4,2023-06-21 00:00:00,visit,/blog,,2023-08-02 00:00:00
touch_3813045,cust_602681,2,2023-07-05 00:00:00,click,/case-studies,campaign_7,2023-08-02 00:00:00
touch_7850358,cust_602681,3,2023-07-19 00:00:00,click,/demo,campaign_35,2023-08-02 00:00:00
touch_4736479,cust_602681,7,2023-08-02 00:00:00,visit,/case-studies,,2023-08-02 00:00:00
touch_2250923,cust_354377,8,2024-08-11 00:00:00,click,/demo,,2024-09-10 00:00:00
touch_1441798,cust_354377,6,2024-09-10 00:00:00,form_submit,/demo,,2024-09-10 00:00:00
touch_6121679,cust_423404,4,2023-08-30 00:00:00,form_submit,/blog,,2023-09-25 00:00:00
touch_2089011,cust_312994,5,2024-01-05 00:00:00,form_submit,/home,,2024-01-15 00:00:00
touch_4736938,cust_312994,5,2024-01-07 00:00:00,demo_request,/features,,2024-01-15 00:00:00
touch_9296565,cust_312994,7,2024-01-10 00:00:00,demo_request,/blog,,2024-01-15 00:00:00
touch_2218773,cust_312994,7,2024-01-12 00:00:00,demo_request,/case-studies,,2024-01-15 00:00:00
touch_9974216,cust_312994,4,2024-01-15 00:00:00,demo_request,/home,,2024-01-15 00:00:00
touch_8146289,cust_854987,3,2024-01-17 00:00:00,visit,/case-studies,campaign_28,2024-03-03 00:00:00
touch_2354261,cust_453961,5,2023-07-23 00:00:00,content_download,/case-studies,,2023-09-21 00:00:00
touch_7521962,cust_453961,5,2023-09-21 00:00:00,visit,/home,,2023-09-21 00:00:00
touch_3552021,cust_612036,8,2023-05-14 00:00:00,demo_request,/features,,2023-07-08 00:00:00
touch_1032860,cust_612036,1,2023-05-21 00:00:00,content_download,/demo,campaign_4,2023-07-08 00:00:00
touch_1499946,cust_612036,4,2023-05-29 00:00:00,form_submit,/case-studies,,2023-07-08 00:00:00
touch_6782090,cust_612036,4,2023-06-06 00:00:00,demo_request,/pricing,,2023-07-08 00:00:00
touch_1195440,cust_612036,2,2023-06-14 00:00:00,form_submit,/blog,campaign_42,2023-07-08 00:00:00
touch_6407271,cust_612036,4,2023-06-22 00:00:00,content_download,/pricing,,2023-07-08 00:00:00
touch_1113458,cust_612036,2,2023-06-30 00:00:00,visit,/pricing,campaign_4,2023-07-08 00:00:00
touch_7132075,cust_612036,8,2023-07-08 00:00:00,visit,/case-studies,,2023-07-08 00:00:00
touch_8301508,cust_244170,1,2024-09-25 00:00:00,click,/pricing,campaign_44,2024-10-07 00:00:00
touch_6096066,cust_244170,2,2024-09-27 00:00:00,content_download,/demo,campaign_17,2024-10-07 00:00:00
touch_2686789,cust_244170,5,2024-09-29 00:00:00,demo_request,/features,,2024-10-07 00:00:00
touch_6808878,cust_244170,5,2024-10-01 00:00:00,demo_request,/pricing,,2024-10-07 00:00:00
touch_7088397,cust_244170,1,2024-10-03 00:00:00,visit,/blog,campaign_37,2024-10-07 00:00:00
touch_1168146,cust_244170,1,2024-10-05 00:00:00,click,/demo,campaign_15,2024-10-07 00:00:00
touch_3246352,cust_244170,1,2024-10-07 00:00:00,click,/demo,campaign_49,2024-10-07 00:00:00
touch_6492421,cust_746467,1,2024-03-19 00:00:00,demo_request,/features,campaign_44,2024-05-09 00:00:00
touch_9491857,cust_746467,1,2024-03-26 00:00:00,click,/pricing,campaign_40,2024-05-09 00:00:00
touch_7046680,cust_746467,5,2024-04-02 00:00:00,form_submit,/features,,2024-05-09 00:00:00
touch_5668388,cust_746467,1,2024-04-09 00:00:00,form_submit,/blog,campaign_12,2024-05-09 00:00:00
touch_9767564,cust_746467,1,2024-04-17 00:00:00,visit,/home,campaign_8,2024-05-09 00:00:00
touch_6685312,cust_746467,2,2024-04-24 00:00:00,content_download,/demo,campaign_39,2024-05-09 00:00:00
touch_2671913,cust_746467,2,2024-05-01 00:00:00,form_submit,/home,campaign_14,2024-05-09 00:00:00
touch_7081785,cust_746467,1,2024-05-09 00:00:00,form_submit,/pricing,campaign_11,2024-05-09 00:00:00
touch_9459747,cust_400614,5,2022-12-12 00:00:00,click,/blog,,2023-01-18 00:00:00
touch_2969753,cust_400614,4,2022-12-24 00:00:00,content_download,/features,,2023-01-18 00:00:00
touch_6364985,cust_400614,7,2023-01-05 00:00:00,click,/case-studies,,2023-01-18 00:00:00
touch_5676817,cust_400614,2,2023-01-18 00:00:00,click,/features,campaign_45,2023-01-18 00:00:00
touch_9095901,cust_352674,4,2023-07-03 00:00:00,demo_request,/demo,,2023-07-16 00:00:00
touch_8334579,cust_352674,3,2023-07-09 00:00:00,click,/blog,campaign_1,2023-07-16 00:00:00
touch_4736133,cust_352674,6,2023-07-16 00:00:00,form_submit,/home,,2023-07-16 00:00:00
touch_6464271,cust_355021,7,2023-07-18 00:00:00,form_submit,/case-studies,,2023-08-20 00:00:00
touch_5909113,cust_679549,1,2024-04-06 00:00:00,visit,/demo,campaign_44,2024-05-02 00:00:00
touch_7128954,cust_999636,2,2023-02-27 00:00:00,form_submit,/blog,campaign_29,2023-04-08 00:00:00
touch_4175500,cust_999636,6,2023-03-19 00:00:00,content_download,/home,,2023-04-08 00:00:00
touch_3637826,cust_999636,7,2023-04-08 00:00:00,form_submit,/blog,,2023-04-08 00:00:00
touch_1326642,cust_817675,1,2023-08-23 00:00:00,demo_request,/home,campaign_24,2023-10-15 00:00:00
touch_3231015,cust_817675,3,2023-08-30 00:00:00,click,/demo,campaign_10,2023-10-15 00:00:00
touch_2387391,cust_817675,6,2023-09-07 00:00:00,content_download,/demo,,2023-10-15 00:00:00
touch_1337003,cust_817675,3,2023-09-14 00:00:00,visit,/home,campaign_24,2023-10-15 00:00:00
touch_3276313,cust_817675,1,2023-09-22 00:00:00,content_download,/case-studies,campaign_2,2023-10-15 00:00:00
touch_4607561,cust_817675,9,2023-09-29 00:00:00,form_submit,/home,,2023-10-15 00:00:00
touch_5791535,cust_817675,6,2023-10-07 00:00:00,content_download,/demo,,2023-10-15 00:00:00
touch_9545034,cust_817675,6,2023-10-15 00:00:00,content_download,/pricing,,2023-10-15 00:00:00
touch_8374942,cust_847332,4,2024-01-31 00:00:00,demo_request,/blog,,2024-02-12 00:00:00
touch_1132564,cust_847332,4,2024-02-01 00:00:00,demo_request,/home,,2024-02-12 00:00:00
touch_6582975,cust_847332,7,2024-02-03 00:00:00,click,/blog,,2024-02-12 00:00:00
touch_2262586,cust_847332,1,2024-02-05 00:00:00,click,/case-studies,campaign_10,2024-02-12 00:00:00
touch_4741384,cust_847332,5,2024-02-06 00:00:00,demo_request,/demo,,2024-02-12 00:00:00
touch_6538074,cust_847332,6,2024-02-08 00:00:00,content_download,/case-studies,,2024-02-12 00:00:00
touch_4275804,cust_847332,6,2024-02-10 00:00:00,content_download,/demo,,2024-02-12 00:00:00
touch_5834322,cust_847332,4,2024-02-12 00:00:00,form_submit,/home,,2024-02-12 00:00:00
touch_7433210,cust_892313,4,2023-04-07 00:00:00,click,/pricing,,2023-05-24 00:00:00
touch_4447930,cust_892313,1,2023-04-30 00:00:00,form_submit,/demo,campaign_17,2023-05-24 00:00:00
touch_3206381,cust_892313,4,2023-05-24 00:00:00,demo_request,/blog,,2023-05-24 00:00:00
touch_1954306,cust_906360,6,2024-09-06 00:00:00,content_download,/home,,2024-09-20 00:00:00
touch_7309611,cust_906360,4,2024-09-08 00:00:00,visit,/case-studies,,2024-09-20 00:00:00
touch_4396012,cust_906360,4,2024-09-10 00:00:00,demo_request,/blog,,2024-09-20 00:00:00
touch_2245514,cust_906360,2,2024-09-13 00:00:00,visit,/demo,campaign_43,2024-09-20 00:00:00
touch_4350091,cust_906360,7,2024-09-15 00:00:00,demo_request,/case-studies,,2024-09-20 00:00:00
touch_3363734,cust_906360,1,2024-09-17 00:00:00,visit,/demo,campaign_10,2024-09-20 00:00:00
touch_7336963,cust_906360,4,2024-09-20 00:00:00,visit,/features,,2024-09-20 00:00:00
touch_9310844,cust_493663,5,2024-02-09 00:00:00,visit,/home,,2024-03-18 00:00:00
touch_4198590,cust_493663,2,2024-02-28 00:00:00,visit,/features,campaign_25,2024-03-18 00:00:00
touch_7965359,cust_493663,5,2024-03-18 00:00:00,click,/features,,2024-03-18 00:00:00
touch_6034549,cust_261712,1,2023-12-06 00:00:00,visit,/pricing,campaign_14,2024-01-25 00:00:00
touch_1028039,cust_477400,1,2023-09-17 00:00:00,demo_request,/blog,campaign_49,2023-10-04 00:00:00
touch_7435731,cust_477400,6,2023-09-20 00:00:00,visit,/blog,,2023-10-04 00:00:00
touch_1060826,cust_477400,1,2023-09-23 00:00:00,content_download,/home,campaign_19,2023-10-04 00:00:00
touch_3926279,cust_477400,5,2023-09-27 00:00:00,click,/case-studies,,2023-10-04 00:00:00
touch_5101807,cust_477400,4,2023-09-30 00:00:00,content_download,/blog,,2023-10-04 00:00:00
touch_6598455,cust_477400,1,2023-10-04 00:00:00,demo_request,/case-studies,campaign_33,2023-10-04 00:00:00
touch_9186848,cust_681141,2,2023-03-14 00:00:00,click,/home,campaign_13,2023-04-06 00:00:00
touch_9293832,cust_681141,1,2023-03-19 00:00:00,content_download,/demo,campaign_14,2023-04-06 00:00:00
touch_4752266,cust_681141,7,2023-03-25 00:00:00,visit,/case-studies,,2023-04-06 00:00:00
touch_9460790,cust_681141,5,2023-03-31 00:00:00,visit,/features,,2023-04-06 00:00:00
touch_5983486,cust_681141,3,2023-04-06 00:00:00,click,/home,campaign_50,2023-04-06 00:00:00
touch_7304883,cust_686716,3,2023-07-25 00:00:00,demo_request,/case-studies,campaign_17,2023-09-06 00:00:00
touch_3038923,cust_686716,1,2023-07-31 00:00:00,demo_request,/home,campaign_5,2023-09-06 00:00:00
touch_8927638,cust_686716,6,2023-08-06 00:00:00,form_submit,/demo,,2023-09-06 00:00:00
touch_2535049,cust_686716,1,2023-08-12 00:00:00,click,/home,campaign_8,2023-09-06 00:00:00
touch_7483496,cust_686716,1,2023-08-18 00:00:00,form_submit,/blog,campaign_45,2023-09-06 00:00:00
touch_7503663,cust_686716,4,2023-08-24 00:00:00,visit,/pricing,,2023-09-06 00:00:00
touch_4565350,cust_686716,1,2023-08-30 00:00:00,visit,/pricing,campaign_5,2023-09-06 00:00:00
touch_2901306,cust_686716,5,2023-09-06 00:00:00,content_download,/home,,2023-09-06 00:00:00
touch_9286770,cust_555791,7,2023-09-22 00:00:00,form_submit,/blog,,2023-10-10 00:00:00
touch_2541699,cust_555791,4,2023-09-26 00:00:00,visit,/blog,,2023-10-10 00:00:00
touch_3797723,cust_555791,2,2023-10-01 00:00:00,visit,/demo,campaign_14,2023-10-10 00:00:00
touch_5390807,cust_555791,1,2023-10-05 00:00:00,visit,/demo,campaign_23,2023-10-10 00:00:00
touch_8608933,cust_555791,6,2023-10-10 00:00:00,click,/demo,,2023-10-10 00:00:00
touch_6773450,cust_305047,1,2024-03-02 00:00:00,click,/home,campaign_3,2024-04-13 00:00:00
touch_2165079,cust_305047,1,2024-04-13 00:00:00,content_download,/blog,campaign_43,2024-04-13 00:00:00
touch_4783304,cust_450996,1,2024-01-21 00:00:00,content_download,/case-studies,campaign_11,2024-03-16 00:00:00
touch_1302071,cust_450996,1,2024-02-17 00:00:00,visit,/pricing,campaign_43,2024-03-16 00:00:00
touch_1536684,cust_450996,1,2024-03-16 00:00:00,click,/home,campaign_37,2024-03-16 00:00:00
touch_1081959,cust_517584,5,2023-09-24 00:00:00,visit,/features,,2023-11-23 00:00:00
touch_7501434,cust_517584,5,2023-11-23 00:00:00,visit,/case-studies,,2023-11-23 00:00:00
touch_8808525,cust_482746,10,2023-02-27 00:00:00,content_download,/pricing,,2023-04-27 00:00:00
touch_3629316,cust_482746,7,2023-03-18 00:00:00,visit,/case-studies,,2023-04-27 00:00:00
touch_7114648,cust_482746,6,2023-04-07 00:00:00,visit,/case-studies,,2023-04-27 00:00:00
touch_1120806,cust_482746,8,2023-04-27 00:00:00,content_download,/case-studies,,2023-04-27 00:00:00
touch_6885963,cust_842776,7,2023-06-13 00:00:00,click,/pricing,,2023-08-03 00:00:00
touch_7080395,cust_842776,9,2023-06-30 00:00:00,visit,/home,,2023-08-03 00:00:00
touch_4145620,cust_842776,8,2023-07-17 00:00:00,content_download,/pricing,,2023-08-03 00:00:00
touch_2144792,cust_842776,7,2023-08-03 00:00:00,visit,/features,,2023-08-03 00:00:00
touch_1595516,cust_353777,4,2023-08-16 00:00:00,form_submit,/case-studies,,2023-09-16 00:00:00
touch_6669464,cust_353777,1,2023-08-23 00:00:00,visit,/pricing,campaign_15,2023-09-16 00:00:00
touch_1491878,cust_353777,5,2023-08-31 00:00:00,demo_request,/demo,,2023-09-16 00:00:00
touch_1924595,cust_353777,4,2023-09-08 00:00:00,demo_request,/pricing,,2023-09-16 00:00:00
touch_1002022,cust_353777,4,2023-09-16 00:00:00,content_download,/features,,2023-09-16 00:00:00
touch_8039841,cust_825309,3,2024-01-17 00:00:00,content_download,/features,campaign_16,2024-03-04 00:00:00
touch_1836977,cust_825309,9,2024-03-04 00:00:00,click,/demo,,2024-03-04 00:00:00
touch_7071733,cust_906306,8,2023-07-25 00:00:00,content_download,/features,,2023-09-12 00:00:00
touch_2697504,cust_906306,2,2023-08-10 00:00:00,demo_request,/features,campaign_33,2023-09-12 00:00:00
touch_1195688,cust_906306,1,2023-08-26 00:00:00,visit,/blog,campaign_20,2023-09-12 00:00:00
touch_3375870,cust_906306,1,2023-09-12 00:00:00,content_download,/demo,campaign_24,2023-09-12 00:00:00
touch_5046131,cust_447704,4,2024-03-04 00:00:00,visit,/features,,2024-03-16 00:00:00
touch_1298492,cust_492292,5,2024-01-06 00:00:00,click,/blog,,2024-02-05 00:00:00
touch_7210394,cust_492292,2,2024-01-11 00:00:00,form_submit,/blog,campaign_46,2024-02-05 00:00:00
touch_5873004,cust_492292,5,2024-01-16 00:00:00,content_download,/case-studies,,2024-02-05 00:00:00
touch_3706779,cust_492292,2,2024-01-21 00:00:00,visit,/home,campaign_33,2024-02-05 00:00:00
touch_1356625,cust_492292,1,2024-01-26 00:00:00,click,/pricing,campaign_11,2024-02-05 00:00:00
touch_7296527,cust_492292,1,2024-01-31 00:00:00,form_submit,/home,campaign_39,2024-02-05 00:00:00
touch_1116866,cust_492292,5,2024-02-05 00:00:00,content_download,/case-studies,,2024-02-05 00:00:00
touch_9163859,cust_190025,2,2023-02-28 00:00:00,form_submit,/home,campaign_30,2023-04-29 00:00:00
touch_3709796,cust_857065,6,2024-03-25 00:00:00,content_download,/demo,,2024-04-08 00:00:00
touch_6944494,cust_857065,4,2024-03-27 00:00:00,visit,/features,,2024-04-08 00:00:00
touch_7567482,cust_857065,4,2024-03-30 00:00:00,click,/case-studies,,2024-04-08 00:00:00
touch_9643663,cust_857065,1,2024-04-02 00:00:00,form_submit,/pricing,campaign_47,2024-04-08 00:00:00
touch_8235722,cust_857065,5,2024-04-05 00:00:00,form_submit,/demo,,2024-04-08 00:00:00
touch_9372452,cust_857065,1,2024-04-08 00:00:00,click,/home,campaign_10,2024-04-08 00:00:00
touch_9156609,cust_876459,8,2023-08-15 00:00:00,visit,/home,,2023-09-07 00:00:00
touch_5769852,cust_295440,3,2024-09-16 00:00:00,content_download,/demo,campaign_49,2024-10-17 00:00:00
touch_5236606,cust_295440,2,2024-09-26 00:00:00,form_submit,/pricing,campaign_47,2024-10-17 00:00:00
touch_8868771,cust_295440,9,2024-10-06 00:00:00,visit,/case-studies,,2024-10-17 00:00:00
touch_5956563,cust_295440,8,2024-10-17 00:00:00,form_submit,/pricing,,2024-10-17 00:00:00
touch_7177419,cust_325230,6,2023-07-05 00:00:00,form_submit,/home,,2023-07-30 00:00:00
touch_1834507,cust_325230,9,2023-07-30 00:00:00,click,/case-studies,,2023-07-30 00:00:00
touch_8893192,cust_219490,3,2023-08-23 00:00:00,click,/features,campaign_28,2023-09-26 00:00:00
touch_5264872,cust_469082,5,2024-03-29 00:00:00,click,/demo,,2024-04-13 00:00:00
touch_1637888,cust_469082,5,2024-04-01 00:00:00,demo_request,/home,,2024-04-13 00:00:00
touch_3675737,cust_469082,4,2024-04-05 00:00:00,form_submit,/features,,2024-04-13 00:00:00
touch_9749598,cust_469082,1,2024-04-09 00:00:00,visit,/features,campaign_46,2024-04-13 00:00:00
touch_5984972,cust_469082,5,2024-04-13 00:00:00,content_download,/home,,2024-04-13 00:00:00
touch_1101176,cust_223586,3,2023-07-04 00:00:00,content_download,/features,campaign_8,2023-09-02 00:00:00
touch_8178836,cust_223586,4,2023-08-03 00:00:00,visit,/pricing,,2023-09-02 00:00:00
touch_3848766,cust_223586,3,2023-09-02 00:00:00,form_submit,/features,campaign_13,2023-09-02 00:00:00
touch_2565420,cust_294776,8,2024-04-24 00:00:00,content_download,/demo,,2024-05-13 00:00:00
touch_4132465,cust_294776,8,2024-05-13 00:00:00,demo_request,/home,,2024-05-13 00:00:00
touch_5461119,cust_429861,4,2024-03-11 00:00:00,visit,/home,,2024-04-06 00:00:00
touch_8535168,cust_429861,3,2024-03-16 00:00:00,demo_request,/home,campaign_23,2024-04-06 00:00:00
touch_5499012,cust_429861,6,2024-03-21 00:00:00,demo_request,/pricing,,2024-04-06 00:00:00
touch_8476117,cust_429861,4,2024-03-26 00:00:00,click,/blog,,2024-04-06 00:00:00
touch_7813283,cust_429861,2,2024-03-31 00:00:00,demo_request,/case-studies,campaign_7,2024-04-06 00:00:00
touch_3745329,cust_429861,3,2024-04-06 00:00:00,demo_request,/demo,campaign_42,2024-04-06 00:00:00
touch_2021847,cust_619013,1,2024-01-20 00:00:00,content_download,/features,campaign_25,2024-02-23 00:00:00
touch_7858412,cust_619013,2,2024-01-26 00:00:00,content_download,/demo,campaign_17,2024-02-23 00:00:00
touch_6966022,cust_619013,4,2024-02-02 00:00:00,content_download,/pricing,,2024-02-23 00:00:00
touch_1800903,cust_619013,3,2024-02-09 00:00:00,demo_request,/features,campaign_23,2024-02-23 00:00:00
touch_2304568,cust_619013,1,2024-02-16 00:00:00,form_submit,/pricing,campaign_37,2024-02-23 00:00:00
touch_3604540,cust_619013,5,2024-02-23 00:00:00,form_submit,/demo,,2024-02-23 00:00:00
touch_3862726,cust_406278,2,2022-12-21 00:00:00,demo_request,/demo,campaign_8,2023-02-03 00:00:00
touch_6619474,cust_219754,3,2023-09-16 00:00:00,visit,/features,campaign_16,2023-10-02 00:00:00
touch_3364836,cust_207391,10,2024-10-04 00:00:00,visit,/pricing,,2024-10-31 00:00:00
touch_7868690,cust_207391,1,2024-10-17 00:00:00,form_submit,/blog,campaign_8,2024-10-31 00:00:00
touch_3049921,cust_207391,10,2024-10-31 00:00:00,demo_request,/blog,,2024-10-31 00:00:00
touch_9893323,cust_951327,5,2023-07-06 00:00:00,click,/blog,,2023-08-31 00:00:00
touch_8265605,cust_922974,4,2023-07-03 00:00:00,content_download,/pricing,,2023-07-31 00:00:00
touch_4774541,cust_403387,4,2024-06-17 00:00:00,visit,/pricing,,2024-08-09 00:00:00
touch_8227052,cust_162165,7,2023-10-03 00:00:00,content_download,/demo,,2023-10-11 00:00:00
touch_3387740,cust_162165,6,2023-10-05 00:00:00,visit,/blog,,2023-10-11 00:00:00
touch_3063918,cust_162165,7,2023-10-07 00:00:00,visit,/features,,2023-10-11 00:00:00
touch_9214245,cust_162165,1,2023-10-09 00:00:00,visit,/blog,campaign_30,2023-10-11 00:00:00
touch_6939059,cust_162165,7,2023-10-11 00:00:00,content_download,/features,,2023-10-11 00:00:00
touch_8323144,cust_613234,2,2023-04-27 00:00:00,demo_request,/home,campaign_20,2023-05-26 00:00:00
touch_8626886,cust_613234,2,2023-05-04 00:00:00,content_download,/demo,campaign_14,2023-05-26 00:00:00
touch_6120214,cust_613234,4,2023-05-11 00:00:00,click,/home,,2023-05-26 00:00:00
touch_6325559,cust_613234,6,2023-05-18 00:00:00,form_submit,/demo,,2023-05-26 00:00:00
touch_6275826,cust_613234,5,2023-05-26 00:00:00,demo_request,/demo,,2023-05-26 00:00:00
touch_7860828,cust_828449,3,2023-12-01 00:00:00,click,/pricing,campaign_46,2024-01-13 00:00:00
touch_3808491,cust_828449,4,2023-12-22 00:00:00,form_submit,/pricing,,2024-01-13 00:00:00
touch_1719580,cust_828449,3,2024-01-13 00:00:00,click,/case-studies,campaign_41,2024-01-13 00:00:00
touch_1675955,cust_796405,3,2023-11-20 00:00:00,form_submit,/demo,campaign_26,2024-01-02 00:00:00
touch_2832230,cust_796405,5,2024-01-02 00:00:00,form_submit,/home,,2024-01-02 00:00:00
touch_8521749,cust_673896,4,2024-07-19 00:00:00,content_download,/blog,,2024-08-14 00:00:00
touch_4870109,cust_673896,5,2024-07-27 00:00:00,click,/blog,,2024-08-14 00:00:00
touch_8448376,cust_673896,6,2024-08-05 00:00:00,content_download,/case-studies,,2024-08-14 00:00:00
touch_8238601,cust_673896,4,2024-08-14 00:00:00,visit,/features,,2024-08-14 00:00:00
touch_1124719,cust_581906,1,2022-12-04 00:00:00,click,/case-studies,campaign_18,2023-01-17 00:00:00
touch_4988671,cust_581906,1,2023-01-17 00:00:00,content_download,/case-studies,campaign_16,2023-01-17 00:00:00
touch_5183964,cust_781571,2,2023-10-14 00:00:00,demo_request,/home,campaign_5,2023-11-06 00:00:00
touch_2262405,cust_781571,2,2023-10-17 00:00:00,demo_request,/features,campaign_13,2023-11-06 00:00:00
touch_4161535,cust_781571,2,2023-10-20 00:00:00,form_submit,/case-studies,campaign_31,2023-11-06 00:00:00
touch_8339021,cust_781571,5,2023-10-23 00:00:00,demo_request,/pricing,,2023-11-06 00:00:00
touch_2096886,cust_781571,4,2023-10-27 00:00:00,visit,/case-studies,,2023-11-06 00:00:00
touch_8738765,cust_781571,10,2023-10-30 00:00:00,content_download,/pricing,,2023-11-06 00:00:00
touch_4438871,cust_781571,1,2023-11-02 00:00:00,form_submit,/demo,campaign_35,2023-11-06 00:00:00
touch_4841243,cust_781571,7,2023-11-06 00:00:00,form_submit,/features,,2023-11-06 00:00:00
touch_6855070,cust_273565,3,2023-01-30 00:00:00,content_download,/features,campaign_29,2023-02-23 00:00:00
touch_2077282,cust_273565,9,2023-02-23 00:00:00,visit,/demo,,2023-02-23 00:00:00
touch_7751546,cust_599968,4,2023-02-05 00:00:00,click,/demo,,2023-03-21 00:00:00
touch_1315979,cust_599968,5,2023-02-13 00:00:00,visit,/blog,,2023-03-21 00:00:00
touch_9769167,cust_599968,7,2023-02-22 00:00:00,demo_request,/features,,2023-03-21 00:00:00
touch_4260556,cust_599968,2,2023-03-03 00:00:00,visit,/home,campaign_20,2023-03-21 00:00:00
touch_7138923,cust_599968,4,2023-03-12 00:00:00,content_download,/blog,,2023-03-21 00:00:00
touch_7788076,cust_599968,7,2023-03-21 00:00:00,form_submit,/demo,,2023-03-21 00:00:00
touch_1792547,cust_542828,3,2023-04-06 00:00:00,form_submit,/home,campaign_33,2023-05-16 00:00:00
touch_5770312,cust_501312,1,2023-03-23 00:00:00,content_download,/case-studies,campaign_12,2023-05-17 00:00:00
touch_4443111,cust_323404,4,2024-09-01 00:00:00,form_submit,/case-studies,,2024-10-05 00:00:00
touch_8675769,cust_323404,3,2024-09-18 00:00:00,click,/demo,campaign_13,2024-10-05 00:00:00
touch_4274019,cust_323404,4,2024-10-05 00:00:00,visit,/blog,,2024-10-05 00:00:00
touch_3243054,cust_229139,9,2024-08-07 00:00:00,click,/blog,,2024-08-26 00:00:00
touch_1115992,cust_229139,4,2024-08-26 00:00:00,form_submit,/features,,2024-08-26 00:00:00
touch_9802287,cust_730193,6,2024-07-20 00:00:00,click,/features,,2024-09-06 00:00:00
touch_5802115,cust_297810,6,2023-12-20 00:00:00,content_download,/demo,,2024-02-06 00:00:00
touch_4102468,cust_297810,6,2024-02-06 00:00:00,content_download,/pricing,,2024-02-06 00:00:00
touch_4923620,cust_722780,2,2023-01-31 00:00:00,content_download,/case-studies,campaign_9,2023-03-14 00:00:00
touch_3707257,cust_722780,7,2023-02-07 00:00:00,content_download,/case-studies,,2023-03-14 00:00:00
touch_2732500,cust_722780,6,2023-02-14 00:00:00,demo_request,/home,,2023-03-14 00:00:00
touch_4481990,cust_722780,3,2023-02-21 00:00:00,demo_request,/pricing,campaign_24,2023-03-14 00:00:00
touch_9974617,cust_722780,5,2023-02-28 00:00:00,click,/home,,2023-03-14 00:00:00
touch_2482647,cust_722780,8,2023-03-07 00:00:00,click,/demo,,2023-03-14 00:00:00
touch_7846597,cust_722780,1,2023-03-14 00:00:00,visit,/case-studies,campaign_16,2023-03-14 00:00:00
touch_8945032,cust_483162,4,2024-06-04 00:00:00,demo_request,/demo,,2024-07-13 00:00:00
touch_3592759,cust_483162,4,2024-06-17 00:00:00,demo_request,/demo,,2024-07-13 00:00:00
touch_1241109,cust_483162,2,2024-06-30 00:00:00,content_download,/pricing,campaign_27,2024-07-13 00:00:00
touch_9904574,cust_483162,5,2024-07-13 00:00:00,demo_request,/home,,2024-07-13 00:00:00
touch_5163789,cust_163406,5,2024-01-15 00:00:00,demo_request,/home,,2024-02-12 00:00:00
touch_3913095,cust_745972,1,2023-04-30 00:00:00,demo_request,/blog,campaign_43,2023-06-06 00:00:00
touch_4714370,cust_745972,2,2023-05-06 00:00:00,demo_request,/case-studies,campaign_35,2023-06-06 00:00:00
touch_4746226,cust_745972,3,2023-05-12 00:00:00,visit,/blog,campaign_10,2023-06-06 00:00:00
touch_4084262,cust_745972,9,2023-05-18 00:00:00,content_download,/case-studies,,2023-06-06 00:00:00
touch_2617421,cust_745972,8,2023-05-24 00:00:00,form_submit,/demo,,2023-06-06 00:00:00
touch_5193088,cust_745972,4,2023-05-30 00:00:00,demo_request,/features,,2023-06-06 00:00:00
touch_8075689,cust_745972,1,2023-06-06 00:00:00,demo_request,/blog,campaign_47,2023-06-06 00:00:00
touch_1717016,cust_900298,6,2024-10-05 00:00:00,content_download,/pricing,,2024-10-27 00:00:00
touch_9584556,cust_900298,5,2024-10-16 00:00:00,content_download,/home,,2024-10-27 00:00:00
touch_8244654,cust_900298,1,2024-10-27 00:00:00,click,/pricing,campaign_4,2024-10-27 00:00:00
touch_2082430,cust_221620,2,2024-03-02 00:00:00,demo_request,/features,campaign_25,2024-04-09 00:00:00
touch_2420229,cust_221620,4,2024-03-08 00:00:00,form_submit,/case-studies,,2024-04-09 00:00:00
touch_3523558,cust_221620,9,2024-03-14 00:00:00,demo_request,/home,,2024-04-09 00:00:00
touch_8340422,cust_221620,2,2024-03-21 00:00:00,visit,/pricing,campaign_3,2024-04-09 00:00:00
touch_4381382,cust_221620,9,2024-03-27 00:00:00,content_download,/pricing,,2024-04-09 00:00:00
touch_8489936,cust_221620,2,2024-04-02 00:00:00,form_submit,/blog,campaign_22,2024-04-09 00:00:00
touch_4591445,cust_221620,2,2024-04-09 00:00:00,content_download,/blog,campaign_42,2024-04-09 00:00:00
touch_4713892,cust_111901,4,2023-04-27 00:00:00,click,/demo,,2023-06-17 00:00:00
touch_7832145,cust_111901,4,2023-05-05 00:00:00,visit,/case-studies,,2023-06-17 00:00:00
touch_4158060,cust_111901,4,2023-05-14 00:00:00,demo_request,/case-studies,,2023-06-17 00:00:00
touch_2111782,cust_111901,5,2023-05-22 00:00:00,click,/demo,,2023-06-17 00:00:00
touch_1826059,cust_111901,4,2023-05-31 00:00:00,content_download,/features,,2023-06-17 00:00:00
touch_5895214,cust_111901,6,2023-06-08 00:00:00,visit,/case-studies,,2023-06-17 00:00:00
touch_5211212,cust_111901,4,2023-06-17 00:00:00,click,/demo,,2023-06-17 00:00:00
touch_5137094,cust_381819,4,2023-03-10 00:00:00,content_download,/case-studies,,2023-05-01 00:00:00
touch_7233232,cust_381819,7,2023-03-18 00:00:00,content_download,/home,,2023-05-01 00:00:00
touch_9509427,cust_381819,7,2023-03-27 00:00:00,form_submit,/features,,2023-05-01 00:00:00
touch_9084139,cust_381819,2,2023-04-05 00:00:00,content_download,/demo,campaign_46,2023-05-01 00:00:00
touch_9801001,cust_381819,4,2023-04-13 00:00:00,form_submit,/blog,,2023-05-01 00:00:00
touch_5640157,cust_381819,1,2023-04-22 00:00:00,form_submit,/blog,campaign_15,2023-05-01 00:00:00
touch_9987941,cust_381819,4,2023-05-01 00:00:00,demo_request,/case-studies,,2023-05-01 00:00:00
touch_3788316,cust_635593,4,2023-11-30 00:00:00,click,/blog,,2024-01-04 00:00:00
touch_7330542,cust_635593,7,2023-12-11 00:00:00,visit,/features,,2024-01-04 00:00:00
touch_5479163,cust_635593,1,2023-12-23 00:00:00,form_submit,/home,campaign_12,2024-01-04 00:00:00
touch_7542071,cust_635593,4,2024-01-04 00:00:00,content_download,/case-studies,,2024-01-04 00:00:00
touch_9042809,cust_876764,7,2024-05-20 00:00:00,demo_request,/pricing,,2024-06-05 00:00:00
touch_2201658,cust_999138,4,2022-12-11 00:00:00,content_download,/home,,2023-02-06 00:00:00
touch_4928341,cust_999138,5,2022-12-22 00:00:00,content_download,/case-studies,,2023-02-06 00:00:00
touch_3715365,cust_999138,4,2023-01-02 00:00:00,demo_request,/features,,2023-02-06 00:00:00
touch_9521620,cust_999138,1,2023-01-14 00:00:00,visit,/features,campaign_14,2023-02-06 00:00:00
touch_2510403,cust_999138,4,2023-01-25 00:00:00,click,/demo,,2023-02-06 00:00:00
touch_1161180,cust_999138,5,2023-02-06 00:00:00,demo_request,/case-studies,,2023-02-06 00:00:00
touch_3015336,cust_384434,4,2023-02-22 00:00:00,visit,/blog,,2023-03-21 00:00:00
touch_2705794,cust_384434,4,2023-02-26 00:00:00,demo_request,/blog,,2023-03-21 00:00:00
touch_1051692,cust_384434,4,2023-03-03 00:00:00,content_download,/case-studies,,2023-03-21 00:00:00
touch_4472518,cust_384434,6,2023-03-07 00:00:00,demo_request,/pricing,,2023-03-21 00:00:00
touch_4941152,cust_384434,5,2023-03-12 00:00:00,click,/blog,,2023-03-21 00:00:00
touch_3792869,cust_384434,2,2023-03-16 00:00:00,content_download,/features,campaign_38,2023-03-21 00:00:00
touch_7022445,cust_384434,4,2023-03-21 00:00:00,visit,/home,,2023-03-21 00:00:00
touch_7121801,cust_172274,2,2024-03-22 00:00:00,form_submit,/demo,campaign_20,2024-04-21 00:00:00
touch_4559929,cust_172274,4,2024-03-27 00:00:00,click,/blog,,2024-04-21 00:00:00
touch_1180446,cust_172274,1,2024-04-01 00:00:00,content_download,/case-studies,campaign_48,2024-04-21 00:00:00
touch_6719038,cust_172274,6,2024-04-06 00:00:00,content_download,/home,,2024-04-21 00:00:00
touch_6660363,cust_172274,7,2024-04-11 00:00:00,form_submit,/demo,,2024-04-21 00:00:00
touch_5762192,cust_172274,2,2024-04-16 00:00:00,visit,/home,campaign_37,2024-04-21 00:00:00
touch_1481200,cust_172274,2,2024-04-21 00:00:00,content_download,/demo,campaign_8,2024-04-21 00:00:00
touch_2121365,cust_418672,5,2024-08-02 00:00:00,form_submit,/pricing,,2024-09-29 00:00:00
touch_8390451,cust_418672,9,2024-08-11 00:00:00,content_download,/demo,,2024-09-29 00:00:00
touch_3760251,cust_418672,1,2024-08-21 00:00:00,form_submit,/features,campaign_45,2024-09-29 00:00:00
touch_8768229,cust_418672,3,2024-08-31 00:00:00,demo_request,/home,campaign_33,2024-09-29 00:00:00
touch_4572241,cust_418672,1,2024-09-09 00:00:00,click,/case-studies,campaign_25,2024-09-29 00:00:00
touch_8575749,cust_418672,7,2024-09-19 00:00:00,form_submit,/demo,,2024-09-29 00:00:00
touch_7072327,cust_418672,5,2024-09-29 00:00:00,form_submit,/demo,,2024-09-29 00:00:00
touch_5501693,cust_357034,1,2023-05-04 00:00:00,click,/demo,campaign_2,2023-06-04 00:00:00
touch_9806207,cust_789233,1,2024-01-02 00:00:00,demo_request,/pricing,campaign_41,2024-01-21 00:00:00
touch_8302025,cust_789233,2,2024-01-05 00:00:00,demo_request,/demo,campaign_25,2024-01-21 00:00:00
touch_2934664,cust_789233,5,2024-01-09 00:00:00,demo_request,/demo,,2024-01-21 00:00:00
touch_9682685,cust_789233,6,2024-01-13 00:00:00,demo_request,/home,,2024-01-21 00:00:00
touch_5850731,cust_789233,2,2024-01-17 00:00:00,visit,/pricing,campaign_27,2024-01-21 00:00:00
touch_9832244,cust_789233,8,2024-01-21 00:00:00,content_download,/features,,2024-01-21 00:00:00
touch_7548852,cust_249289,2,2023-10-01 00:00:00,visit,/blog,campaign_16,2023-10-14 00:00:00
touch_1948301,cust_249289,7,2023-10-03 00:00:00,click,/pricing,,2023-10-14 00:00:00
touch_4494491,cust_249289,5,2023-10-06 00:00:00,visit,/blog,,2023-10-14 00:00:00
touch_5885856,cust_249289,5,2023-10-08 00:00:00,form_submit,/pricing,,2023-10-14 00:00:00
touch_2177010,cust_249289,8,2023-10-11 00:00:00,click,/home,,2023-10-14 00:00:00
touch_6428134,cust_249289,2,2023-10-14 00:00:00,form_submit,/demo,campaign_39,2023-10-14 00:00:00
touch_6748518,cust_708982,6,2023-03-30 00:00:00,content_download,/demo,,2023-04-08 00:00:00
touch_4518859,cust_405844,1,2023-09-10 00:00:00,content_download,/features,campaign_29,2023-09-25 00:00:00
touch_4323302,cust_405844,7,2023-09-12 00:00:00,content_download,/case-studies,,2023-09-25 00:00:00
touch_7212431,cust_405844,1,2023-09-14 00:00:00,visit,/home,campaign_19,2023-09-25 00:00:00
touch_7693029,cust_405844,1,2023-09-16 00:00:00,content_download,/demo,campaign_31,2023-09-25 00:00:00
touch_9163977,cust_405844,8,2023-09-18 00:00:00,demo_request,/features,,2023-09-25 00:00:00
touch_4384417,cust_405844,6,2023-09-20 00:00:00,click,/case-studies,,2023-09-25 00:00:00
touch_5551822,cust_405844,8,2023-09-22 00:00:00,demo_request,/demo,,2023-09-25 00:00:00
touch_8850303,cust_405844,3,2023-09-25 00:00:00,visit,/blog,campaign_27,2023-09-25 00:00:00
touch_8575777,cust_312559,1,2023-04-23 00:00:00,demo_request,/home,campaign_9,2023-05-20 00:00:00
touch_6129446,cust_312559,1,2023-04-26 00:00:00,form_submit,/features,campaign_43,2023-05-20 00:00:00
touch_3738662,cust_312559,1,2023-04-30 00:00:00,demo_request,/case-studies,campaign_40,2023-05-20 00:00:00
touch_5661219,cust_312559,7,2023-05-04 00:00:00,form_submit,/pricing,,2023-05-20 00:00:00
touch_9863771,cust_312559,4,2023-05-08 00:00:00,click,/demo,,2023-05-20 00:00:00
touch_8497265,cust_312559,7,2023-05-12 00:00:00,content_download,/blog,,2023-05-20 00:00:00
touch_3031423,cust_312559,2,2023-05-16 00:00:00,click,/case-studies,campaign_25,2023-05-20 00:00:00
touch_5522066,cust_312559,1,2023-05-20 00:00:00,demo_request,/blog,campaign_28,2023-05-20 00:00:00
touch_9035099,cust_317722,4,2024-02-22 00:00:00,demo_request,/demo,,2024-04-07 00:00:00
touch_2320700,cust_317722,2,2024-02-29 00:00:00,form_submit,/home,campaign_35,2024-04-07 00:00:00
touch_6428303,cust_317722,5,2024-03-08 00:00:00,demo_request,/home,,2024-04-07 00:00:00
touch_5786578,cust_317722,6,2024-03-15 00:00:00,demo_request,/home,,2024-04-07 00:00:00
touch_5882674,cust_317722,5,2024-03-23 00:00:00,form_submit,/demo,,2024-04-07 00:00:00
touch_8684661,cust_317722,2,2024-03-30 00:00:00,visit,/demo,campaign_9,2024-04-07 00:00:00
touch_5575052,cust_317722,7,2024-04-07 00:00:00,form_submit,/case-studies,,2024-04-07 00:00:00
touch_2069443,cust_142288,5,2023-07-03 00:00:00,visit,/blog,,2023-08-09 00:00:00
touch_8718641,cust_142288,3,2023-07-21 00:00:00,click,/blog,campaign_31,2023-08-09 00:00:00
touch_1919610,cust_142288,5,2023-08-09 00:00:00,content_download,/features,,2023-08-09 00:00:00
touch_3078806,cust_282313,4,2022-12-17 00:00:00,form_submit,/demo,,2023-02-01 00:00:00
touch_3824277,cust_282313,2,2023-02-01 00:00:00,demo_request,/home,campaign_15,2023-02-01 00:00:00
touch_2931889,cust_112537,6,2023-01-31 00:00:00,visit,/blog,,2023-03-05 00:00:00
touch_7242438,cust_112537,5,2023-02-06 00:00:00,demo_request,/demo,,2023-03-05 00:00:00
touch_1007120,cust_112537,4,2023-02-13 00:00:00,content_download,/features,,2023-03-05 00:00:00
touch_4210983,cust_112537,1,2023-02-19 00:00:00,demo_request,/case-studies,campaign_44,2023-03-05 00:00:00
touch_3908207,cust_112537,5,2023-02-26 00:00:00,form_submit,/demo,,2023-03-05 00:00:00
touch_9021919,cust_112537,4,2023-03-05 00:00:00,form_submit,/case-studies,,2023-03-05 00:00:00
touch_9039674,cust_952227,1,2023-01-18 00:00:00,content_download,/home,campaign_34,2023-03-18 00:00:00
touch_7817110,cust_952227,4,2023-01-27 00:00:00,content_download,/case-studies,,2023-03-18 00:00:00
touch_9850314,cust_952227,4,2023-02-06 00:00:00,content_download,/home,,2023-03-18 00:00:00
touch_4899568,cust_952227,4,2023-02-16 00:00:00,click,/blog,,2023-03-18 00:00:00
touch_9961387,cust_952227,3,2023-02-26 00:00:00,visit,/pricing,campaign_1,2023-03-18 00:00:00
touch_3389303,cust_952227,8,2023-03-08 00:00:00,content_download,/pricing,,2023-03-18 00:00:00
touch_9652230,cust_952227,1,2023-03-18 00:00:00,content_download,/features,campaign_2,2023-03-18 00:00:00
touch_5644020,cust_447655,1,2023-04-04 00:00:00,demo_request,/demo,campaign_29,2023-05-06 00:00:00
touch_6247944,cust_447655,1,2023-04-12 00:00:00,click,/demo,campaign_20,2023-05-06 00:00:00
touch_5168199,cust_447655,2,2023-04-20 00:00:00,form_submit,/blog,campaign_42,2023-05-06 00:00:00
touch_2731162,cust_447655,3,2023-04-28 00:00:00,click,/home,campaign_42,2023-05-06 00:00:00
touch_3858621,cust_447655,1,2023-05-06 00:00:00,visit,/blog,campaign_42,2023-05-06 00:00:00
touch_5186464,cust_547389,7,2023-06-15 00:00:00,form_submit,/blog,,2023-06-26 00:00:00
touch_1395398,cust_778720,4,2023-09-19 00:00:00,demo_request,/pricing,,2023-10-30 00:00:00
touch_6961790,cust_778720,6,2023-10-09 00:00:00,click,/demo,,2023-10-30 00:00:00
touch_5845853,cust_778720,4,2023-10-30 00:00:00,form_submit,/demo,,2023-10-30 00:00:00
touch_1661504,cust_935922,6,2024-05-07 00:00:00,visit,/home,,2024-06-22 00:00:00
touch_4665459,cust_935922,5,2024-05-14 00:00:00,click,/home,,2024-06-22 00:00:00
touch_6303898,cust_935922,6,2024-05-22 00:00:00,click,/features,,2024-06-22 00:00:00
touch_5569842,cust_935922,1,2024-05-30 00:00:00,visit,/features,campaign_41,2024-06-22 00:00:00
touch_9623980,cust_935922,4,2024-06-06 00:00:00,form_submit,/case-studies,,2024-06-22 00:00:00
touch_8753918,cust_935922,6,2024-06-14 00:00:00,content_download,/blog,,2024-06-22 00:00:00
touch_2563565,cust_935922,6,2024-06-22 00:00:00,click,/demo,,2024-06-22 00:00:00
touch_4310946,cust_608223,8,2023-10-21 00:00:00,click,/pricing,,2023-12-19 00:00:00
touch_6515101,cust_608223,2,2023-10-29 00:00:00,content_download,/blog,campaign_20,2023-12-19 00:00:00
touch_1334256,cust_608223,7,2023-11-06 00:00:00,visit,/blog,,2023-12-19 00:00:00
touch_6376801,cust_608223,2,2023-11-15 00:00:00,content_download,/demo,campaign_25,2023-12-19 00:00:00
touch_3940160,cust_608223,1,2023-11-23 00:00:00,demo_request,/case-studies,campaign_50,2023-12-19 00:00:00
touch_7952780,cust_608223,3,2023-12-02 00:00:00,form_submit,/home,campaign_1,2023-12-19 00:00:00
touch_9969683,cust_608223,2,2023-12-10 00:00:00,form_submit,/home,campaign_41,2023-12-19 00:00:00
touch_9167778,cust_608223,3,2023-12-19 00:00:00,click,/case-studies,campaign_12,2023-12-19 00:00:00
touch_8181094,cust_394579,2,2023-01-30 00:00:00,form_submit,/case-studies,campaign_24,2023-03-01 00:00:00
touch_2066152,cust_394579,2,2023-02-04 00:00:00,click,/case-studies,campaign_4,2023-03-01 00:00:00
touch_5705112,cust_394579,2,2023-02-09 00:00:00,content_download,/demo,campaign_44,2023-03-01 00:00:00
touch_5367263,cust_394579,1,2023-02-14 00:00:00,form_submit,/case-studies,campaign_4,2023-03-01 00:00:00
touch_9606924,cust_394579,1,2023-02-19 00:00:00,demo_request,/pricing,campaign_46,2023-03-01 00:00:00
touch_2921388,cust_394579,9,2023-02-24 00:00:00,form_submit,/case-studies,,2023-03-01 00:00:00
touch_6602687,cust_394579,6,2023-03-01 00:00:00,click,/features,,2023-03-01 00:00:00
touch_8210450,cust_955937,9,2022-12-30 00:00:00,click,/blog,,2023-02-27 00:00:00
touch_8094015,cust_955937,5,2023-01-13 00:00:00,visit,/demo,,2023-02-27 00:00:00
touch_9576230,cust_955937,5,2023-01-28 00:00:00,visit,/pricing,,2023-02-27 00:00:00
touch_9502419,cust_955937,6,2023-02-12 00:00:00,form_submit,/case-studies,,2023-02-27 00:00:00
touch_6588365,cust_955937,9,2023-02-27 00:00:00,visit,/pricing,,2023-02-27 00:00:00
touch_5583687,cust_873959,5,2023-11-08 00:00:00,demo_request,/home,,2024-01-03 00:00:00
touch_6323274,cust_873959,4,2023-11-22 00:00:00,visit,/features,,2024-01-03 00:00:00
touch_9987148,cust_873959,5,2023-12-06 00:00:00,click,/case-studies,,2024-01-03 00:00:00
touch_6801015,cust_873959,2,2023-12-20 00:00:00,form_submit,/features,campaign_27,2024-01-03 00:00:00
touch_1997513,cust_873959,1,2024-01-03 00:00:00,content_download,/blog,campaign_2,2024-01-03 00:00:00
touch_6851527,cust_616137,1,2024-06-26 00:00:00,demo_request,/demo,campaign_14,2024-07-09 00:00:00
touch_3609434,cust_616137,5,2024-06-28 00:00:00,form_submit,/pricing,,2024-07-09 00:00:00
touch_4892896,cust_616137,6,2024-06-30 00:00:00,visit,/features,,2024-07-09 00:00:00
touch_7351596,cust_616137,4,2024-07-02 00:00:00,form_submit,/pricing,,2024-07-09 00:00:00
touch_5198676,cust_616137,9,2024-07-04 00:00:00,form_submit,/pricing,,2024-07-09 00:00:00
touch_6375706,cust_616137,4,2024-07-06 00:00:00,form_submit,/case-studies,,2024-07-09 00:00:00
touch_3766716,cust_616137,1,2024-07-09 00:00:00,click,/home,campaign_37,2024-07-09 00:00:00
touch_5075796,cust_743966,4,2023-07-16 00:00:00,visit,/features,,2023-07-26 00:00:00
touch_1452512,cust_743966,5,2023-07-18 00:00:00,visit,/pricing,,2023-07-26 00:00:00
touch_4509270,cust_743966,6,2023-07-20 00:00:00,click,/case-studies,,2023-07-26 00:00:00
touch_7515728,cust_743966,5,2023-07-22 00:00:00,click,/home,,2023-07-26 00:00:00
touch_7112026,cust_743966,7,2023-07-24 00:00:00,form_submit,/case-studies,,2023-07-26 00:00:00
touch_7418526,cust_743966,1,2023-07-26 00:00:00,click,/blog,campaign_20,2023-07-26 00:00:00
touch_6789818,cust_248533,9,2023-03-25 00:00:00,content_download,/blog,,2023-04-24 00:00:00
touch_4849306,cust_248533,5,2023-03-29 00:00:00,demo_request,/pricing,,2023-04-24 00:00:00
touch_5853401,cust_248533,5,2023-04-02 00:00:00,click,/home,,2023-04-24 00:00:00
touch_6890539,cust_248533,1,2023-04-06 00:00:00,visit,/blog,campaign_33,2023-04-24 00:00:00
touch_8464517,cust_248533,4,2023-04-11 00:00:00,demo_request,/demo,,2023-04-24 00:00:00
touch_4134097,cust_248533,4,2023-04-15 00:00:00,demo_request,/home,,2023-04-24 00:00:00
touch_6706026,cust_248533,5,2023-04-19 00:00:00,content_download,/pricing,,2023-04-24 00:00:00
touch_5064263,cust_248533,7,2023-04-24 00:00:00,demo_request,/demo,,2023-04-24 00:00:00
touch_2194298,cust_438273,4,2023-05-13 00:00:00,demo_request,/blog,,2023-05-20 00:00:00
touch_7062712,cust_438273,4,2023-05-15 00:00:00,demo_request,/case-studies,,2023-05-20 00:00:00
touch_7781556,cust_438273,4,2023-05-17 00:00:00,visit,/demo,,2023-05-20 00:00:00
touch_8038964,cust_438273,3,2023-05-20 00:00:00,click,/case-studies,campaign_21,2023-05-20 00:00:00
touch_4509774,cust_827250,5,2024-08-04 00:00:00,click,/demo,,2024-09-20 00:00:00
touch_9963909,cust_827250,1,2024-08-11 00:00:00,demo_request,/demo,campaign_23,2024-09-20 00:00:00
touch_6506432,cust_827250,4,2024-08-19 00:00:00,visit,/blog,,2024-09-20 00:00:00
touch_1534594,cust_827250,4,2024-08-27 00:00:00,click,/home,,2024-09-20 00:00:00
touch_3128585,cust_827250,4,2024-09-04 00:00:00,visit,/features,,2024-09-20 00:00:00
touch_1788459,cust_827250,4,2024-09-12 00:00:00,content_download,/features,,2024-09-20 00:00:00
touch_1350135,cust_827250,5,2024-09-20 00:00:00,content_download,/features,,2024-09-20 00:00:00
touch_3814324,cust_101885,1,2024-07-03 00:00:00,visit,/pricing,campaign_20,2024-08-09 00:00:00
touch_5284905,cust_101885,5,2024-07-12 00:00:00,form_submit,/home,,2024-08-09 00:00:00
touch_4951487,cust_101885,5,2024-07-21 00:00:00,visit,/blog,,2024-08-09 00:00:00
touch_1006984,cust_101885,4,2024-07-30 00:00:00,visit,/home,,2024-08-09 00:00:00
touch_4285957,cust_101885,6,2024-08-09 00:00:00,content_download,/demo,,2024-08-09 00:00:00
touch_2208201,cust_331625,4,2024-08-31 00:00:00,content_download,/blog,,2024-10-16 00:00:00
touch_5239177,cust_331625,6,2024-09-23 00:00:00,click,/demo,,2024-10-16 00:00:00
touch_7581810,cust_331625,4,2024-10-16 00:00:00,content_download,/case-studies,,2024-10-16 00:00:00
touch_1489741,cust_193035,3,2024-10-24 00:00:00,content_download,/case-studies,campaign_37,2024-11-17 00:00:00
touch_4069401,cust_193035,2,2024-10-28 00:00:00,content_download,/features,campaign_27,2024-11-17 00:00:00
touch_1418413,cust_193035,3,2024-11-01 00:00:00,demo_request,/pricing,campaign_7,2024-11-17 00:00:00
touch_4234229,cust_193035,8,2024-11-05 00:00:00,visit,/case-studies,,2024-11-17 00:00:00
touch_7480304,cust_193035,1,2024-11-09 00:00:00,visit,/case-studies,campaign_34,2024-11-17 00:00:00
touch_2519665,cust_193035,2,2024-11-13 00:00:00,form_submit,/pricing,campaign_37,2024-11-17 00:00:00
touch_9259287,cust_193035,1,2024-11-17 00:00:00,form_submit,/home,campaign_48,2024-11-17 00:00:00
touch_1632226,cust_213282,2,2022-12-02 00:00:00,demo_request,/demo,campaign_2,2023-01-02 00:00:00
touch_3489190,cust_213282,6,2022-12-07 00:00:00,demo_request,/case-studies,,2023-01-02 00:00:00
touch_7674340,cust_213282,2,2022-12-12 00:00:00,content_download,/pricing,campaign_14,2023-01-02 00:00:00
touch_6044864,cust_213282,1,2022-12-17 00:00:00,content_download,/case-studies,campaign_17,2023-01-02 00:00:00
touch_8955683,cust_213282,9,2022-12-22 00:00:00,visit,/home,,2023-01-02 00:00:00
touch_7601083,cust_213282,3,2022-12-27 00:00:00,visit,/demo,campaign_30,2023-01-02 00:00:00
touch_8602235,cust_213282,2,2023-01-02 00:00:00,demo_request,/blog,campaign_40,2023-01-02 00:00:00
touch_2977669,cust_969067,5,2024-04-24 00:00:00,visit,/home,,2024-05-05 00:00:00
touch_1426554,cust_969067,4,2024-04-29 00:00:00,demo_request,/case-studies,,2024-05-05 00:00:00
touch_9943323,cust_969067,5,2024-05-05 00:00:00,visit,/case-studies,,2024-05-05 00:00:00
touch_2022626,cust_209812,3,2023-01-28 00:00:00,form_submit,/demo,campaign_18,2023-03-17 00:00:00
touch_8190073,cust_209812,3,2023-03-17 00:00:00,form_submit,/blog,campaign_41,2023-03-17 00:00:00
touch_1357157,cust_606186,4,2022-12-27 00:00:00,click,/case-studies,,2023-02-01 00:00:00
touch_8737117,cust_606186,2,2023-01-03 00:00:00,form_submit,/case-studies,campaign_38,2023-02-01 00:00:00
touch_5689318,cust_606186,6,2023-01-10 00:00:00,content_download,/blog,,2023-02-01 00:00:00
touch_1347780,cust_606186,9,2023-01-17 00:00:00,demo_request,/blog,,2023-02-01 00:00:00
touch_4648112,cust_606186,5,2023-01-24 00:00:00,content_download,/blog,,2023-02-01 00:00:00
touch_7748053,cust_606186,1,2023-02-01 00:00:00,form_submit,/pricing,campaign_14,2023-02-01 00:00:00
touch_6298520,cust_529161,4,2024-06-10 00:00:00,click,/pricing,,2024-07-21 00:00:00
touch_3920867,cust_980651,1,2024-04-27 00:00:00,visit,/demo,campaign_3,2024-05-17 00:00:00
touch_3582261,cust_980651,1,2024-05-02 00:00:00,content_download,/demo,campaign_23,2024-05-17 00:00:00
touch_8493894,cust_980651,3,2024-05-07 00:00:00,form_submit,/pricing,campaign_46,2024-05-17 00:00:00
touch_8284100,cust_980651,6,2024-05-12 00:00:00,form_submit,/case-studies,,2024-05-17 00:00:00
touch_8120033,cust_980651,1,2024-05-17 00:00:00,click,/blog,campaign_9,2024-05-17 00:00:00
touch_3366658,cust_126985,9,2023-07-19 00:00:00,click,/home,,2023-07-31 00:00:00
touch_6854544,cust_126985,1,2023-07-21 00:00:00,demo_request,/pricing,campaign_6,2023-07-31 00:00:00
touch_3940683,cust_126985,4,2023-07-23 00:00:00,content_download,/pricing,,2023-07-31 00:00:00
touch_1489664,cust_126985,5,2023-07-26 00:00:00,demo_request,/home,,2023-07-31 00:00:00
touch_5332463,cust_126985,6,2023-07-28 00:00:00,demo_request,/case-studies,,2023-07-31 00:00:00
touch_9649039,cust_126985,1,2023-07-31 00:00:00,content_download,/case-studies,campaign_6,2023-07-31 00:00:00
touch_6076534,cust_377877,4,2023-03-18 00:00:00,form_submit,/case-studies,,2023-04-04 00:00:00
touch_6344540,cust_377877,1,2023-04-04 00:00:00,content_download,/demo,campaign_9,2023-04-04 00:00:00
touch_2795457,cust_376195,1,2023-08-07 00:00:00,content_download,/blog,campaign_7,2023-08-20 00:00:00
touch_9905370,cust_376195,1,2023-08-20 00:00:00,visit,/case-studies,campaign_30,2023-08-20 00:00:00
touch_3159151,cust_893202,8,2024-07-23 00:00:00,visit,/features,,2024-08-26 00:00:00
touch_8016574,cust_893202,1,2024-07-28 00:00:00,content_download,/pricing,campaign_42,2024-08-26 00:00:00
touch_2219561,cust_893202,4,2024-08-03 00:00:00,visit,/demo,,2024-08-26 00:00:00
touch_7625931,cust_893202,6,2024-08-09 00:00:00,demo_request,/demo,,2024-08-26 00:00:00
touch_8266950,cust_893202,4,2024-08-14 00:00:00,form_submit,/demo,,2024-08-26 00:00:00
touch_6152896,cust_893202,10,2024-08-20 00:00:00,visit,/features,,2024-08-26 00:00:00
touch_4946493,cust_893202,7,2024-08-26 00:00:00,form_submit,/blog,,2024-08-26 00:00:00
touch_6631831,cust_347088,7,2024-03-29 00:00:00,click,/case-studies,,2024-05-02 00:00:00
touch_4116065,cust_347088,4,2024-04-06 00:00:00,form_submit,/pricing,,2024-05-02 00:00:00
touch_8453410,cust_347088,2,2024-04-15 00:00:00,content_download,/blog,campaign_38,2024-05-02 00:00:00
touch_9242860,cust_347088,7,2024-04-23 00:00:00,content_download,/pricing,,2024-05-02 00:00:00
touch_7273455,cust_347088,7,2024-05-02 00:00:00,visit,/demo,,2024-05-02 00:00:00
touch_3702570,cust_750403,4,2023-05-22 00:00:00,click,/case-studies,,2023-05-31 00:00:00
touch_1505537,cust_750403,4,2023-05-23 00:00:00,visit,/features,,2023-05-31 00:00:00
touch_1284681,cust_750403,5,2023-05-25 00:00:00,demo_request,/features,,2023-05-31 00:00:00
touch_2036411,cust_750403,5,2023-05-26 00:00:00,content_download,/case-studies,,2023-05-31 00:00:00
touch_6891268,cust_750403,6,2023-05-28 00:00:00,visit,/blog,,2023-05-31 00:00:00
touch_7374992,cust_750403,5,2023-05-29 00:00:00,click,/pricing,,2023-05-31 00:00:00
touch_6149879,cust_750403,4,2023-05-31 00:00:00,content_download,/demo,,2023-05-31 00:00:00
touch_2534525,cust_816308,4,2024-02-22 00:00:00,form_submit,/case-studies,,2024-03-21 00:00:00
touch_6780919,cust_816308,9,2024-03-07 00:00:00,click,/pricing,,2024-03-21 00:00:00
touch_5885714,cust_816308,4,2024-03-21 00:00:00,visit,/demo,,2024-03-21 00:00:00
touch_1290389,cust_506951,6,2024-05-29 00:00:00,content_download,/pricing,,2024-07-23 00:00:00
touch_9537175,cust_506951,4,2024-06-25 00:00:00,visit,/features,,2024-07-23 00:00:00
touch_7670709,cust_506951,5,2024-07-23 00:00:00,visit,/case-studies,,2024-07-23 00:00:00
touch_1972828,cust_539976,4,2023-04-18 00:00:00,form_submit,/home,,2023-04-26 00:00:00
touch_4614910,cust_539976,5,2023-04-20 00:00:00,form_submit,/pricing,,2023-04-26 00:00:00
touch_4436522,cust_539976,2,2023-04-23 00:00:00,content_download,/pricing,campaign_21,2023-04-26 00:00:00
touch_2027381,cust_539976,4,2023-04-26 00:00:00,demo_request,/demo,,2023-04-26 00:00:00
touch_5174633,cust_399990,2,2024-05-17 00:00:00,form_submit,/demo,campaign_10,2024-07-02 00:00:00
touch_5371957,cust_399990,2,2024-05-23 00:00:00,visit,/case-studies,campaign_28,2024-07-02 00:00:00
touch_3420040,cust_399990,4,2024-05-30 00:00:00,visit,/blog,,2024-07-02 00:00:00
touch_5869258,cust_399990,4,2024-06-05 00:00:00,click,/home,,2024-07-02 00:00:00
touch_5799115,cust_399990,5,2024-06-12 00:00:00,content_download,/features,,2024-07-02 00:00:00
touch_4372867,cust_399990,1,2024-06-18 00:00:00,click,/demo,campaign_34,2024-07-02 00:00:00
touch_6063951,cust_399990,2,2024-06-25 00:00:00,demo_request,/demo,campaign_2,2024-07-02 00:00:00
touch_3889843,cust_399990,2,2024-07-02 00:00:00,demo_request,/features,campaign_7,2024-07-02 00:00:00
touch_1679723,cust_250840,4,2024-08-06 00:00:00,demo_request,/features,,2024-09-25 00:00:00
touch_9828397,cust_250840,3,2024-08-14 00:00:00,click,/demo,campaign_9,2024-09-25 00:00:00
touch_4451619,cust_250840,4,2024-08-22 00:00:00,click,/home,,2024-09-25 00:00:00
touch_4141461,cust_250840,7,2024-08-31 00:00:00,form_submit,/blog,,2024-09-25 00:00:00
touch_8800812,cust_250840,1,2024-09-08 00:00:00,content_download,/demo,campaign_15,2024-09-25 00:00:00
touch_5296735,cust_250840,2,2024-09-16 00:00:00,visit,/blog,campaign_29,2024-09-25 00:00:00
touch_5382797,cust_250840,6,2024-09-25 00:00:00,content_download,/demo,,2024-09-25 00:00:00
touch_3165222,cust_381631,6,2023-11-26 00:00:00,form_submit,/demo,,2024-01-17 00:00:00
touch_7729582,cust_381631,7,2023-12-06 00:00:00,demo_request,/features,,2024-01-17 00:00:00
touch_2926425,cust_381631,8,2023-12-16 00:00:00,content_download,/blog,,2024-01-17 00:00:00
touch_8997098,cust_381631,1,2023-12-27 00:00:00,form_submit,/home,campaign_30,2024-01-17 00:00:00
touch_7233855,cust_381631,1,2024-01-06 00:00:00,click,/case-studies,campaign_36,2024-01-17 00:00:00
touch_5371313,cust_381631,6,2024-01-17 00:00:00,content_download,/home,,2024-01-17 00:00:00
touch_6946635,cust_339030,4,2023-05-11 00:00:00,content_download,/features,,2023-05-18 00:00:00
touch_9833974,cust_339030,5,2023-05-12 00:00:00,visit,/demo,,2023-05-18 00:00:00
touch_6241256,cust_339030,4,2023-05-13 00:00:00,demo_request,/demo,,2023-05-18 00:00:00
touch_2929904,cust_339030,4,2023-05-15 00:00:00,click,/blog,,2023-05-18 00:00:00
touch_2995537,cust_339030,5,2023-05-16 00:00:00,click,/demo,,2023-05-18 00:00:00
touch_9311462,cust_339030,4,2023-05-18 00:00:00,demo_request,/pricing,,2023-05-18 00:00:00
touch_3960516,cust_563173,6,2023-07-07 00:00:00,click,/features,,2023-08-05 00:00:00
touch_5814014,cust_563173,3,2023-07-16 00:00:00,demo_request,/blog,campaign_8,2023-08-05 00:00:00
touch_1259474,cust_563173,3,2023-07-26 00:00:00,click,/features,campaign_16,2023-08-05 00:00:00
touch_9173907,cust_563173,6,2023-08-05 00:00:00,content_download,/case-studies,,2023-08-05 00:00:00
touch_5396430,cust_844037,7,2024-05-07 00:00:00,visit,/home,,2024-06-02 00:00:00
touch_2832300,cust_844037,5,2024-05-12 00:00:00,visit,/case-studies,,2024-06-02 00:00:00
touch_8759060,cust_844037,1,2024-05-17 00:00:00,click,/blog,campaign_42,2024-06-02 00:00:00
touch_2333769,cust_844037,5,2024-05-22 00:00:00,click,/blog,,2024-06-02 00:00:00
touch_4947642,cust_844037,4,2024-05-27 00:00:00,form_submit,/blog,,2024-06-02 00:00:00
touch_1137475,cust_844037,7,2024-06-02 00:00:00,visit,/pricing,,2024-06-02 00:00:00
touch_8422942,cust_160426,8,2023-08-07 00:00:00,content_download,/case-studies,,2023-09-13 00:00:00
touch_6397064,cust_160426,1,2023-08-12 00:00:00,content_download,/case-studies,campaign_33,2023-09-13 00:00:00
touch_4265440,cust_160426,10,2023-08-17 00:00:00,demo_request,/home,,2023-09-13 00:00:00
touch_2612482,cust_160426,7,2023-08-22 00:00:00,content_download,/features,,2023-09-13 00:00:00
touch_5234701,cust_160426,2,2023-08-28 00:00:00,visit,/blog,campaign_1,2023-09-13 00:00:00
touch_1483113,cust_160426,5,2023-09-02 00:00:00,demo_request,/blog,,2023-09-13 00:00:00
touch_3794653,cust_160426,6,2023-09-07 00:00:00,demo_request,/case-studies,,2023-09-13 00:00:00
touch_7750414,cust_160426,8,2023-09-13 00:00:00,form_submit,/home,,2023-09-13 00:00:00
touch_5956256,cust_229890,4,2024-11-01 00:00:00,visit,/pricing,,2024-11-28 00:00:00
touch_5112181,cust_229890,5,2024-11-05 00:00:00,content_download,/demo,,2024-11-28 00:00:00
touch_3126477,cust_229890,2,2024-11-10 00:00:00,content_download,/case-studies,campaign_21,2024-11-28 00:00:00
touch_3172574,cust_229890,4,2024-11-14 00:00:00,demo_request,/home,,2024-11-28 00:00:00
touch_4993023,cust_229890,8,2024-11-19 00:00:00,demo_request,/demo,,2024-11-28 00:00:00
touch_3993384,cust_229890,3,2024-11-23 00:00:00,content_download,/home,campaign_1,2024-11-28 00:00:00
touch_7124620,cust_229890,4,2024-11-28 00:00:00,demo_request,/blog,,2024-11-28 00:00:00
touch_9580834,cust_978343,7,2023-08-04 00:00:00,visit,/home,,2023-09-22 00:00:00
touch_4273522,cust_332103,2,2024-10-17 00:00:00,content_download,/blog,campaign_10,2024-10-24 00:00:00
touch_7665472,cust_332103,4,2024-10-19 00:00:00,demo_request,/case-studies,,2024-10-24 00:00:00
touch_3688593,cust_332103,4,2024-10-21 00:00:00,click,/home,,2024-10-24 00:00:00
touch_1169129,cust_332103,10,2024-10-24 00:00:00,content_download,/home,,2024-10-24 00:00:00
touch_8115247,cust_281614,5,2024-07-28 00:00:00,demo_request,/case-studies,,2024-09-07 00:00:00
touch_8841285,cust_992952,4,2023-12-07 00:00:00,content_download,/case-studies,,2023-12-24 00:00:00
touch_2893282,cust_992952,3,2023-12-15 00:00:00,form_submit,/features,campaign_5,2023-12-24 00:00:00
touch_2136852,cust_992952,4,2023-12-24 00:00:00,demo_request,/blog,,2023-12-24 00:00:00
touch_3128835,cust_794530,5,2023-12-15 00:00:00,content_download,/case-studies,,2024-01-19 00:00:00
touch_6171636,cust_440930,8,2023-08-26 00:00:00,click,/case-studies,,2023-10-11 00:00:00
touch_4634952,cust_440930,4,2023-09-18 00:00:00,form_submit,/blog,,2023-10-11 00:00:00
touch_3810081,cust_440930,2,2023-10-11 00:00:00,content_download,/pricing,campaign_36,2023-10-11 00:00:00
touch_6432543,cust_944554,5,2024-07-20 00:00:00,form_submit,/blog,,2024-09-06 00:00:00
touch_3362157,cust_944554,1,2024-07-26 00:00:00,click,/pricing,campaign_24,2024-09-06 00:00:00
touch_9799204,cust_944554,3,2024-08-02 00:00:00,demo_request,/features,campaign_30,2024-09-06 00:00:00
touch_3491564,cust_944554,7,2024-08-09 00:00:00,demo_request,/case-studies,,2024-09-06 00:00:00
touch_7710925,cust_944554,2,2024-08-16 00:00:00,click,/case-studies,campaign_34,2024-09-06 00:00:00
touch_2634875,cust_944554,6,2024-08-23 00:00:00,content_download,/home,,2024-09-06 00:00:00
touch_1448697,cust_944554,5,2024-08-30 00:00:00,form_submit,/features,,2024-09-06 00:00:00
touch_7135067,cust_944554,4,2024-09-06 00:00:00,click,/home,,2024-09-06 00:00:00
touch_5561286,cust_507135,4,2022-12-24 00:00:00,demo_request,/blog,,2023-02-06 00:00:00
touch_1957962,cust_507135,5,2023-01-15 00:00:00,demo_request,/features,,2023-02-06 00:00:00
touch_8852008,cust_507135,4,2023-02-06 00:00:00,demo_request,/features,,2023-02-06 00:00:00
touch_8788009,cust_598844,7,2024-10-01 00:00:00,demo_request,/blog,,2024-11-18 00:00:00
touch_2608578,cust_598844,5,2024-10-25 00:00:00,form_submit,/features,,2024-11-18 00:00:00
touch_2356894,cust_598844,8,2024-11-18 00:00:00,visit,/blog,,2024-11-18 00:00:00
touch_9612132,cust_876909,6,2023-08-16 00:00:00,form_submit,/features,,2023-09-22 00:00:00
touch_9114234,cust_876909,2,2023-09-22 00:00:00,form_submit,/blog,campaign_17,2023-09-22 00:00:00
touch_3924441,cust_880360,3,2023-09-12 00:00:00,content_download,/pricing,campaign_36,2023-11-11 00:00:00
touch_9275354,cust_711922,7,2024-07-19 00:00:00,click,/home,,2024-08-17 00:00:00
touch_1377555,cust_711922,6,2024-07-23 00:00:00,form_submit,/demo,,2024-08-17 00:00:00
touch_2347773,cust_711922,6,2024-07-28 00:00:00,demo_request,/demo,,2024-08-17 00:00:00
touch_4528607,cust_711922,2,2024-08-02 00:00:00,form_submit,/demo,campaign_21,2024-08-17 00:00:00
touch_3161704,cust_711922,5,2024-08-07 00:00:00,form_submit,/features,,2024-08-17 00:00:00
touch_7268157,cust_711922,10,2024-08-12 00:00:00,content_download,/blog,,2024-08-17 00:00:00
touch_5505271,cust_711922,7,2024-08-17 00:00:00,content_download,/blog,,2024-08-17 00:00:00
touch_2865954,cust_995735,3,2023-05-28 00:00:00,click,/pricing,campaign_25,2023-06-04 00:00:00
touch_5788942,cust_916779,2,2023-02-28 00:00:00,content_download,/case-studies,campaign_3,2023-03-24 00:00:00
touch_6787363,cust_916779,1,2023-03-12 00:00:00,visit,/blog,campaign_45,2023-03-24 00:00:00
touch_8524120,cust_916779,9,2023-03-24 00:00:00,click,/features,,2023-03-24 00:00:00
touch_7032073,cust_276795,6,2024-06-18 00:00:00,content_download,/case-studies,,2024-08-13 00:00:00
touch_3673208,cust_276795,4,2024-07-02 00:00:00,form_submit,/blog,,2024-08-13 00:00:00
touch_5846017,cust_276795,4,2024-07-16 00:00:00,content_download,/demo,,2024-08-13 00:00:00
touch_1912015,cust_276795,2,2024-07-30 00:00:00,demo_request,/pricing,campaign_22,2024-08-13 00:00:00
touch_1496862,cust_276795,6,2024-08-13 00:00:00,demo_request,/home,,2024-08-13 00:00:00
touch_5191718,cust_600590,6,2024-01-19 00:00:00,form_submit,/case-studies,,2024-01-28 00:00:00
touch_2350595,cust_757128,3,2023-08-17 00:00:00,demo_request,/home,campaign_17,2023-09-12 00:00:00
touch_3258459,cust_757128,7,2023-08-20 00:00:00,visit,/case-studies,,2023-09-12 00:00:00
touch_4267459,cust_757128,1,2023-08-24 00:00:00,visit,/features,campaign_50,2023-09-12 00:00:00
touch_8998249,cust_757128,7,2023-08-28 00:00:00,form_submit,/demo,,2023-09-12 00:00:00
touch_8259861,cust_757128,2,2023-08-31 00:00:00,demo_request,/case-studies,campaign_49,2023-09-12 00:00:00
touch_9409580,cust_757128,1,2023-09-04 00:00:00,content_download,/demo,campaign_23,2023-09-12 00:00:00
touch_7038449,cust_757128,8,2023-09-08 00:00:00,form_submit,/features,,2023-09-12 00:00:00
touch_9538313,cust_757128,3,2023-09-12 00:00:00,content_download,/blog,campaign_21,2023-09-12 00:00:00
touch_8150427,cust_147939,4,2023-09-22 00:00:00,content_download,/features,,2023-11-02 00:00:00
touch_9404780,cust_147939,9,2023-09-28 00:00:00,content_download,/blog,,2023-11-02 00:00:00
touch_7725253,cust_147939,1,2023-10-05 00:00:00,form_submit,/blog,campaign_31,2023-11-02 00:00:00
touch_1754339,cust_147939,1,2023-10-12 00:00:00,visit,/home,campaign_12,2023-11-02 00:00:00
touch_5382102,cust_147939,3,2023-10-19 00:00:00,content_download,/case-studies,campaign_17,2023-11-02 00:00:00
touch_5182998,cust_147939,3,2023-10-26 00:00:00,click,/features,campaign_29,2023-11-02 00:00:00
touch_6857295,cust_147939,4,2023-11-02 00:00:00,click,/blog,,2023-11-02 00:00:00
touch_9534966,cust_476701,8,2023-05-26 00:00:00,form_submit,/features,,2023-07-12 00:00:00
touch_5809098,cust_476701,4,2023-06-06 00:00:00,visit,/case-studies,,2023-07-12 00:00:00
touch_7239071,cust_476701,5,2023-06-18 00:00:00,visit,/features,,2023-07-12 00:00:00
touch_7469913,cust_476701,5,2023-06-30 00:00:00,click,/pricing,,2023-07-12 00:00:00
touch_8170569,cust_476701,8,2023-07-12 00:00:00,demo_request,/features,,2023-07-12 00:00:00
touch_7608570,cust_122977,3,2024-08-15 00:00:00,visit,/pricing,campaign_35,2024-08-26 00:00:00
touch_7106435,cust_122977,3,2024-08-26 00:00:00,demo_request,/features,campaign_21,2024-08-26 00:00:00
touch_9799498,cust_150947,5,2024-08-14 00:00:00,visit,/case-studies,,2024-08-31 00:00:00
touch_3546111,cust_150947,1,2024-08-18 00:00:00,form_submit,/home,campaign_40,2024-08-31 00:00:00
touch_8721958,cust_150947,5,2024-08-22 00:00:00,content_download,/case-studies,,2024-08-31 00:00:00
touch_9720836,cust_150947,1,2024-08-26 00:00:00,visit,/home,campaign_46,2024-08-31 00:00:00
touch_8406915,cust_150947,5,2024-08-31 00:00:00,content_download,/features,,2024-08-31 00:00:00
touch_5429343,cust_365015,5,2024-03-30 00:00:00,demo_request,/blog,,2024-04-30 00:00:00
touch_9720251,cust_365015,9,2024-04-09 00:00:00,form_submit,/blog,,2024-04-30 00:00:00
touch_2667010,cust_365015,1,2024-04-19 00:00:00,form_submit,/pricing,campaign_44,2024-04-30 00:00:00
touch_5551727,cust_365015,5,2024-04-30 00:00:00,content_download,/features,,2024-04-30 00:00:00
touch_9052430,cust_753050,7,2024-07-27 00:00:00,content_download,/case-studies,,2024-09-12 00:00:00
touch_9945837,cust_753050,8,2024-08-11 00:00:00,demo_request,/pricing,,2024-09-12 00:00:00
touch_8011398,cust_753050,5,2024-08-27 00:00:00,visit,/demo,,2024-09-12 00:00:00
touch_2521381,cust_753050,7,2024-09-12 00:00:00,demo_request,/case-studies,,2024-09-12 00:00:00
touch_6152746,cust_621917,2,2023-05-26 00:00:00,form_submit,/blog,campaign_44,2023-07-23 00:00:00
touch_5914287,cust_621917,1,2023-06-03 00:00:00,click,/home,campaign_40,2023-07-23 00:00:00
touch_6336281,cust_621917,4,2023-06-11 00:00:00,click,/case-studies,,2023-07-23 00:00:00
touch_8499836,cust_621917,1,2023-06-19 00:00:00,demo_request,/case-studies,campaign_3,2023-07-23 00:00:00
touch_1464694,cust_621917,5,2023-06-28 00:00:00,form_submit,/pricing,,2023-07-23 00:00:00
touch_3250909,cust_621917,5,2023-07-06 00:00:00,content_download,/home,,2023-07-23 00:00:00
touch_9222380,cust_621917,3,2023-07-14 00:00:00,form_submit,/home,campaign_9,2023-07-23 00:00:00
touch_9917500,cust_621917,10,2023-07-23 00:00:00,form_submit,/features,,2023-07-23 00:00:00
touch_8104465,cust_674765,8,2024-04-12 00:00:00,demo_request,/features,,2024-05-23 00:00:00
touch_2578264,cust_674765,3,2024-04-20 00:00:00,click,/demo,campaign_34,2024-05-23 00:00:00
touch_1582890,cust_674765,1,2024-04-28 00:00:00,content_download,/blog,campaign_16,2024-05-23 00:00:00
touch_4518258,cust_674765,4,2024-05-06 00:00:00,visit,/blog,,2024-05-23 00:00:00
touch_5056217,cust_674765,5,2024-05-14 00:00:00,form_submit,/blog,,2024-05-23 00:00:00
touch_4958458,cust_674765,1,2024-05-23 00:00:00,form_submit,/features,campaign_38,2024-05-23 00:00:00
touch_7203885,cust_801520,6,2024-05-01 00:00:00,demo_request,/home,,2024-05-20 00:00:00
touch_4038768,cust_801520,9,2024-05-10 00:00:00,form_submit,/features,,2024-05-20 00:00:00
touch_9387638,cust_801520,6,2024-05-20 00:00:00,visit,/home,,2024-05-20 00:00:00
touch_4483978,cust_410401,4,2023-09-10 00:00:00,form_submit,/home,,2023-09-28 00:00:00
touch_5747849,cust_410401,8,2023-09-13 00:00:00,demo_request,/pricing,,2023-09-28 00:00:00
touch_7906417,cust_410401,4,2023-09-16 00:00:00,click,/pricing,,2023-09-28 00:00:00
touch_1917883,cust_410401,4,2023-09-19 00:00:00,click,/pricing,,2023-09-28 00:00:00
touch_5302271,cust_410401,1,2023-09-22 00:00:00,visit,/pricing,campaign_34,2023-09-28 00:00:00
touch_1746111,cust_410401,6,2023-09-25 00:00:00,content_download,/home,,2023-09-28 00:00:00
touch_7507381,cust_410401,7,2023-09-28 00:00:00,click,/features,,2023-09-28 00:00:00
touch_7964536,cust_874415,7,2023-04-09 00:00:00,visit,/pricing,,2023-04-29 00:00:00
touch_7297521,cust_874415,5,2023-04-14 00:00:00,click,/pricing,,2023-04-29 00:00:00
touch_7678663,cust_874415,5,2023-04-19 00:00:00,form_submit,/home,,2023-04-29 00:00:00
touch_4006950,cust_874415,5,2023-04-24 00:00:00,demo_request,/blog,,2023-04-29 00:00:00
touch_9310085,cust_874415,7,2023-04-29 00:00:00,visit,/pricing,,2023-04-29 00:00:00
touch_2478777,cust_558976,1,2024-09-12 00:00:00,form_submit,/case-studies,campaign_41,2024-09-28 00:00:00
touch_4821230,cust_558976,8,2024-09-15 00:00:00,form_submit,/home,,2024-09-28 00:00:00
touch_4321740,cust_558976,4,2024-09-18 00:00:00,content_download,/blog,,2024-09-28 00:00:00
touch_5416400,cust_558976,3,2024-09-21 00:00:00,form_submit,/blog,campaign_24,2024-09-28 00:00:00
touch_1860528,cust_558976,1,2024-09-24 00:00:00,click,/case-studies,campaign_16,2024-09-28 00:00:00
touch_8895068,cust_558976,1,2024-09-28 00:00:00,click,/pricing,campaign_17,2024-09-28 00:00:00
touch_4978829,cust_976303,8,2024-01-03 00:00:00,visit,/demo,,2024-01-30 00:00:00
touch_1071603,cust_985364,5,2023-05-30 00:00:00,form_submit,/features,,2023-06-13 00:00:00
touch_3268356,cust_985364,5,2023-06-13 00:00:00,content_download,/features,,2023-06-13 00:00:00
touch_9499020,cust_741055,5,2023-01-11 00:00:00,content_download,/home,,2023-01-30 00:00:00
touch_8026800,cust_741055,6,2023-01-20 00:00:00,demo_request,/case-studies,,2023-01-30 00:00:00
touch_6611453,cust_741055,5,2023-01-30 00:00:00,form_submit,/features,,2023-01-30 00:00:00
touch_2062107,cust_166412,5,2023-09-03 00:00:00,demo_request,/pricing,,2023-09-25 00:00:00
touch_4521464,cust_166412,4,2023-09-06 00:00:00,demo_request,/blog,,2023-09-25 00:00:00
touch_5984311,cust_166412,6,2023-09-10 00:00:00,demo_request,/demo,,2023-09-25 00:00:00
touch_1710399,cust_166412,4,2023-09-14 00:00:00,visit,/features,,2023-09-25 00:00:00
touch_9192836,cust_166412,5,2023-09-17 00:00:00,click,/pricing,,2023-09-25 00:00:00
touch_1055329,cust_166412,7,2023-09-21 00:00:00,content_download,/blog,,2023-09-25 00:00:00
touch_7812489,cust_166412,9,2023-09-25 00:00:00,content_download,/home,,2023-09-25 00:00:00
touch_8649592,cust_802382,5,2023-12-06 00:00:00,form_submit,/home,,2023-12-13 00:00:00
touch_6278714,cust_802382,1,2023-12-07 00:00:00,visit,/features,campaign_27,2023-12-13 00:00:00
touch_7571272,cust_802382,5,2023-12-09 00:00:00,form_submit,/features,,2023-12-13 00:00:00
touch_1652838,cust_802382,4,2023-12-11 00:00:00,content_download,/features,,2023-12-13 00:00:00
touch_7658955,cust_802382,5,2023-12-13 00:00:00,demo_request,/demo,,2023-12-13 00:00:00
touch_5856554,cust_772561,4,2024-01-13 00:00:00,click,/home,,2024-01-30 00:00:00
touch_1304390,cust_772561,2,2024-01-21 00:00:00,visit,/demo,campaign_16,2024-01-30 00:00:00
touch_2762251,cust_772561,4,2024-01-30 00:00:00,visit,/demo,,2024-01-30 00:00:00
touch_5131374,cust_619920,6,2023-04-20 00:00:00,content_download,/pricing,,2023-06-19 00:00:00
touch_2317582,cust_619920,3,2023-04-28 00:00:00,visit,/features,campaign_46,2023-06-19 00:00:00
touch_1828993,cust_619920,1,2023-05-07 00:00:00,click,/blog,campaign_26,2023-06-19 00:00:00
touch_3422865,cust_619920,1,2023-05-15 00:00:00,click,/pricing,campaign_36,2023-06-19 00:00:00
touch_3023572,cust_619920,4,2023-05-24 00:00:00,form_submit,/home,,2023-06-19 00:00:00
touch_3207907,cust_619920,5,2023-06-01 00:00:00,form_submit,/features,,2023-06-19 00:00:00
touch_3443477,cust_619920,2,2023-06-10 00:00:00,form_submit,/case-studies,campaign_39,2023-06-19 00:00:00
touch_5819150,cust_619920,3,2023-06-19 00:00:00,click,/home,campaign_10,2023-06-19 00:00:00
touch_1934922,cust_522866,6,2023-07-09 00:00:00,visit,/home,,2023-08-29 00:00:00
touch_3171186,cust_522866,1,2023-07-26 00:00:00,content_download,/blog,campaign_39,2023-08-29 00:00:00
touch_3703073,cust_522866,1,2023-08-12 00:00:00,form_submit,/case-studies,campaign_16,2023-08-29 00:00:00
touch_9192440,cust_522866,6,2023-08-29 00:00:00,demo_request,/home,,2023-08-29 00:00:00
touch_3714538,cust_881439,4,2024-10-03 00:00:00,demo_request,/features,,2024-10-31 00:00:00
touch_2955790,cust_881439,9,2024-10-12 00:00:00,content_download,/demo,,2024-10-31 00:00:00
touch_5708991,cust_881439,1,2024-10-21 00:00:00,demo_request,/features,campaign_27,2024-10-31 00:00:00
touch_5796215,cust_881439,6,2024-10-31 00:00:00,visit,/blog,,2024-10-31 00:00:00
touch_7088470,cust_633030,4,2024-06-23 00:00:00,click,/demo,,2024-07-29 00:00:00
touch_5614926,cust_633030,1,2024-06-28 00:00:00,visit,/blog,campaign_13,2024-07-29 00:00:00
touch_8800332,cust_633030,1,2024-07-03 00:00:00,visit,/blog,campaign_4,2024-07-29 00:00:00
touch_4984285,cust_633030,3,2024-07-08 00:00:00,content_download,/home,campaign_9,2024-07-29 00:00:00
touch_4148889,cust_633030,4,2024-07-13 00:00:00,visit,/case-studies,,2024-07-29 00:00:00
touch_8097969,cust_633030,9,2024-07-18 00:00:00,content_download,/case-studies,,2024-07-29 00:00:00
touch_2155280,cust_633030,1,2024-07-23 00:00:00,content_download,/case-studies,campaign_50,2024-07-29 00:00:00
touch_4137657,cust_633030,4,2024-07-29 00:00:00,demo_request,/pricing,,2024-07-29 00:00:00
touch_8896929,cust_904694,5,2024-08-30 00:00:00,content_download,/demo,,2024-09-26 00:00:00
touch_4058567,cust_904694,1,2024-09-05 00:00:00,form_submit,/pricing,campaign_33,2024-09-26 00:00:00
touch_5686937,cust_904694,1,2024-09-12 00:00:00,content_download,/pricing,campaign_39,2024-09-26 00:00:00
touch_4121790,cust_904694,1,2024-09-19 00:00:00,click,/blog,campaign_15,2024-09-26 00:00:00
touch_2387719,cust_904694,5,2024-09-26 00:00:00,click,/blog,,2024-09-26 00:00:00
touch_1468888,cust_970196,2,2024-09-22 00:00:00,content_download,/pricing,campaign_32,2024-10-10 00:00:00
touch_5886670,cust_970196,5,2024-09-25 00:00:00,visit,/case-studies,,2024-10-10 00:00:00
touch_5662395,cust_970196,5,2024-09-29 00:00:00,form_submit,/home,,2024-10-10 00:00:00
touch_6677306,cust_970196,1,2024-10-02 00:00:00,click,/pricing,campaign_38,2024-10-10 00:00:00
touch_5221818,cust_970196,9,2024-10-06 00:00:00,form_submit,/demo,,2024-10-10 00:00:00
touch_1440951,cust_970196,3,2024-10-10 00:00:00,demo_request,/case-studies,campaign_42,2024-10-10 00:00:00
touch_6846066,cust_856609,7,2024-01-12 00:00:00,visit,/features,,2024-02-24 00:00:00
touch_3621744,cust_856609,4,2024-01-26 00:00:00,demo_request,/case-studies,,2024-02-24 00:00:00
touch_8702095,cust_856609,1,2024-02-09 00:00:00,form_submit,/home,campaign_23,2024-02-24 00:00:00
touch_4930731,cust_856609,7,2024-02-24 00:00:00,click,/case-studies,,2024-02-24 00:00:00
touch_7127224,cust_851606,1,2023-11-04 00:00:00,demo_request,/home,campaign_47,2023-12-13 00:00:00
touch_1362919,cust_851606,7,2023-11-09 00:00:00,form_submit,/pricing,,2023-12-13 00:00:00
touch_5495743,cust_851606,6,2023-11-15 00:00:00,form_submit,/blog,,2023-12-13 00:00:00
touch_6797632,cust_851606,4,2023-11-20 00:00:00,visit,/blog,,2023-12-13 00:00:00
touch_4106561,cust_851606,5,2023-11-26 00:00:00,form_submit,/demo,,2023-12-13 00:00:00
touch_4051842,cust_851606,1,2023-12-01 00:00:00,click,/home,campaign_1,2023-12-13 00:00:00
touch_8069428,cust_851606,4,2023-12-07 00:00:00,visit,/blog,,2023-12-13 00:00:00
touch_6091897,cust_851606,1,2023-12-13 00:00:00,demo_request,/features,campaign_26,2023-12-13 00:00:00
touch_6873392,cust_790441,4,2024-08-01 00:00:00,click,/case-studies,,2024-08-26 00:00:00
touch_5511010,cust_790441,5,2024-08-04 00:00:00,demo_request,/pricing,,2024-08-26 00:00:00
touch_7389161,cust_790441,6,2024-08-08 00:00:00,form_submit,/home,,2024-08-26 00:00:00
touch_7391943,cust_790441,4,2024-08-11 00:00:00,demo_request,/pricing,,2024-08-26 00:00:00
touch_3338732,cust_790441,5,2024-08-15 00:00:00,content_download,/case-studies,,2024-08-26 00:00:00
touch_3897634,cust_790441,1,2024-08-18 00:00:00,form_submit,/pricing,campaign_44,2024-08-26 00:00:00
touch_5432233,cust_790441,5,2024-08-22 00:00:00,visit,/home,,2024-08-26 00:00:00
touch_7173286,cust_790441,1,2024-08-26 00:00:00,form_submit,/case-studies,campaign_27,2024-08-26 00:00:00
touch_2203040,cust_633025,6,2023-05-14 00:00:00,click,/demo,,2023-07-01 00:00:00
touch_8477565,cust_633025,5,2023-06-07 00:00:00,content_download,/case-studies,,2023-07-01 00:00:00
touch_5451132,cust_633025,6,2023-07-01 00:00:00,visit,/case-studies,,2023-07-01 00:00:00
touch_9118038,cust_503348,6,2024-01-21 00:00:00,visit,/pricing,,2024-03-04 00:00:00
touch_5473417,cust_503348,2,2024-01-29 00:00:00,click,/features,campaign_50,2024-03-04 00:00:00
touch_4332037,cust_503348,3,2024-02-07 00:00:00,click,/home,campaign_28,2024-03-04 00:00:00
touch_4773549,cust_503348,3,2024-02-15 00:00:00,click,/demo,campaign_41,2024-03-04 00:00:00
touch_4701989,cust_503348,1,2024-02-24 00:00:00,form_submit,/home,campaign_45,2024-03-04 00:00:00
touch_4485520,cust_503348,6,2024-03-04 00:00:00,content_download,/home,,2024-03-04 00:00:00
touch_4188748,cust_532794,5,2024-08-23 00:00:00,visit,/home,,2024-09-08 00:00:00
touch_6622871,cust_532794,5,2024-08-26 00:00:00,content_download,/blog,,2024-09-08 00:00:00
touch_1506045,cust_532794,2,2024-08-29 00:00:00,demo_request,/case-studies,campaign_24,2024-09-08 00:00:00
touch_2309122,cust_532794,2,2024-09-01 00:00:00,click,/pricing,campaign_24,2024-09-08 00:00:00
touch_7741951,cust_532794,1,2024-09-04 00:00:00,form_submit,/blog,campaign_29,2024-09-08 00:00:00
touch_8776950,cust_532794,4,2024-09-08 00:00:00,visit,/demo,,2024-09-08 00:00:00
touch_7397754,cust_327900,2,2023-06-07 00:00:00,form_submit,/features,campaign_11,2023-07-25 00:00:00
touch_4905004,cust_327900,4,2023-06-13 00:00:00,visit,/demo,,2023-07-25 00:00:00
touch_1501828,cust_327900,9,2023-06-20 00:00:00,content_download,/blog,,2023-07-25 00:00:00
touch_1667618,cust_327900,1,2023-06-27 00:00:00,visit,/case-studies,campaign_3,2023-07-25 00:00:00
touch_5937963,cust_327900,1,2023-07-04 00:00:00,form_submit,/blog,campaign_50,2023-07-25 00:00:00
touch_7572119,cust_327900,1,2023-07-11 00:00:00,demo_request,/case-studies,campaign_20,2023-07-25 00:00:00
touch_2758001,cust_327900,8,2023-07-18 00:00:00,visit,/case-studies,,2023-07-25 00:00:00
touch_6157155,cust_327900,2,2023-07-25 00:00:00,demo_request,/case-studies,campaign_2,2023-07-25 00:00:00
touch_2167304,cust_628370,5,2024-06-15 00:00:00,visit,/case-studies,,2024-07-09 00:00:00
touch_4226971,cust_537757,4,2024-10-17 00:00:00,visit,/case-studies,,2024-11-21 00:00:00
touch_1516184,cust_155642,6,2024-10-05 00:00:00,form_submit,/blog,,2024-11-17 00:00:00
touch_1273070,cust_155642,5,2024-10-15 00:00:00,content_download,/features,,2024-11-17 00:00:00
touch_5444286,cust_155642,1,2024-10-26 00:00:00,visit,/pricing,campaign_5,2024-11-17 00:00:00
touch_1672781,cust_155642,1,2024-11-06 00:00:00,form_submit,/case-studies,campaign_14,2024-11-17 00:00:00
touch_6838738,cust_155642,6,2024-11-17 00:00:00,form_submit,/home,,2024-11-17 00:00:00
touch_9760957,cust_922458,1,2023-10-18 00:00:00,demo_request,/demo,campaign_36,2023-10-30 00:00:00
touch_7493411,cust_922458,2,2023-10-22 00:00:00,content_download,/home,campaign_50,2023-10-30 00:00:00
touch_7001604,cust_922458,4,2023-10-26 00:00:00,visit,/features,,2023-10-30 00:00:00
touch_9764191,cust_922458,1,2023-10-30 00:00:00,click,/features,campaign_5,2023-10-30 00:00:00
touch_6891831,cust_878476,4,2024-09-22 00:00:00,visit,/features,,2024-10-24 00:00:00
touch_8681070,cust_878476,5,2024-09-28 00:00:00,content_download,/home,,2024-10-24 00:00:00
touch_2091192,cust_878476,5,2024-10-04 00:00:00,form_submit,/pricing,,2024-10-24 00:00:00
touch_2927002,cust_878476,4,2024-10-11 00:00:00,visit,/features,,2024-10-24 00:00:00
touch_2329974,cust_878476,1,2024-10-17 00:00:00,content_download,/pricing,campaign_47,2024-10-24 00:00:00
touch_2614218,cust_878476,4,2024-10-24 00:00:00,form_submit,/pricing,,2024-10-24 00:00:00
touch_2876737,cust_506380,4,2024-01-16 00:00:00,visit,/demo,,2024-03-02 00:00:00
touch_8077662,cust_506380,1,2024-01-25 00:00:00,form_submit,/home,campaign_41,2024-03-02 00:00:00
touch_9370278,cust_506380,2,2024-02-03 00:00:00,click,/features,campaign_23,2024-03-02 00:00:00
touch_1604538,cust_506380,2,2024-02-12 00:00:00,content_download,/pricing,campaign_32,2024-03-02 00:00:00
touch_4135537,cust_506380,7,2024-02-21 00:00:00,click,/home,,2024-03-02 00:00:00
touch_6400715,cust_506380,4,2024-03-02 00:00:00,visit,/blog,,2024-03-02 00:00:00
touch_6043921,cust_564586,6,2023-07-23 00:00:00,visit,/blog,,2023-08-19 00:00:00
touch_1578518,cust_564586,4,2023-07-29 00:00:00,demo_request,/demo,,2023-08-19 00:00:00
touch_3153001,cust_564586,5,2023-08-05 00:00:00,form_submit,/pricing,,2023-08-19 00:00:00
touch_7836874,cust_564586,6,2023-08-12 00:00:00,visit,/home,,2023-08-19 00:00:00
touch_4985461,cust_564586,5,2023-08-19 00:00:00,visit,/blog,,2023-08-19 00:00:00
touch_1988540,cust_302897,2,2023-09-03 00:00:00,visit,/blog,campaign_40,2023-10-29 00:00:00
touch_2917027,cust_302897,5,2023-10-29 00:00:00,click,/case-studies,,2023-10-29 00:00:00
touch_3276959,cust_392670,5,2024-06-01 00:00:00,click,/blog,,2024-07-23 00:00:00
touch_6132214,cust_392670,4,2024-06-08 00:00:00,visit,/features,,2024-07-23 00:00:00
touch_5309980,cust_392670,5,2024-06-15 00:00:00,demo_request,/pricing,,2024-07-23 00:00:00
touch_5440735,cust_392670,6,2024-06-23 00:00:00,click,/features,,2024-07-23 00:00:00
touch_1737397,cust_392670,5,2024-06-30 00:00:00,click,/demo,,2024-07-23 00:00:00
touch_3914395,cust_392670,4,2024-07-08 00:00:00,content_download,/pricing,,2024-07-23 00:00:00
touch_8272810,cust_392670,4,2024-07-15 00:00:00,demo_request,/demo,,2024-07-23 00:00:00
touch_2049446,cust_392670,7,2024-07-23 00:00:00,visit,/home,,2024-07-23 00:00:00
touch_3276171,cust_438302,1,2024-08-23 00:00:00,content_download,/pricing,campaign_18,2024-09-03 00:00:00
touch_8148217,cust_438302,1,2024-08-25 00:00:00,content_download,/demo,campaign_32,2024-09-03 00:00:00
touch_4918814,cust_438302,5,2024-08-27 00:00:00,content_download,/demo,,2024-09-03 00:00:00
touch_2118189,cust_438302,4,2024-08-29 00:00:00,visit,/demo,,2024-09-03 00:00:00
touch_3260770,cust_438302,1,2024-08-31 00:00:00,form_submit,/home,campaign_33,2024-09-03 00:00:00
touch_4742770,cust_438302,5,2024-09-03 00:00:00,form_submit,/home,,2024-09-03 00:00:00
touch_6963713,cust_842057,1,2023-11-03 00:00:00,content_download,/blog,campaign_12,2023-11-22 00:00:00
touch_4024776,cust_842057,1,2023-11-09 00:00:00,click,/demo,campaign_25,2023-11-22 00:00:00
touch_7499075,cust_842057,1,2023-11-15 00:00:00,click,/home,campaign_6,2023-11-22 00:00:00
touch_3533854,cust_842057,1,2023-11-22 00:00:00,demo_request,/features,campaign_47,2023-11-22 00:00:00
touch_7730539,cust_466375,3,2023-06-26 00:00:00,visit,/case-studies,campaign_36,2023-08-15 00:00:00
touch_8101291,cust_466375,4,2023-08-15 00:00:00,visit,/home,,2023-08-15 00:00:00
touch_5015938,cust_888669,3,2024-09-14 00:00:00,demo_request,/home,campaign_48,2024-10-26 00:00:00
touch_9011739,cust_436526,4,2023-12-08 00:00:00,content_download,/demo,,2024-01-26 00:00:00
touch_7912027,cust_436526,2,2024-01-01 00:00:00,visit,/blog,campaign_27,2024-01-26 00:00:00
touch_4469247,cust_436526,4,2024-01-26 00:00:00,click,/blog,,2024-01-26 00:00:00
touch_7784751,cust_610451,1,2023-02-05 00:00:00,content_download,/demo,campaign_1,2023-02-14 00:00:00
touch_6710436,cust_610451,6,2023-02-06 00:00:00,form_submit,/home,,2023-02-14 00:00:00
touch_1444748,cust_610451,4,2023-02-08 00:00:00,visit,/features,,2023-02-14 00:00:00
touch_1816507,cust_610451,7,2023-02-10 00:00:00,demo_request,/home,,2023-02-14 00:00:00
touch_1722277,cust_610451,4,2023-02-12 00:00:00,content_download,/case-studies,,2023-02-14 00:00:00
touch_7051661,cust_610451,1,2023-02-14 00:00:00,visit,/case-studies,campaign_46,2023-02-14 00:00:00
touch_8232325,cust_659106,9,2022-12-10 00:00:00,form_submit,/features,,2023-01-08 00:00:00
touch_5830537,cust_969005,1,2024-02-06 00:00:00,visit,/pricing,campaign_17,2024-03-21 00:00:00
touch_2104484,cust_969005,1,2024-03-21 00:00:00,content_download,/home,campaign_24,2024-03-21 00:00:00
touch_1709824,cust_156904,4,2023-05-12 00:00:00,content_download,/demo,,2023-07-02 00:00:00
touch_9468355,cust_431773,4,2022-12-05 00:00:00,visit,/case-studies,,2023-01-18 00:00:00
touch_4531509,cust_431773,2,2023-01-18 00:00:00,content_download,/demo,campaign_34,2023-01-18 00:00:00
touch_3247009,cust_176115,6,2023-11-17 00:00:00,visit,/demo,,2024-01-02 00:00:00
touch_2569938,cust_176115,4,2023-11-28 00:00:00,visit,/demo,,2024-01-02 00:00:00
touch_6584135,cust_176115,4,2023-12-10 00:00:00,form_submit,/home,,2024-01-02 00:00:00
touch_1681902,cust_176115,9,2023-12-21 00:00:00,form_submit,/pricing,,2024-01-02 00:00:00
touch_4339940,cust_176115,3,2024-01-02 00:00:00,visit,/features,campaign_29,2024-01-02 00:00:00
touch_3975658,cust_132316,7,2024-03-13 00:00:00,demo_request,/features,,2024-04-30 00:00:00
touch_5157221,cust_132316,1,2024-03-22 00:00:00,demo_request,/demo,campaign_3,2024-04-30 00:00:00
touch_1987974,cust_132316,7,2024-04-01 00:00:00,click,/demo,,2024-04-30 00:00:00
touch_8203250,cust_132316,4,2024-04-10 00:00:00,content_download,/features,,2024-04-30 00:00:00
touch_8918537,cust_132316,7,2024-04-20 00:00:00,form_submit,/pricing,,2024-04-30 00:00:00
touch_2258473,cust_132316,3,2024-04-30 00:00:00,form_submit,/pricing,campaign_17,2024-04-30 00:00:00
touch_3292264,cust_810189,1,2024-09-30 00:00:00,content_download,/home,campaign_34,2024-10-25 00:00:00
touch_1951622,cust_810189,1,2024-10-03 00:00:00,content_download,/blog,campaign_3,2024-10-25 00:00:00
touch_1432349,cust_810189,6,2024-10-07 00:00:00,click,/demo,,2024-10-25 00:00:00
touch_1035767,cust_810189,4,2024-10-10 00:00:00,visit,/home,,2024-10-25 00:00:00
touch_3404289,cust_810189,2,2024-10-14 00:00:00,visit,/blog,campaign_10,2024-10-25 00:00:00
touch_5313135,cust_810189,7,2024-10-17 00:00:00,visit,/demo,,2024-10-25 00:00:00
touch_1412512,cust_810189,1,2024-10-21 00:00:00,demo_request,/demo,campaign_23,2024-10-25 00:00:00
touch_9728436,cust_810189,1,2024-10-25 00:00:00,demo_request,/features,campaign_8,2024-10-25 00:00:00
touch_1309980,cust_663244,6,2024-06-12 00:00:00,content_download,/demo,,2024-07-14 00:00:00
touch_5460411,cust_663244,2,2024-06-17 00:00:00,demo_request,/home,campaign_18,2024-07-14 00:00:00
touch_5847434,cust_663244,2,2024-06-22 00:00:00,content_download,/case-studies,campaign_5,2024-07-14 00:00:00
touch_3370791,cust_663244,4,2024-06-28 00:00:00,click,/case-studies,,2024-07-14 00:00:00
touch_8822178,cust_663244,1,2024-07-03 00:00:00,content_download,/pricing,campaign_28,2024-07-14 00:00:00
touch_6712260,cust_663244,1,2024-07-08 00:00:00,form_submit,/case-studies,campaign_3,2024-07-14 00:00:00
touch_7401597,cust_663244,6,2024-07-14 00:00:00,visit,/case-studies,,2024-07-14 00:00:00
touch_7916730,cust_249375,7,2023-05-05 00:00:00,form_submit,/case-studies,,2023-06-14 00:00:00
touch_3384289,cust_249375,3,2023-05-25 00:00:00,visit,/case-studies,campaign_34,2023-06-14 00:00:00
touch_7426678,cust_249375,7,2023-06-14 00:00:00,demo_request,/blog,,2023-06-14 00:00:00
touch_4644312,cust_675512,5,2024-03-25 00:00:00,click,/case-studies,,2024-04-17 00:00:00
touch_5604147,cust_675512,5,2024-03-28 00:00:00,form_submit,/pricing,,2024-04-17 00:00:00
touch_2063522,cust_675512,7,2024-04-01 00:00:00,demo_request,/home,,2024-04-17 00:00:00
touch_5933106,cust_675512,1,2024-04-05 00:00:00,demo_request,/demo,campaign_27,2024-04-17 00:00:00
touch_6095718,cust_675512,1,2024-04-09 00:00:00,form_submit,/features,campaign_15,2024-04-17 00:00:00
touch_4768057,cust_675512,6,2024-04-13 00:00:00,content_download,/pricing,,2024-04-17 00:00:00
touch_1620682,cust_675512,2,2024-04-17 00:00:00,demo_request,/home,campaign_33,2024-04-17 00:00:00
touch_8849130,cust_474486,1,2023-04-07 00:00:00,demo_request,/features,campaign_29,2023-05-12 00:00:00
touch_4625117,cust_474486,3,2023-04-14 00:00:00,visit,/blog,campaign_46,2023-05-12 00:00:00
touch_5276971,cust_474486,2,2023-04-21 00:00:00,click,/case-studies,campaign_37,2023-05-12 00:00:00
touch_3658314,cust_474486,1,2023-04-28 00:00:00,form_submit,/blog,campaign_11,2023-05-12 00:00:00
touch_6736000,cust_474486,5,2023-05-05 00:00:00,click,/pricing,,2023-05-12 00:00:00
touch_2315697,cust_474486,1,2023-05-12 00:00:00,form_submit,/home,campaign_11,2023-05-12 00:00:00
touch_1075988,cust_791454,4,2023-09-16 00:00:00,demo_request,/blog,,2023-11-10 00:00:00
touch_2486873,cust_791454,4,2023-11-10 00:00:00,visit,/demo,,2023-11-10 00:00:00
touch_8478935,cust_332286,3,2024-09-21 00:00:00,demo_request,/case-studies,campaign_11,2024-10-18 00:00:00
touch_3171553,cust_332286,5,2024-09-25 00:00:00,form_submit,/demo,,2024-10-18 00:00:00
touch_3194389,cust_332286,3,2024-09-30 00:00:00,demo_request,/pricing,campaign_36,2024-10-18 00:00:00
touch_5203413,cust_332286,6,2024-10-04 00:00:00,visit,/case-studies,,2024-10-18 00:00:00
touch_5942231,cust_332286,5,2024-10-09 00:00:00,form_submit,/home,,2024-10-18 00:00:00
touch_7700848,cust_332286,5,2024-10-13 00:00:00,click,/blog,,2024-10-18 00:00:00
touch_5257405,cust_332286,1,2024-10-18 00:00:00,content_download,/demo,campaign_39,2024-10-18 00:00:00
touch_5319962,cust_610626,5,2024-06-08 00:00:00,form_submit,/blog,,2024-07-18 00:00:00
touch_7785155,cust_757057,1,2023-03-11 00:00:00,form_submit,/pricing,campaign_12,2023-03-20 00:00:00
touch_4740199,cust_757057,5,2023-03-12 00:00:00,visit,/features,,2023-03-20 00:00:00
touch_4378985,cust_757057,5,2023-03-14 00:00:00,visit,/demo,,2023-03-20 00:00:00
touch_2751619,cust_757057,1,2023-03-15 00:00:00,demo_request,/home,campaign_19,2023-03-20 00:00:00
touch_9324691,cust_757057,5,2023-03-17 00:00:00,demo_request,/demo,,2023-03-20 00:00:00
touch_2270081,cust_757057,8,2023-03-18 00:00:00,form_submit,/home,,2023-03-20 00:00:00
touch_4789853,cust_757057,1,2023-03-20 00:00:00,click,/features,campaign_21,2023-03-20 00:00:00
touch_3499261,cust_138436,10,2024-06-30 00:00:00,demo_request,/case-studies,,2024-07-18 00:00:00
touch_2458978,cust_138436,3,2024-07-18 00:00:00,demo_request,/pricing,campaign_13,2024-07-18 00:00:00
touch_6105632,cust_718241,4,2023-09-13 00:00:00,content_download,/case-studies,,2023-10-25 00:00:00
touch_6873001,cust_718241,2,2023-09-19 00:00:00,visit,/demo,campaign_20,2023-10-25 00:00:00
touch_3229324,cust_718241,2,2023-09-25 00:00:00,visit,/pricing,campaign_39,2023-10-25 00:00:00
touch_1999420,cust_718241,3,2023-10-01 00:00:00,visit,/demo,campaign_33,2023-10-25 00:00:00
touch_8490356,cust_718241,4,2023-10-07 00:00:00,form_submit,/features,,2023-10-25 00:00:00
touch_6382972,cust_718241,1,2023-10-13 00:00:00,click,/case-studies,campaign_21,2023-10-25 00:00:00
touch_7438905,cust_718241,4,2023-10-19 00:00:00,visit,/case-studies,,2023-10-25 00:00:00
touch_8589023,cust_718241,4,2023-10-25 00:00:00,click,/pricing,,2023-10-25 00:00:00
touch_5248060,cust_743863,1,2024-11-20 00:00:00,content_download,/features,campaign_6,2024-12-01 00:00:00
touch_2562849,cust_743863,10,2024-11-21 00:00:00,content_download,/case-studies,,2024-12-01 00:00:00
touch_6301406,cust_743863,2,2024-11-23 00:00:00,content_download,/demo,campaign_46,2024-12-01 00:00:00
touch_5617975,cust_743863,1,2024-11-25 00:00:00,demo_request,/case-studies,campaign_11,2024-12-01 00:00:00
touch_5436346,cust_743863,9,2024-11-27 00:00:00,click,/demo,,2024-12-01 00:00:00
touch_6738186,cust_743863,2,2024-11-29 00:00:00,visit,/demo,campaign_34,2024-12-01 00:00:00
touch_8543059,cust_743863,1,2024-12-01 00:00:00,form_submit,/case-studies,campaign_32,2024-12-01 00:00:00
touch_7489819,cust_867562,6,2024-04-21 00:00:00,visit,/features,,2024-05-10 00:00:00
touch_7560144,cust_867562,7,2024-04-23 00:00:00,visit,/home,,2024-05-10 00:00:00
touch_5276784,cust_867562,4,2024-04-26 00:00:00,visit,/blog,,2024-05-10 00:00:00
touch_1430351,cust_867562,3,2024-04-29 00:00:00,visit,/home,campaign_47,2024-05-10 00:00:00
touch_6492924,cust_867562,5,2024-05-01 00:00:00,content_download,/case-studies,,2024-05-10 00:00:00
touch_4393295,cust_867562,4,2024-05-04 00:00:00,form_submit,/blog,,2024-05-10 00:00:00
touch_8157610,cust_867562,5,2024-05-07 00:00:00,click,/demo,,2024-05-10 00:00:00
touch_8950185,cust_867562,6,2024-05-10 00:00:00,content_download,/demo,,2024-05-10 00:00:00
touch_3249257,cust_929906,4,2023-12-08 00:00:00,click,/features,,2024-01-05 00:00:00
touch_8903724,cust_929906,8,2023-12-12 00:00:00,visit,/features,,2024-01-05 00:00:00
touch_4242436,cust_929906,3,2023-12-17 00:00:00,content_download,/features,campaign_43,2024-01-05 00:00:00
touch_3142714,cust_929906,7,2023-12-22 00:00:00,demo_request,/case-studies,,2024-01-05 00:00:00
touch_8015407,cust_929906,6,2023-12-26 00:00:00,form_submit,/case-studies,,2024-01-05 00:00:00
touch_6735032,cust_929906,6,2023-12-31 00:00:00,click,/blog,,2024-01-05 00:00:00
touch_7315388,cust_929906,4,2024-01-05 00:00:00,content_download,/features,,2024-01-05 00:00:00
touch_5224886,cust_764343,4,2023-09-20 00:00:00,form_submit,/case-studies,,2023-10-08 00:00:00
touch_1232800,cust_764343,6,2023-09-23 00:00:00,click,/features,,2023-10-08 00:00:00
touch_9559183,cust_764343,5,2023-09-26 00:00:00,demo_request,/pricing,,2023-10-08 00:00:00
touch_7060748,cust_764343,5,2023-09-29 00:00:00,demo_request,/features,,2023-10-08 00:00:00
touch_7699314,cust_764343,3,2023-10-02 00:00:00,form_submit,/case-studies,campaign_11,2023-10-08 00:00:00
touch_1823670,cust_764343,1,2023-10-05 00:00:00,demo_request,/features,campaign_29,2023-10-08 00:00:00
touch_5312402,cust_764343,4,2023-10-08 00:00:00,form_submit,/demo,,2023-10-08 00:00:00
touch_4370328,cust_181618,7,2024-05-15 00:00:00,demo_request,/case-studies,,2024-06-13 00:00:00
touch_1187425,cust_181618,9,2024-05-19 00:00:00,visit,/blog,,2024-06-13 00:00:00
touch_8860178,cust_181618,5,2024-05-24 00:00:00,content_download,/case-studies,,2024-06-13 00:00:00
touch_3757794,cust_181618,7,2024-05-29 00:00:00,content_download,/home,,2024-06-13 00:00:00
touch_5026476,cust_181618,2,2024-06-03 00:00:00,demo_request,/blog,campaign_22,2024-06-13 00:00:00
touch_3461968,cust_181618,7,2024-06-08 00:00:00,demo_request,/demo,,2024-06-13 00:00:00
touch_6925457,cust_181618,7,2024-06-13 00:00:00,demo_request,/pricing,,2024-06-13 00:00:00
touch_4770010,cust_106918,6,2024-04-10 00:00:00,visit,/pricing,,2024-05-28 00:00:00
touch_8820672,cust_106918,6,2024-04-22 00:00:00,click,/blog,,2024-05-28 00:00:00
touch_5535163,cust_106918,2,2024-05-04 00:00:00,click,/features,campaign_4,2024-05-28 00:00:00
touch_5354243,cust_106918,1,2024-05-16 00:00:00,demo_request,/home,campaign_20,2024-05-28 00:00:00
touch_9649690,cust_106918,2,2024-05-28 00:00:00,demo_request,/demo,campaign_45,2024-05-28 00:00:00
touch_5277208,cust_852146,4,2023-03-22 00:00:00,click,/demo,,2023-05-02 00:00:00
touch_8807275,cust_778700,1,2024-01-30 00:00:00,visit,/home,campaign_23,2024-02-25 00:00:00
touch_8652152,cust_778700,4,2024-02-12 00:00:00,click,/demo,,2024-02-25 00:00:00
touch_6727360,cust_778700,4,2024-02-25 00:00:00,content_download,/home,,2024-02-25 00:00:00
touch_9200509,cust_158627,4,2023-06-03 00:00:00,click,/demo,,2023-06-20 00:00:00
touch_2439540,cust_158627,8,2023-06-05 00:00:00,click,/case-studies,,2023-06-20 00:00:00
touch_9308847,cust_158627,4,2023-06-08 00:00:00,click,/home,,2023-06-20 00:00:00
touch_4615499,cust_158627,2,2023-06-11 00:00:00,visit,/blog,campaign_45,2023-06-20 00:00:00
touch_7674004,cust_158627,7,2023-06-14 00:00:00,content_download,/demo,,2023-06-20 00:00:00
touch_3018097,cust_158627,7,2023-06-17 00:00:00,content_download,/pricing,,2023-06-20 00:00:00
touch_7662464,cust_158627,4,2023-06-20 00:00:00,demo_request,/case-studies,,2023-06-20 00:00:00
touch_2275012,cust_793889,3,2023-09-11 00:00:00,demo_request,/pricing,campaign_12,2023-10-18 00:00:00
touch_4042513,cust_793889,2,2023-09-17 00:00:00,click,/features,campaign_32,2023-10-18 00:00:00
touch_8106959,cust_793889,4,2023-09-23 00:00:00,content_download,/home,,2023-10-18 00:00:00
touch_8647819,cust_793889,9,2023-09-29 00:00:00,visit,/demo,,2023-10-18 00:00:00
touch_2543541,cust_793889,7,2023-10-05 00:00:00,form_submit,/blog,,2023-10-18 00:00:00
touch_7028175,cust_793889,5,2023-10-11 00:00:00,content_download,/blog,,2023-10-18 00:00:00
touch_8652159,cust_793889,5,2023-10-18 00:00:00,demo_request,/features,,2023-10-18 00:00:00
touch_9434835,cust_933215,10,2024-07-31 00:00:00,visit,/home,,2024-08-19 00:00:00
touch_4172705,cust_933215,6,2024-08-09 00:00:00,form_submit,/home,,2024-08-19 00:00:00
touch_8406748,cust_933215,4,2024-08-19 00:00:00,click,/features,,2024-08-19 00:00:00
touch_5797474,cust_496583,2,2024-01-06 00:00:00,content_download,/home,campaign_5,2024-01-30 00:00:00
touch_6279603,cust_496583,3,2024-01-10 00:00:00,demo_request,/pricing,campaign_12,2024-01-30 00:00:00
touch_2900417,cust_496583,8,2024-01-15 00:00:00,demo_request,/features,,2024-01-30 00:00:00
touch_2544827,cust_496583,1,2024-01-20 00:00:00,demo_request,/home,campaign_29,2024-01-30 00:00:00
touch_8294478,cust_496583,6,2024-01-25 00:00:00,content_download,/demo,,2024-01-30 00:00:00
touch_4312137,cust_496583,2,2024-01-30 00:00:00,visit,/pricing,campaign_7,2024-01-30 00:00:00
touch_4295762,cust_286040,7,2024-04-06 00:00:00,click,/demo,,2024-05-02 00:00:00
touch_3707042,cust_286040,7,2024-04-10 00:00:00,form_submit,/features,,2024-05-02 00:00:00
touch_4739703,cust_286040,9,2024-04-14 00:00:00,form_submit,/pricing,,2024-05-02 00:00:00
touch_3933228,cust_286040,2,2024-04-19 00:00:00,visit,/home,campaign_7,2024-05-02 00:00:00
touch_6031655,cust_286040,1,2024-04-23 00:00:00,content_download,/demo,campaign_21,2024-05-02 00:00:00
touch_2157796,cust_286040,6,2024-04-27 00:00:00,form_submit,/blog,,2024-05-02 00:00:00
touch_7009017,cust_286040,7,2024-05-02 00:00:00,demo_request,/demo,,2024-05-02 00:00:00
touch_9054553,cust_732789,6,2024-06-27 00:00:00,visit,/features,,2024-07-06 00:00:00
touch_3113030,cust_732789,4,2024-06-28 00:00:00,form_submit,/blog,,2024-07-06 00:00:00
touch_1689757,cust_732789,1,2024-06-29 00:00:00,visit,/features,campaign_14,2024-07-06 00:00:00
touch_7222599,cust_732789,3,2024-06-30 00:00:00,content_download,/pricing,campaign_26,2024-07-06 00:00:00
touch_9561286,cust_732789,7,2024-07-02 00:00:00,demo_request,/case-studies,,2024-07-06 00:00:00
touch_4866321,cust_732789,6,2024-07-03 00:00:00,content_download,/blog,,2024-07-06 00:00:00
touch_8035637,cust_732789,4,2024-07-04 00:00:00,form_submit,/case-studies,,2024-07-06 00:00:00
touch_6191337,cust_732789,6,2024-07-06 00:00:00,demo_request,/blog,,2024-07-06 00:00:00
touch_4254568,cust_549793,3,2023-08-15 00:00:00,click,/demo,campaign_29,2023-08-23 00:00:00
touch_1455008,cust_549793,4,2023-08-23 00:00:00,content_download,/case-studies,,2023-08-23 00:00:00
touch_5941346,cust_600318,7,2023-08-03 00:00:00,click,/blog,,2023-08-27 00:00:00
touch_3934667,cust_647923,5,2023-03-07 00:00:00,form_submit,/demo,,2023-05-01 00:00:00
touch_4564798,cust_647923,2,2023-04-03 00:00:00,form_submit,/home,campaign_28,2023-05-01 00:00:00
touch_9108675,cust_647923,5,2023-05-01 00:00:00,demo_request,/pricing,,2023-05-01 00:00:00
touch_4473685,cust_713805,4,2023-08-05 00:00:00,demo_request,/demo,,2023-09-17 00:00:00
touch_1310726,cust_921861,4,2024-07-10 00:00:00,click,/blog,,2024-07-24 00:00:00
touch_9477185,cust_921861,1,2024-07-17 00:00:00,click,/blog,campaign_49,2024-07-24 00:00:00
touch_1686830,cust_921861,5,2024-07-24 00:00:00,visit,/features,,2024-07-24 00:00:00
touch_7166495,cust_871523,2,2023-03-27 00:00:00,demo_request,/features,campaign_20,2023-05-22 00:00:00
touch_2021912,cust_454877,5,2024-06-13 00:00:00,content_download,/blog,,2024-07-17 00:00:00
touch_4984321,cust_454877,1,2024-06-17 00:00:00,visit,/features,campaign_47,2024-07-17 00:00:00
touch_1516801,cust_454877,9,2024-06-22 00:00:00,visit,/features,,2024-07-17 00:00:00
touch_5531367,cust_454877,5,2024-06-27 00:00:00,content_download,/blog,,2024-07-17 00:00:00
touch_4364957,cust_454877,1,2024-07-02 00:00:00,visit,/features,campaign_14,2024-07-17 00:00:00
touch_7984140,cust_454877,8,2024-07-07 00:00:00,visit,/features,,2024-07-17 00:00:00
touch_4288833,cust_454877,4,2024-07-12 00:00:00,click,/home,,2024-07-17 00:00:00
touch_6771909,cust_454877,1,2024-07-17 00:00:00,form_submit,/blog,campaign_22,2024-07-17 00:00:00
touch_8952000,cust_594580,2,2024-07-25 00:00:00,demo_request,/case-studies,campaign_7,2024-09-06 00:00:00
touch_1791753,cust_594580,5,2024-08-15 00:00:00,demo_request,/home,,2024-09-06 00:00:00
touch_5912228,cust_594580,2,2024-09-06 00:00:00,visit,/demo,campaign_42,2024-09-06 00:00:00
touch_1303143,cust_743789,4,2024-10-06 00:00:00,form_submit,/blog,,2024-11-02 00:00:00
touch_4422298,cust_743789,2,2024-10-10 00:00:00,content_download,/home,campaign_37,2024-11-02 00:00:00
touch_2250363,cust_743789,10,2024-10-15 00:00:00,content_download,/blog,,2024-11-02 00:00:00
touch_2377921,cust_743789,1,2024-10-19 00:00:00,form_submit,/case-studies,campaign_14,2024-11-02 00:00:00
touch_7985246,cust_743789,10,2024-10-24 00:00:00,visit,/blog,,2024-11-02 00:00:00
touch_4526773,cust_743789,3,2024-10-28 00:00:00,demo_request,/features,campaign_24,2024-11-02 00:00:00
touch_4281797,cust_743789,9,2024-11-02 00:00:00,form_submit,/blog,,2024-11-02 00:00:00
touch_1050039,cust_991884,1,2024-10-14 00:00:00,demo_request,/demo,campaign_3,2024-11-03 00:00:00
touch_7234644,cust_991884,8,2024-10-16 00:00:00,click,/features,,2024-11-03 00:00:00
touch_1486122,cust_991884,2,2024-10-19 00:00:00,form_submit,/pricing,campaign_12,2024-11-03 00:00:00
touch_6769483,cust_991884,6,2024-10-22 00:00:00,content_download,/case-studies,,2024-11-03 00:00:00
touch_6171817,cust_991884,1,2024-10-25 00:00:00,demo_request,/blog,campaign_48,2024-11-03 00:00:00
touch_1292587,cust_991884,7,2024-10-28 00:00:00,form_submit,/blog,,2024-11-03 00:00:00
touch_5441409,cust_991884,4,2024-10-31 00:00:00,content_download,/features,,2024-11-03 00:00:00
touch_6544226,cust_991884,1,2024-11-03 00:00:00,form_submit,/features,campaign_7,2024-11-03 00:00:00
touch_5744841,cust_477214,1,2023-07-21 00:00:00,visit,/features,campaign_49,2023-09-02 00:00:00
touch_8557587,cust_477214,5,2023-07-28 00:00:00,form_submit,/home,,2023-09-02 00:00:00
touch_4436840,cust_477214,1,2023-08-04 00:00:00,form_submit,/pricing,campaign_37,2023-09-02 00:00:00
touch_1024663,cust_477214,1,2023-08-11 00:00:00,click,/blog,campaign_42,2023-09-02 00:00:00
touch_2234695,cust_477214,6,2023-08-18 00:00:00,content_download,/demo,,2023-09-02 00:00:00
touch_1445521,cust_477214,4,2023-08-25 00:00:00,demo_request,/case-studies,,2023-09-02 00:00:00
touch_9512097,cust_477214,1,2023-09-02 00:00:00,form_submit,/case-studies,campaign_33,2023-09-02 00:00:00
touch_4173163,cust_642892,1,2022-12-07 00:00:00,demo_request,/features,campaign_10,2023-01-16 00:00:00
touch_1548778,cust_642892,5,2022-12-13 00:00:00,demo_request,/case-studies,,2023-01-16 00:00:00
touch_3397934,cust_642892,5,2022-12-20 00:00:00,form_submit,/blog,,2023-01-16 00:00:00
touch_6443492,cust_642892,6,2022-12-27 00:00:00,content_download,/blog,,2023-01-16 00:00:00
touch_1756410,cust_642892,6,2023-01-02 00:00:00,click,/demo,,2023-01-16 00:00:00
touch_8586575,cust_642892,1,2023-01-09 00:00:00,content_download,/pricing,campaign_49,2023-01-16 00:00:00
touch_1868100,cust_642892,8,2023-01-16 00:00:00,form_submit,/blog,,2023-01-16 00:00:00
touch_6131578,cust_389939,4,2023-07-08 00:00:00,demo_request,/features,,2023-08-20 00:00:00
touch_2032636,cust_389939,2,2023-07-15 00:00:00,content_download,/features,campaign_34,2023-08-20 00:00:00
touch_2302616,cust_389939,4,2023-07-22 00:00:00,click,/features,,2023-08-20 00:00:00
touch_6856506,cust_389939,9,2023-07-29 00:00:00,visit,/features,,2023-08-20 00:00:00
touch_1961232,cust_389939,1,2023-08-05 00:00:00,visit,/blog,campaign_7,2023-08-20 00:00:00
touch_7480854,cust_389939,2,2023-08-12 00:00:00,visit,/demo,campaign_3,2023-08-20 00:00:00
touch_5633024,cust_389939,4,2023-08-20 00:00:00,demo_request,/features,,2023-08-20 00:00:00
touch_3267678,cust_175902,1,2024-04-07 00:00:00,click,/case-studies,campaign_17,2024-05-30 00:00:00
touch_2736962,cust_175902,4,2024-04-20 00:00:00,visit,/case-studies,,2024-05-30 00:00:00
touch_6458616,cust_175902,5,2024-05-03 00:00:00,click,/features,,2024-05-30 00:00:00
touch_5177637,cust_175902,3,2024-05-16 00:00:00,demo_request,/demo,campaign_10,2024-05-30 00:00:00
touch_7058977,cust_175902,1,2024-05-30 00:00:00,content_download,/home,campaign_18,2024-05-30 00:00:00
touch_8473407,cust_495397,5,2024-07-17 00:00:00,visit,/home,,2024-07-30 00:00:00
touch_1982410,cust_495397,8,2024-07-20 00:00:00,demo_request,/pricing,,2024-07-30 00:00:00
touch_3032684,cust_495397,5,2024-07-23 00:00:00,form_submit,/pricing,,2024-07-30 00:00:00
touch_2809789,cust_495397,5,2024-07-26 00:00:00,content_download,/demo,,2024-07-30 00:00:00
touch_2614602,cust_495397,6,2024-07-30 00:00:00,form_submit,/blog,,2024-07-30 00:00:00
touch_1633910,cust_370343,10,2023-02-22 00:00:00,demo_request,/demo,,2023-03-11 00:00:00
touch_3273723,cust_370343,6,2023-02-27 00:00:00,content_download,/home,,2023-03-11 00:00:00
touch_7509708,cust_370343,1,2023-03-05 00:00:00,content_download,/case-studies,campaign_37,2023-03-11 00:00:00
touch_2477099,cust_370343,10,2023-03-11 00:00:00,visit,/home,,2023-03-11 00:00:00
touch_4473413,cust_110195,3,2023-09-16 00:00:00,click,/case-studies,campaign_2,2023-09-27 00:00:00
touch_8629549,cust_110195,3,2023-09-27 00:00:00,demo_request,/demo,campaign_22,2023-09-27 00:00:00
touch_5122787,cust_470711,5,2023-06-26 00:00:00,click,/pricing,,2023-08-12 00:00:00
touch_4223894,cust_470711,4,2023-07-05 00:00:00,content_download,/blog,,2023-08-12 00:00:00
touch_5922958,cust_470711,2,2023-07-14 00:00:00,click,/features,campaign_19,2023-08-12 00:00:00
touch_3849881,cust_470711,3,2023-07-24 00:00:00,click,/blog,campaign_2,2023-08-12 00:00:00
touch_5426484,cust_470711,6,2023-08-02 00:00:00,demo_request,/case-studies,,2023-08-12 00:00:00
touch_4350644,cust_470711,8,2023-08-12 00:00:00,demo_request,/case-studies,,2023-08-12 00:00:00
touch_5535332,cust_353814,3,2023-09-01 00:00:00,click,/blog,campaign_42,2023-09-29 00:00:00
touch_7664797,cust_795650,7,2024-04-15 00:00:00,click,/features,,2024-05-19 00:00:00
touch_2439223,cust_795650,4,2024-05-19 00:00:00,visit,/case-studies,,2024-05-19 00:00:00
touch_3052064,cust_702427,6,2023-09-21 00:00:00,visit,/features,,2023-10-09 00:00:00
touch_6869115,cust_702427,5,2023-09-23 00:00:00,content_download,/blog,,2023-10-09 00:00:00
touch_2410568,cust_702427,4,2023-09-26 00:00:00,form_submit,/features,,2023-10-09 00:00:00
touch_6234254,cust_702427,3,2023-09-28 00:00:00,demo_request,/features,campaign_46,2023-10-09 00:00:00
touch_7174865,cust_702427,9,2023-10-01 00:00:00,click,/blog,,2023-10-09 00:00:00
touch_5140925,cust_702427,4,2023-10-03 00:00:00,form_submit,/pricing,,2023-10-09 00:00:00
touch_9118725,cust_702427,1,2023-10-06 00:00:00,click,/pricing,campaign_36,2023-10-09 00:00:00
touch_5437386,cust_702427,6,2023-10-09 00:00:00,demo_request,/demo,,2023-10-09 00:00:00
touch_3719648,cust_543732,3,2024-03-22 00:00:00,visit,/pricing,campaign_40,2024-05-04 00:00:00
touch_8700001,cust_543732,1,2024-04-12 00:00:00,click,/demo,campaign_21,2024-05-04 00:00:00
touch_5093153,cust_543732,5,2024-05-04 00:00:00,form_submit,/pricing,,2024-05-04 00:00:00
touch_9231596,cust_582418,5,2023-10-25 00:00:00,demo_request,/home,,2023-11-20 00:00:00
touch_7371105,cust_675210,8,2023-09-14 00:00:00,click,/case-studies,,2023-09-27 00:00:00
touch_2015978,cust_675210,3,2023-09-18 00:00:00,click,/home,campaign_9,2023-09-27 00:00:00
touch_2096265,cust_675210,2,2023-09-22 00:00:00,click,/home,campaign_1,2023-09-27 00:00:00
touch_4538882,cust_675210,8,2023-09-27 00:00:00,visit,/features,,2023-09-27 00:00:00
touch_5731115,cust_490394,1,2023-12-14 00:00:00,click,/demo,campaign_42,2024-01-09 00:00:00
touch_1466182,cust_490394,4,2023-12-18 00:00:00,form_submit,/features,,2024-01-09 00:00:00
touch_3316819,cust_490394,5,2023-12-22 00:00:00,click,/demo,,2024-01-09 00:00:00
touch_1394888,cust_490394,9,2023-12-27 00:00:00,click,/demo,,2024-01-09 00:00:00
touch_6130065,cust_490394,1,2023-12-31 00:00:00,demo_request,/demo,campaign_26,2024-01-09 00:00:00
touch_8936168,cust_490394,5,2024-01-04 00:00:00,demo_request,/blog,,2024-01-09 00:00:00
touch_8547724,cust_490394,4,2024-01-09 00:00:00,click,/features,,2024-01-09 00:00:00
touch_6129133,cust_943146,3,2023-07-12 00:00:00,visit,/home,campaign_14,2023-08-30 00:00:00
touch_8513406,cust_943146,3,2023-07-20 00:00:00,content_download,/features,campaign_40,2023-08-30 00:00:00
touch_8578270,cust_943146,5,2023-07-28 00:00:00,click,/case-studies,,2023-08-30 00:00:00
touch_7759175,cust_943146,4,2023-08-05 00:00:00,click,/pricing,,2023-08-30 00:00:00
touch_9489767,cust_943146,4,2023-08-13 00:00:00,visit,/home,,2023-08-30 00:00:00
touch_2777708,cust_943146,4,2023-08-21 00:00:00,demo_request,/features,,2023-08-30 00:00:00
touch_1800667,cust_943146,3,2023-08-30 00:00:00,form_submit,/case-studies,campaign_12,2023-08-30 00:00:00
touch_3416481,cust_541996,7,2024-05-17 00:00:00,content_download,/home,,2024-05-26 00:00:00
touch_3388891,cust_541996,6,2024-05-21 00:00:00,click,/case-studies,,2024-05-26 00:00:00
touch_4748025,cust_541996,7,2024-05-26 00:00:00,click,/case-studies,,2024-05-26 00:00:00
touch_6109248,cust_695417,1,2023-01-29 00:00:00,click,/pricing,campaign_8,2023-02-18 00:00:00
touch_2247895,cust_695417,4,2023-02-08 00:00:00,content_download,/demo,,2023-02-18 00:00:00
touch_8913298,cust_695417,5,2023-02-18 00:00:00,form_submit,/case-studies,,2023-02-18 00:00:00
touch_1665524,cust_372387,8,2023-12-03 00:00:00,content_download,/home,,2024-01-05 00:00:00
touch_9842475,cust_372387,1,2023-12-11 00:00:00,demo_request,/features,campaign_5,2024-01-05 00:00:00
touch_2974745,cust_372387,6,2023-12-19 00:00:00,form_submit,/demo,,2024-01-05 00:00:00
touch_8611033,cust_372387,4,2023-12-27 00:00:00,click,/pricing,,2024-01-05 00:00:00
touch_4309374,cust_372387,8,2024-01-05 00:00:00,content_download,/home,,2024-01-05 00:00:00
touch_9653359,cust_734992,5,2023-06-05 00:00:00,content_download,/home,,2023-07-23 00:00:00
touch_6057066,cust_734992,1,2023-06-14 00:00:00,click,/pricing,campaign_26,2023-07-23 00:00:00
touch_6072379,cust_734992,7,2023-06-24 00:00:00,form_submit,/blog,,2023-07-23 00:00:00
touch_5791689,cust_734992,4,2023-07-03 00:00:00,content_download,/case-studies,,2023-07-23 00:00:00
touch_4464447,cust_734992,5,2023-07-13 00:00:00,content_download,/home,,2023-07-23 00:00:00
touch_9336013,cust_734992,4,2023-07-23 00:00:00,form_submit,/home,,2023-07-23 00:00:00
touch_8709489,cust_912378,2,2024-03-04 00:00:00,visit,/home,campaign_32,2024-04-02 00:00:00
touch_1823461,cust_761938,7,2024-08-03 00:00:00,visit,/pricing,,2024-09-19 00:00:00
touch_5369497,cust_761938,6,2024-08-14 00:00:00,demo_request,/blog,,2024-09-19 00:00:00
touch_5633561,cust_761938,2,2024-08-26 00:00:00,form_submit,/pricing,campaign_29,2024-09-19 00:00:00
touch_4437473,cust_761938,5,2024-09-07 00:00:00,content_download,/demo,,2024-09-19 00:00:00
touch_1875103,cust_761938,7,2024-09-19 00:00:00,form_submit,/features,,2024-09-19 00:00:00
touch_3005362,cust_380465,4,2024-07-16 00:00:00,demo_request,/blog,,2024-09-11 00:00:00
touch_2138348,cust_380465,1,2024-07-25 00:00:00,demo_request,/pricing,campaign_48,2024-09-11 00:00:00
touch_8390876,cust_380465,4,2024-08-04 00:00:00,click,/features,,2024-09-11 00:00:00
touch_8778767,cust_380465,6,2024-08-13 00:00:00,form_submit,/blog,,2024-09-11 00:00:00
touch_9688588,cust_380465,4,2024-08-23 00:00:00,form_submit,/features,,2024-09-11 00:00:00
touch_8764707,cust_380465,5,2024-09-01 00:00:00,click,/case-studies,,2024-09-11 00:00:00
touch_2717063,cust_380465,5,2024-09-11 00:00:00,demo_request,/blog,,2024-09-11 00:00:00
touch_6487694,cust_534098,1,2023-05-25 00:00:00,form_submit,/home,campaign_14,2023-06-21 00:00:00
touch_6903875,cust_534098,2,2023-06-21 00:00:00,form_submit,/case-studies,campaign_29,2023-06-21 00:00:00
touch_2023882,cust_516332,5,2023-02-28 00:00:00,content_download,/demo,,2023-04-16 00:00:00
touch_6179878,cust_516332,5,2023-03-06 00:00:00,form_submit,/features,,2023-04-16 00:00:00
touch_1449640,cust_516332,9,2023-03-13 00:00:00,visit,/home,,2023-04-16 00:00:00
touch_2742819,cust_516332,4,2023-03-20 00:00:00,form_submit,/home,,2023-04-16 00:00:00
touch_3887164,cust_516332,1,2023-03-26 00:00:00,form_submit,/blog,campaign_12,2023-04-16 00:00:00
touch_4077582,cust_516332,1,2023-04-02 00:00:00,demo_request,/case-studies,campaign_36,2023-04-16 00:00:00
touch_8512800,cust_516332,3,2023-04-09 00:00:00,click,/features,campaign_4,2023-04-16 00:00:00
touch_6736629,cust_516332,7,2023-04-16 00:00:00,click,/features,,2023-04-16 00:00:00
touch_9921943,cust_375201,8,2024-08-17 00:00:00,form_submit,/demo,,2024-09-24 00:00:00
touch_7770519,cust_375201,8,2024-09-24 00:00:00,form_submit,/pricing,,2024-09-24 00:00:00
touch_3591307,cust_237654,5,2024-06-03 00:00:00,demo_request,/case-studies,,2024-06-23 00:00:00
touch_3582502,cust_237654,1,2024-06-08 00:00:00,visit,/pricing,campaign_9,2024-06-23 00:00:00
touch_2222123,cust_237654,1,2024-06-13 00:00:00,visit,/demo,campaign_19,2024-06-23 00:00:00
touch_7808486,cust_237654,7,2024-06-18 00:00:00,visit,/demo,,2024-06-23 00:00:00
touch_6711891,cust_237654,5,2024-06-23 00:00:00,click,/case-studies,,2024-06-23 00:00:00
touch_5674026,cust_385647,1,2024-05-16 00:00:00,demo_request,/demo,campaign_27,2024-07-15 00:00:00
touch_4890177,cust_691380,4,2024-02-04 00:00:00,content_download,/pricing,,2024-03-21 00:00:00
touch_5003433,cust_483551,1,2024-02-18 00:00:00,click,/home,campaign_48,2024-02-27 00:00:00
touch_7538472,cust_483551,4,2024-02-19 00:00:00,demo_request,/pricing,,2024-02-27 00:00:00
touch_1993361,cust_483551,6,2024-02-21 00:00:00,form_submit,/case-studies,,2024-02-27 00:00:00
touch_6827975,cust_483551,1,2024-02-23 00:00:00,visit,/demo,campaign_37,2024-02-27 00:00:00
touch_2904455,cust_483551,3,2024-02-25 00:00:00,form_submit,/blog,campaign_34,2024-02-27 00:00:00
touch_6892788,cust_483551,1,2024-02-27 00:00:00,click,/pricing,campaign_26,2024-02-27 00:00:00
touch_1457228,cust_821179,1,2024-04-04 00:00:00,visit,/case-studies,campaign_11,2024-05-18 00:00:00
touch_7296444,cust_821179,1,2024-04-15 00:00:00,content_download,/demo,campaign_48,2024-05-18 00:00:00
touch_1981068,cust_821179,1,2024-04-26 00:00:00,content_download,/pricing,campaign_16,2024-05-18 00:00:00
touch_2620532,cust_821179,8,2024-05-07 00:00:00,form_submit,/home,,2024-05-18 00:00:00
touch_8822343,cust_821179,6,2024-05-18 00:00:00,form_submit,/home,,2024-05-18 00:00:00
touch_4000316,cust_687783,5,2024-02-15 00:00:00,demo_request,/demo,,2024-03-23 00:00:00
touch_9774665,cust_687783,1,2024-02-21 00:00:00,content_download,/features,campaign_15,2024-03-23 00:00:00
touch_5540102,cust_687783,1,2024-02-27 00:00:00,click,/features,campaign_12,2024-03-23 00:00:00
touch_9309131,cust_687783,1,2024-03-04 00:00:00,visit,/features,campaign_14,2024-03-23 00:00:00
touch_1759172,cust_687783,1,2024-03-10 00:00:00,content_download,/demo,campaign_11,2024-03-23 00:00:00
touch_8831313,cust_687783,1,2024-03-16 00:00:00,form_submit,/blog,campaign_39,2024-03-23 00:00:00
touch_4229252,cust_687783,8,2024-03-23 00:00:00,content_download,/demo,,2024-03-23 00:00:00
touch_7669042,cust_351198,5,2024-05-27 00:00:00,visit,/home,,2024-06-13 00:00:00
touch_7574665,cust_351198,4,2024-05-31 00:00:00,content_download,/case-studies,,2024-06-13 00:00:00
touch_8553406,cust_351198,7,2024-06-04 00:00:00,click,/blog,,2024-06-13 00:00:00
touch_9655897,cust_351198,6,2024-06-08 00:00:00,visit,/home,,2024-06-13 00:00:00
touch_4466387,cust_351198,5,2024-06-13 00:00:00,visit,/case-studies,,2024-06-13 00:00:00
touch_3523183,cust_291267,4,2023-05-02 00:00:00,click,/blog,,2023-05-20 00:00:00
touch_3758155,cust_291267,2,2023-05-05 00:00:00,click,/pricing,campaign_30,2023-05-20 00:00:00
touch_1742156,cust_291267,4,2023-05-09 00:00:00,form_submit,/features,,2023-05-20 00:00:00
touch_1502858,cust_291267,6,2023-05-12 00:00:00,content_download,/case-studies,,2023-05-20 00:00:00
touch_4139279,cust_291267,2,2023-05-16 00:00:00,form_submit,/features,campaign_36,2023-05-20 00:00:00
touch_7696159,cust_291267,4,2023-05-20 00:00:00,demo_request,/features,,2023-05-20 00:00:00
touch_2839528,cust_152042,1,2024-06-22 00:00:00,click,/demo,campaign_7,2024-07-01 00:00:00
touch_7147674,cust_152042,3,2024-06-23 00:00:00,form_submit,/case-studies,campaign_20,2024-07-01 00:00:00
touch_5154571,cust_152042,1,2024-06-25 00:00:00,click,/case-studies,campaign_38,2024-07-01 00:00:00
touch_1934351,cust_152042,4,2024-06-26 00:00:00,click,/home,,2024-07-01 00:00:00
touch_5996836,cust_152042,7,2024-06-28 00:00:00,content_download,/home,,2024-07-01 00:00:00
touch_1583734,cust_152042,6,2024-06-29 00:00:00,form_submit,/demo,,2024-07-01 00:00:00
touch_2222395,cust_152042,1,2024-07-01 00:00:00,visit,/pricing,campaign_40,2024-07-01 00:00:00
touch_7152929,cust_115440,5,2024-04-01 00:00:00,form_submit,/features,,2024-05-20 00:00:00
touch_1746566,cust_115440,1,2024-04-09 00:00:00,form_submit,/pricing,campaign_32,2024-05-20 00:00:00
touch_1555671,cust_115440,4,2024-04-17 00:00:00,click,/blog,,2024-05-20 00:00:00
touch_8690709,cust_115440,5,2024-04-25 00:00:00,visit,/features,,2024-05-20 00:00:00
touch_6391974,cust_115440,1,2024-05-03 00:00:00,content_download,/pricing,campaign_16,2024-05-20 00:00:00
touch_4134725,cust_115440,8,2024-05-11 00:00:00,form_submit,/demo,,2024-05-20 00:00:00
touch_6460944,cust_115440,2,2024-05-20 00:00:00,content_download,/home,campaign_19,2024-05-20 00:00:00
touch_1526320,cust_184120,3,2023-05-18 00:00:00,content_download,/features,campaign_49,2023-05-30 00:00:00
touch_4948005,cust_184120,3,2023-05-20 00:00:00,click,/pricing,campaign_44,2023-05-30 00:00:00
touch_2195924,cust_184120,4,2023-05-22 00:00:00,visit,/home,,2023-05-30 00:00:00
touch_9534237,cust_184120,6,2023-05-25 00:00:00,form_submit,/home,,2023-05-30 00:00:00
touch_3875032,cust_184120,1,2023-05-27 00:00:00,content_download,/pricing,campaign_38,2023-05-30 00:00:00
touch_5885012,cust_184120,3,2023-05-30 00:00:00,click,/pricing,campaign_9,2023-05-30 00:00:00
touch_5315890,cust_227885,4,2023-08-14 00:00:00,visit,/blog,,2023-09-12 00:00:00
touch_9026334,cust_227885,4,2023-08-28 00:00:00,content_download,/home,,2023-09-12 00:00:00
touch_7280832,cust_227885,4,2023-09-12 00:00:00,content_download,/pricing,,2023-09-12 00:00:00
touch_7107582,cust_798359,9,2023-06-14 00:00:00,demo_request,/blog,,2023-08-02 00:00:00
touch_4951923,cust_798359,9,2023-07-08 00:00:00,content_download,/demo,,2023-08-02 00:00:00
touch_4628715,cust_798359,9,2023-08-02 00:00:00,click,/case-studies,,2023-08-02 00:00:00
touch_4263287,cust_646230,2,2023-04-26 00:00:00,content_download,/blog,campaign_14,2023-05-06 00:00:00
touch_2885510,cust_646230,3,2023-04-28 00:00:00,form_submit,/case-studies,campaign_37,2023-05-06 00:00:00
touch_7527366,cust_646230,1,2023-05-01 00:00:00,content_download,/blog,campaign_26,2023-05-06 00:00:00
touch_9684999,cust_646230,3,2023-05-03 00:00:00,visit,/blog,campaign_2,2023-05-06 00:00:00
touch_7194486,cust_646230,2,2023-05-06 00:00:00,content_download,/features,campaign_16,2023-05-06 00:00:00
touch_3401161,cust_555251,2,2023-11-21 00:00:00,content_download,/features,campaign_1,2023-11-29 00:00:00
touch_1264350,cust_824305,3,2024-03-11 00:00:00,form_submit,/demo,campaign_1,2024-05-01 00:00:00
touch_1598169,cust_824305,5,2024-03-28 00:00:00,click,/pricing,,2024-05-01 00:00:00
touch_2459544,cust_824305,4,2024-04-14 00:00:00,form_submit,/pricing,,2024-05-01 00:00:00
touch_4622535,cust_824305,3,2024-05-01 00:00:00,content_download,/features,campaign_29,2024-05-01 00:00:00
touch_3943128,cust_896456,2,2024-08-25 00:00:00,click,/case-studies,campaign_27,2024-10-02 00:00:00
touch_9444030,cust_896456,9,2024-09-13 00:00:00,demo_request,/features,,2024-10-02 00:00:00
touch_3647493,cust_896456,3,2024-10-02 00:00:00,content_download,/demo,campaign_48,2024-10-02 00:00:00
touch_5136382,cust_685472,4,2024-09-06 00:00:00,content_download,/case-studies,,2024-10-22 00:00:00
touch_9569129,cust_685472,4,2024-09-29 00:00:00,click,/pricing,,2024-10-22 00:00:00
touch_8907588,cust_685472,1,2024-10-22 00:00:00,click,/blog,campaign_6,2024-10-22 00:00:00
touch_7986840,cust_141406,2,2024-03-26 00:00:00,visit,/case-studies,campaign_33,2024-05-11 00:00:00
touch_9492077,cust_141406,1,2024-04-04 00:00:00,visit,/blog,campaign_35,2024-05-11 00:00:00
touch_2046874,cust_141406,4,2024-04-13 00:00:00,form_submit,/home,,2024-05-11 00:00:00
touch_4877626,cust_141406,5,2024-04-22 00:00:00,content_download,/case-studies,,2024-05-11 00:00:00
touch_3459406,cust_141406,1,2024-05-01 00:00:00,form_submit,/features,campaign_22,2024-05-11 00:00:00
touch_7029612,cust_141406,1,2024-05-11 00:00:00,demo_request,/features,campaign_9,2024-05-11 00:00:00
touch_3245634,cust_591147,4,2023-09-01 00:00:00,content_download,/pricing,,2023-10-09 00:00:00
touch_3478062,cust_591147,1,2023-09-07 00:00:00,visit,/features,campaign_23,2023-10-09 00:00:00
touch_6370151,cust_591147,2,2023-09-13 00:00:00,visit,/home,campaign_26,2023-10-09 00:00:00
touch_4147352,cust_591147,5,2023-09-20 00:00:00,click,/blog,,2023-10-09 00:00:00
touch_8425424,cust_591147,8,2023-09-26 00:00:00,form_submit,/features,,2023-10-09 00:00:00
touch_7620824,cust_591147,1,2023-10-02 00:00:00,form_submit,/case-studies,campaign_50,2023-10-09 00:00:00
touch_7693779,cust_591147,4,2023-10-09 00:00:00,click,/features,,2023-10-09 00:00:00
touch_8134214,cust_576136,6,2022-12-19 00:00:00,content_download,/case-studies,,2023-01-01 00:00:00
touch_6721470,cust_576136,1,2022-12-21 00:00:00,content_download,/features,campaign_10,2023-01-01 00:00:00
touch_7813299,cust_576136,5,2022-12-24 00:00:00,content_download,/case-studies,,2023-01-01 00:00:00
touch_9034651,cust_576136,2,2022-12-26 00:00:00,visit,/case-studies,campaign_6,2023-01-01 00:00:00
touch_4560071,cust_576136,4,2022-12-29 00:00:00,click,/case-studies,,2023-01-01 00:00:00
touch_3601196,cust_576136,6,2023-01-01 00:00:00,click,/case-studies,,2023-01-01 00:00:00
touch_7704427,cust_790266,4,2024-05-22 00:00:00,form_submit,/features,,2024-07-05 00:00:00
touch_4645894,cust_790266,6,2024-07-05 00:00:00,content_download,/blog,,2024-07-05 00:00:00
touch_7345439,cust_215830,1,2023-02-11 00:00:00,content_download,/case-studies,campaign_27,2023-04-09 00:00:00
touch_7050978,cust_215830,5,2023-02-22 00:00:00,form_submit,/blog,,2023-04-09 00:00:00
touch_2262112,cust_215830,5,2023-03-05 00:00:00,demo_request,/demo,,2023-04-09 00:00:00
touch_7919905,cust_215830,10,2023-03-17 00:00:00,demo_request,/demo,,2023-04-09 00:00:00
touch_4083383,cust_215830,4,2023-03-28 00:00:00,click,/pricing,,2023-04-09 00:00:00
touch_6139663,cust_215830,1,2023-04-09 00:00:00,demo_request,/case-studies,campaign_37,2023-04-09 00:00:00
touch_5853927,cust_133362,5,2024-06-18 00:00:00,click,/demo,,2024-08-07 00:00:00
touch_5511816,cust_133362,5,2024-06-28 00:00:00,click,/case-studies,,2024-08-07 00:00:00
touch_3601779,cust_133362,2,2024-07-08 00:00:00,form_submit,/blog,campaign_7,2024-08-07 00:00:00
touch_3606044,cust_133362,7,2024-07-18 00:00:00,content_download,/pricing,,2024-08-07 00:00:00
touch_8850361,cust_133362,1,2024-07-28 00:00:00,content_download,/features,campaign_46,2024-08-07 00:00:00
touch_3434804,cust_133362,1,2024-08-07 00:00:00,visit,/pricing,campaign_44,2024-08-07 00:00:00
touch_9045906,cust_852715,1,2023-02-27 00:00:00,click,/blog,campaign_6,2023-03-14 00:00:00
touch_1474048,cust_852715,5,2023-03-02 00:00:00,click,/features,,2023-03-14 00:00:00
touch_2744108,cust_852715,4,2023-03-06 00:00:00,content_download,/features,,2023-03-14 00:00:00
touch_3963809,cust_852715,1,2023-03-10 00:00:00,demo_request,/features,campaign_35,2023-03-14 00:00:00
touch_6484940,cust_852715,2,2023-03-14 00:00:00,visit,/blog,campaign_48,2023-03-14 00:00:00
touch_2696538,cust_685126,1,2024-02-08 00:00:00,visit,/features,campaign_21,2024-03-01 00:00:00
touch_6412759,cust_685126,2,2024-02-15 00:00:00,visit,/pricing,campaign_21,2024-03-01 00:00:00
touch_4384915,cust_685126,5,2024-02-22 00:00:00,form_submit,/pricing,,2024-03-01 00:00:00
touch_8373517,cust_685126,1,2024-03-01 00:00:00,visit,/blog,campaign_44,2024-03-01 00:00:00
touch_4281559,cust_326387,2,2024-05-15 00:00:00,form_submit,/features,campaign_29,2024-06-15 00:00:00
touch_7014975,cust_326387,2,2024-06-15 00:00:00,form_submit,/pricing,campaign_16,2024-06-15 00:00:00
touch_9133001,cust_287588,6,2024-06-28 00:00:00,content_download,/blog,,2024-07-25 00:00:00
touch_3361259,cust_287588,4,2024-07-11 00:00:00,click,/home,,2024-07-25 00:00:00
touch_3230554,cust_287588,6,2024-07-25 00:00:00,demo_request,/case-studies,,2024-07-25 00:00:00
touch_3914608,cust_209159,5,2023-05-23 00:00:00,demo_request,/features,,2023-06-20 00:00:00
touch_2988040,cust_209159,3,2023-05-30 00:00:00,demo_request,/demo,campaign_37,2023-06-20 00:00:00
touch_2677373,cust_209159,8,2023-06-06 00:00:00,demo_request,/case-studies,,2023-06-20 00:00:00
touch_2430720,cust_209159,5,2023-06-13 00:00:00,content_download,/case-studies,,2023-06-20 00:00:00
touch_5921380,cust_209159,4,2023-06-20 00:00:00,demo_request,/blog,,2023-06-20 00:00:00
touch_8016731,cust_676802,3,2023-11-16 00:00:00,form_submit,/home,campaign_13,2023-11-29 00:00:00
touch_9678771,cust_676802,2,2023-11-20 00:00:00,content_download,/home,campaign_15,2023-11-29 00:00:00
touch_5878596,cust_676802,4,2023-11-24 00:00:00,content_download,/home,,2023-11-29 00:00:00
touch_8203238,cust_676802,5,2023-11-29 00:00:00,visit,/features,,2023-11-29 00:00:00
touch_1332836,cust_902903,9,2024-06-25 00:00:00,content_download,/case-studies,,2024-07-17 00:00:00
touch_4974956,cust_902903,6,2024-06-30 00:00:00,content_download,/demo,,2024-07-17 00:00:00
touch_9357666,cust_902903,1,2024-07-06 00:00:00,form_submit,/demo,campaign_1,2024-07-17 00:00:00
touch_7289270,cust_902903,4,2024-07-11 00:00:00,click,/home,,2024-07-17 00:00:00
touch_8607287,cust_902903,9,2024-07-17 00:00:00,demo_request,/blog,,2024-07-17 00:00:00
touch_7507377,cust_117094,2,2024-06-07 00:00:00,demo_request,/demo,campaign_9,2024-06-14 00:00:00
touch_8150182,cust_117094,9,2024-06-08 00:00:00,content_download,/pricing,,2024-06-14 00:00:00
touch_5577700,cust_117094,7,2024-06-10 00:00:00,visit,/blog,,2024-06-14 00:00:00
touch_4277885,cust_117094,4,2024-06-12 00:00:00,visit,/blog,,2024-06-14 00:00:00
touch_7325248,cust_117094,1,2024-06-14 00:00:00,content_download,/blog,campaign_41,2024-06-14 00:00:00
touch_7461354,cust_823222,8,2023-09-13 00:00:00,form_submit,/demo,,2023-10-10 00:00:00
touch_1239473,cust_823222,9,2023-09-16 00:00:00,visit,/blog,,2023-10-10 00:00:00
touch_7100567,cust_823222,6,2023-09-20 00:00:00,form_submit,/pricing,,2023-10-10 00:00:00
touch_8600936,cust_823222,7,2023-09-24 00:00:00,form_submit,/features,,2023-10-10 00:00:00
touch_5370410,cust_823222,6,2023-09-28 00:00:00,content_download,/home,,2023-10-10 00:00:00
touch_5948609,cust_823222,4,2023-10-02 00:00:00,click,/blog,,2023-10-10 00:00:00
touch_5560942,cust_823222,7,2023-10-06 00:00:00,visit,/pricing,,2023-10-10 00:00:00
touch_8819144,cust_823222,4,2023-10-10 00:00:00,click,/demo,,2023-10-10 00:00:00
touch_8382095,cust_484914,6,2024-07-22 00:00:00,content_download,/blog,,2024-08-19 00:00:00
touch_5937075,cust_484914,5,2024-07-26 00:00:00,visit,/features,,2024-08-19 00:00:00
touch_2036980,cust_484914,1,2024-07-30 00:00:00,demo_request,/features,campaign_26,2024-08-19 00:00:00
touch_1943269,cust_484914,1,2024-08-03 00:00:00,click,/blog,campaign_22,2024-08-19 00:00:00
touch_3692134,cust_484914,5,2024-08-07 00:00:00,demo_request,/blog,,2024-08-19 00:00:00
touch_2944246,cust_484914,1,2024-08-11 00:00:00,click,/pricing,campaign_40,2024-08-19 00:00:00
touch_8172263,cust_484914,5,2024-08-15 00:00:00,content_download,/blog,,2024-08-19 00:00:00
touch_6178753,cust_484914,6,2024-08-19 00:00:00,click,/features,,2024-08-19 00:00:00
touch_8771906,cust_931420,7,2024-03-24 00:00:00,content_download,/demo,,2024-05-09 00:00:00
touch_7072887,cust_931420,2,2024-04-02 00:00:00,demo_request,/demo,campaign_46,2024-05-09 00:00:00
touch_3483526,cust_931420,6,2024-04-11 00:00:00,click,/features,,2024-05-09 00:00:00
touch_5525937,cust_931420,5,2024-04-20 00:00:00,click,/demo,,2024-05-09 00:00:00
touch_4290819,cust_931420,5,2024-04-29 00:00:00,content_download,/demo,,2024-05-09 00:00:00
touch_9343712,cust_931420,7,2024-05-09 00:00:00,visit,/home,,2024-05-09 00:00:00
touch_8335333,cust_947607,1,2024-06-16 00:00:00,form_submit,/pricing,campaign_41,2024-08-13 00:00:00
touch_6584095,cust_947607,3,2024-06-24 00:00:00,form_submit,/pricing,campaign_39,2024-08-13 00:00:00
touch_7195859,cust_947607,2,2024-07-02 00:00:00,visit,/demo,campaign_43,2024-08-13 00:00:00
touch_6652000,cust_947607,4,2024-07-10 00:00:00,demo_request,/case-studies,,2024-08-13 00:00:00
touch_5423636,cust_947607,1,2024-07-19 00:00:00,demo_request,/demo,campaign_16,2024-08-13 00:00:00
touch_2025743,cust_947607,6,2024-07-27 00:00:00,demo_request,/blog,,2024-08-13 00:00:00
touch_3524451,cust_947607,6,2024-08-04 00:00:00,demo_request,/features,,2024-08-13 00:00:00
touch_5642499,cust_947607,1,2024-08-13 00:00:00,visit,/demo,campaign_38,2024-08-13 00:00:00
touch_4679897,cust_907812,5,2023-07-01 00:00:00,visit,/features,,2023-08-21 00:00:00
touch_2991675,cust_907812,7,2023-07-18 00:00:00,form_submit,/pricing,,2023-08-21 00:00:00
touch_6976431,cust_907812,8,2023-08-04 00:00:00,form_submit,/features,,2023-08-21 00:00:00
touch_1556583,cust_907812,9,2023-08-21 00:00:00,demo_request,/demo,,2023-08-21 00:00:00
touch_6222441,cust_434827,4,2024-05-07 00:00:00,click,/blog,,2024-07-06 00:00:00
touch_7052027,cust_434827,8,2024-05-15 00:00:00,content_download,/features,,2024-07-06 00:00:00
touch_1378999,cust_434827,1,2024-05-24 00:00:00,form_submit,/pricing,campaign_48,2024-07-06 00:00:00
touch_9135032,cust_434827,5,2024-06-01 00:00:00,content_download,/home,,2024-07-06 00:00:00
touch_5219261,cust_434827,2,2024-06-10 00:00:00,content_download,/demo,campaign_25,2024-07-06 00:00:00
touch_4883331,cust_434827,8,2024-06-18 00:00:00,visit,/demo,,2024-07-06 00:00:00
touch_8408190,cust_434827,6,2024-06-27 00:00:00,demo_request,/blog,,2024-07-06 00:00:00
touch_2290474,cust_434827,4,2024-07-06 00:00:00,visit,/blog,,2024-07-06 00:00:00
touch_2651845,cust_889410,3,2024-07-31 00:00:00,demo_request,/features,campaign_2,2024-09-01 00:00:00
touch_5705844,cust_881519,9,2023-02-03 00:00:00,content_download,/home,,2023-02-20 00:00:00
touch_1700537,cust_881519,3,2023-02-05 00:00:00,form_submit,/home,campaign_46,2023-02-20 00:00:00
touch_9372243,cust_881519,6,2023-02-07 00:00:00,visit,/blog,,2023-02-20 00:00:00
touch_3542507,cust_881519,1,2023-02-10 00:00:00,click,/home,campaign_38,2023-02-20 00:00:00
touch_6330281,cust_881519,1,2023-02-12 00:00:00,visit,/case-studies,campaign_14,2023-02-20 00:00:00
touch_1073362,cust_881519,5,2023-02-15 00:00:00,click,/blog,,2023-02-20 00:00:00
touch_1750988,cust_881519,5,2023-02-17 00:00:00,visit,/case-studies,,2023-02-20 00:00:00
touch_8402195,cust_881519,1,2023-02-20 00:00:00,form_submit,/case-studies,campaign_29,2023-02-20 00:00:00
touch_6828996,cust_307731,1,2024-03-29 00:00:00,form_submit,/features,campaign_9,2024-05-14 00:00:00
touch_9456021,cust_307731,2,2024-04-21 00:00:00,click,/case-studies,campaign_40,2024-05-14 00:00:00
touch_9296929,cust_307731,1,2024-05-14 00:00:00,form_submit,/demo,campaign_45,2024-05-14 00:00:00
touch_5751280,cust_550956,1,2023-11-01 00:00:00,form_submit,/pricing,campaign_25,2023-11-28 00:00:00
touch_4535578,cust_550956,2,2023-11-07 00:00:00,click,/case-studies,campaign_36,2023-11-28 00:00:00
touch_6159644,cust_550956,4,2023-11-14 00:00:00,content_download,/features,,2023-11-28 00:00:00
touch_1705364,cust_550956,1,2023-11-21 00:00:00,click,/case-studies,campaign_19,2023-11-28 00:00:00
touch_1890329,cust_550956,1,2023-11-28 00:00:00,demo_request,/pricing,campaign_19,2023-11-28 00:00:00
touch_8083995,cust_787247,3,2023-01-05 00:00:00,visit,/demo,campaign_43,2023-01-25 00:00:00
touch_5411502,cust_787247,2,2023-01-25 00:00:00,demo_request,/home,campaign_13,2023-01-25 00:00:00
touch_5876431,cust_957915,2,2023-07-12 00:00:00,visit,/demo,campaign_44,2023-08-28 00:00:00
touch_4262367,cust_957915,4,2023-07-21 00:00:00,click,/features,,2023-08-28 00:00:00
touch_4921213,cust_957915,5,2023-07-30 00:00:00,visit,/case-studies,,2023-08-28 00:00:00
touch_8614915,cust_957915,7,2023-08-09 00:00:00,visit,/blog,,2023-08-28 00:00:00
touch_3547783,cust_957915,5,2023-08-18 00:00:00,visit,/case-studies,,2023-08-28 00:00:00
touch_7424095,cust_957915,1,2023-08-28 00:00:00,visit,/demo,campaign_43,2023-08-28 00:00:00
touch_4686653,cust_254850,6,2023-09-09 00:00:00,visit,/blog,,2023-10-22 00:00:00
touch_8739424,cust_254850,8,2023-09-23 00:00:00,demo_request,/home,,2023-10-22 00:00:00
touch_1457567,cust_254850,5,2023-10-07 00:00:00,demo_request,/home,,2023-10-22 00:00:00
touch_4951666,cust_254850,6,2023-10-22 00:00:00,demo_request,/blog,,2023-10-22 00:00:00
touch_1105184,cust_313701,5,2024-06-11 00:00:00,click,/case-studies,,2024-07-13 00:00:00
touch_8545240,cust_313701,6,2024-06-21 00:00:00,demo_request,/features,,2024-07-13 00:00:00
touch_7001339,cust_313701,2,2024-07-02 00:00:00,content_download,/features,campaign_18,2024-07-13 00:00:00
touch_2166155,cust_313701,4,2024-07-13 00:00:00,demo_request,/case-studies,,2024-07-13 00:00:00
touch_8572517,cust_711324,1,2024-10-12 00:00:00,click,/blog,campaign_26,2024-11-10 00:00:00
touch_7579146,cust_711324,2,2024-10-21 00:00:00,click,/features,campaign_2,2024-11-10 00:00:00
touch_4884626,cust_711324,5,2024-10-31 00:00:00,demo_request,/case-studies,,2024-11-10 00:00:00
touch_3414090,cust_711324,1,2024-11-10 00:00:00,visit,/pricing,campaign_5,2024-11-10 00:00:00
touch_2263376,cust_108739,5,2023-01-22 00:00:00,form_submit,/features,,2023-03-10 00:00:00
touch_1744769,cust_108739,1,2023-01-28 00:00:00,demo_request,/case-studies,campaign_2,2023-03-10 00:00:00
touch_7127322,cust_108739,5,2023-02-04 00:00:00,content_download,/pricing,,2023-03-10 00:00:00
touch_7313395,cust_108739,4,2023-02-11 00:00:00,demo_request,/pricing,,2023-03-10 00:00:00
touch_4951972,cust_108739,5,2023-02-17 00:00:00,demo_request,/case-studies,,2023-03-10 00:00:00
touch_2503757,cust_108739,6,2023-02-24 00:00:00,visit,/demo,,2023-03-10 00:00:00
touch_9066986,cust_108739,7,2023-03-03 00:00:00,click,/pricing,,2023-03-10 00:00:00
touch_9719107,cust_108739,5,2023-03-10 00:00:00,click,/demo,,2023-03-10 00:00:00
touch_5957455,cust_505298,8,2023-07-29 00:00:00,demo_request,/case-studies,,2023-08-25 00:00:00
touch_3986429,cust_505298,1,2023-08-02 00:00:00,form_submit,/blog,campaign_25,2023-08-25 00:00:00
touch_3873429,cust_505298,3,2023-08-07 00:00:00,click,/blog,campaign_24,2023-08-25 00:00:00
touch_6556614,cust_505298,4,2023-08-11 00:00:00,click,/home,,2023-08-25 00:00:00
touch_2877427,cust_505298,1,2023-08-16 00:00:00,form_submit,/case-studies,campaign_20,2023-08-25 00:00:00
touch_6170307,cust_505298,2,2023-08-20 00:00:00,demo_request,/features,campaign_32,2023-08-25 00:00:00
touch_1065659,cust_505298,5,2023-08-25 00:00:00,content_download,/features,,2023-08-25 00:00:00
touch_8822168,cust_580233,2,2024-06-28 00:00:00,visit,/pricing,campaign_44,2024-07-28 00:00:00
touch_8584378,cust_817552,2,2023-12-10 00:00:00,content_download,/features,campaign_40,2023-12-27 00:00:00
touch_3247271,cust_817552,5,2023-12-18 00:00:00,form_submit,/features,,2023-12-27 00:00:00
touch_9885504,cust_817552,5,2023-12-27 00:00:00,click,/blog,,2023-12-27 00:00:00
touch_1104637,cust_954441,2,2023-01-23 00:00:00,form_submit,/home,campaign_47,2023-01-31 00:00:00
touch_9166897,cust_954441,2,2023-01-31 00:00:00,click,/blog,campaign_49,2023-01-31 00:00:00
touch_8614882,cust_810929,7,2024-09-09 00:00:00,click,/blog,,2024-09-19 00:00:00
touch_8517036,cust_810929,4,2024-09-19 00:00:00,form_submit,/features,,2024-09-19 00:00:00
touch_8773016,cust_316800,5,2024-10-14 00:00:00,visit,/case-studies,,2024-10-30 00:00:00
touch_8152934,cust_316800,5,2024-10-30 00:00:00,click,/pricing,,2024-10-30 00:00:00
touch_6854419,cust_241822,4,2024-01-19 00:00:00,visit,/demo,,2024-03-16 00:00:00
touch_9934490,cust_433025,2,2023-04-26 00:00:00,demo_request,/blog,campaign_12,2023-05-30 00:00:00
touch_3755362,cust_433025,1,2023-05-01 00:00:00,content_download,/features,campaign_27,2023-05-30 00:00:00
touch_4488036,cust_433025,1,2023-05-07 00:00:00,click,/features,campaign_24,2023-05-30 00:00:00
touch_6832097,cust_433025,4,2023-05-13 00:00:00,demo_request,/pricing,,2023-05-30 00:00:00
touch_7166068,cust_433025,5,2023-05-18 00:00:00,content_download,/features,,2023-05-30 00:00:00
touch_2072596,cust_433025,3,2023-05-24 00:00:00,demo_request,/pricing,campaign_39,2023-05-30 00:00:00
touch_1551595,cust_433025,3,2023-05-30 00:00:00,demo_request,/case-studies,campaign_37,2023-05-30 00:00:00
touch_6008864,cust_767782,1,2023-09-12 00:00:00,content_download,/features,campaign_14,2023-10-08 00:00:00
touch_8173832,cust_767782,6,2023-09-18 00:00:00,click,/demo,,2023-10-08 00:00:00
touch_3942290,cust_767782,6,2023-09-25 00:00:00,form_submit,/demo,,2023-10-08 00:00:00
touch_9523692,cust_767782,8,2023-10-01 00:00:00,form_submit,/blog,,2023-10-08 00:00:00
touch_6230023,cust_767782,1,2023-10-08 00:00:00,content_download,/demo,campaign_27,2023-10-08 00:00:00
touch_9332604,cust_342128,1,2024-07-15 00:00:00,content_download,/case-studies,campaign_1,2024-09-02 00:00:00
touch_7825534,cust_342128,3,2024-07-24 00:00:00,form_submit,/home,campaign_26,2024-09-02 00:00:00
touch_7938354,cust_342128,4,2024-08-03 00:00:00,form_submit,/features,,2024-09-02 00:00:00
touch_7275621,cust_342128,1,2024-08-13 00:00:00,demo_request,/case-studies,campaign_1,2024-09-02 00:00:00
touch_3304324,cust_342128,2,2024-08-23 00:00:00,form_submit,/demo,campaign_33,2024-09-02 00:00:00
touch_6207758,cust_342128,1,2024-09-02 00:00:00,click,/demo,campaign_17,2024-09-02 00:00:00
touch_6991311,cust_846606,3,2024-09-11 00:00:00,visit,/case-studies,campaign_35,2024-10-27 00:00:00
touch_6023168,cust_846606,1,2024-09-18 00:00:00,content_download,/demo,campaign_1,2024-10-27 00:00:00
touch_7538758,cust_846606,5,2024-09-26 00:00:00,click,/blog,,2024-10-27 00:00:00
touch_4079292,cust_846606,5,2024-10-04 00:00:00,demo_request,/features,,2024-10-27 00:00:00
touch_5961871,cust_846606,1,2024-10-11 00:00:00,visit,/demo,campaign_10,2024-10-27 00:00:00
touch_6540504,cust_846606,6,2024-10-19 00:00:00,visit,/case-studies,,2024-10-27 00:00:00
touch_1463098,cust_846606,3,2024-10-27 00:00:00,demo_request,/pricing,campaign_12,2024-10-27 00:00:00
touch_4761671,cust_115743,5,2023-09-16 00:00:00,demo_request,/home,,2023-10-04 00:00:00
touch_5726265,cust_115743,1,2023-09-19 00:00:00,form_submit,/case-studies,campaign_25,2023-10-04 00:00:00
touch_3255109,cust_115743,9,2023-09-23 00:00:00,content_download,/demo,,2023-10-04 00:00:00
touch_2609337,cust_115743,2,2023-09-26 00:00:00,form_submit,/blog,campaign_30,2023-10-04 00:00:00
touch_8906960,cust_115743,2,2023-09-30 00:00:00,visit,/features,campaign_43,2023-10-04 00:00:00
touch_6516451,cust_115743,5,2023-10-04 00:00:00,form_submit,/features,,2023-10-04 00:00:00
touch_4809278,cust_747033,2,2024-03-24 00:00:00,form_submit,/blog,campaign_43,2024-05-16 00:00:00
touch_2116368,cust_747033,2,2024-04-10 00:00:00,content_download,/blog,campaign_23,2024-05-16 00:00:00
touch_6841450,cust_747033,2,2024-04-28 00:00:00,demo_request,/case-studies,campaign_22,2024-05-16 00:00:00
touch_8943693,cust_747033,4,2024-05-16 00:00:00,form_submit,/home,,2024-05-16 00:00:00
touch_1740912,cust_428096,4,2024-02-01 00:00:00,visit,/blog,,2024-02-08 00:00:00
touch_6065517,cust_428096,1,2024-02-04 00:00:00,demo_request,/demo,campaign_16,2024-02-08 00:00:00
touch_5817255,cust_428096,1,2024-02-08 00:00:00,demo_request,/demo,campaign_16,2024-02-08 00:00:00
touch_2615625,cust_967182,4,2023-01-10 00:00:00,visit,/features,,2023-02-13 00:00:00
touch_5728388,cust_967182,5,2023-01-21 00:00:00,form_submit,/blog,,2023-02-13 00:00:00
touch_2711121,cust_967182,6,2023-02-01 00:00:00,demo_request,/case-studies,,2023-02-13 00:00:00
touch_5516273,cust_967182,3,2023-02-13 00:00:00,visit,/home,campaign_46,2023-02-13 00:00:00
touch_9721174,cust_299072,2,2023-09-10 00:00:00,click,/features,campaign_44,2023-10-26 00:00:00
touch_6999719,cust_299072,10,2023-09-19 00:00:00,demo_request,/case-studies,,2023-10-26 00:00:00
touch_2493373,cust_299072,2,2023-09-28 00:00:00,visit,/case-studies,campaign_20,2023-10-26 00:00:00
touch_9538335,cust_299072,1,2023-10-07 00:00:00,form_submit,/home,campaign_33,2023-10-26 00:00:00
touch_7829432,cust_299072,1,2023-10-16 00:00:00,form_submit,/features,campaign_37,2023-10-26 00:00:00
touch_8804996,cust_299072,2,2023-10-26 00:00:00,demo_request,/demo,campaign_12,2023-10-26 00:00:00
touch_7262350,cust_823468,5,2024-05-16 00:00:00,form_submit,/home,,2024-06-13 00:00:00
touch_3026641,cust_823468,3,2024-05-21 00:00:00,demo_request,/home,campaign_37,2024-06-13 00:00:00
touch_7202035,cust_823468,2,2024-05-27 00:00:00,content_download,/demo,campaign_1,2024-06-13 00:00:00
touch_8429149,cust_823468,9,2024-06-01 00:00:00,demo_request,/demo,,2024-06-13 00:00:00
touch_1497111,cust_823468,5,2024-06-07 00:00:00,content_download,/home,,2024-06-13 00:00:00
touch_5623711,cust_823468,4,2024-06-13 00:00:00,visit,/pricing,,2024-06-13 00:00:00
touch_5404929,cust_829928,3,2024-05-15 00:00:00,demo_request,/pricing,campaign_25,2024-07-13 00:00:00
touch_6254083,cust_829928,7,2024-05-26 00:00:00,form_submit,/blog,,2024-07-13 00:00:00
touch_3686370,cust_829928,6,2024-06-07 00:00:00,content_download,/demo,,2024-07-13 00:00:00
touch_7865702,cust_829928,6,2024-06-19 00:00:00,demo_request,/blog,,2024-07-13 00:00:00
touch_3289493,cust_829928,7,2024-07-01 00:00:00,content_download,/blog,,2024-07-13 00:00:00
touch_7284551,cust_829928,1,2024-07-13 00:00:00,content_download,/blog,campaign_44,2024-07-13 00:00:00
touch_1349706,cust_194560,7,2023-07-31 00:00:00,demo_request,/case-studies,,2023-09-14 00:00:00
touch_8125575,cust_194560,1,2023-08-11 00:00:00,visit,/home,campaign_1,2023-09-14 00:00:00
touch_4780174,cust_194560,1,2023-08-22 00:00:00,form_submit,/home,campaign_43,2023-09-14 00:00:00
touch_5342322,cust_194560,1,2023-09-02 00:00:00,form_submit,/blog,campaign_46,2023-09-14 00:00:00
touch_6609088,cust_194560,5,2023-09-14 00:00:00,content_download,/pricing,,2023-09-14 00:00:00
touch_4266065,cust_764873,3,2023-11-23 00:00:00,demo_request,/features,campaign_41,2024-01-07 00:00:00
touch_4362793,cust_764873,5,2023-12-04 00:00:00,click,/demo,,2024-01-07 00:00:00
touch_9588514,cust_764873,3,2023-12-15 00:00:00,form_submit,/blog,campaign_45,2024-01-07 00:00:00
touch_8944891,cust_764873,1,2023-12-26 00:00:00,demo_request,/demo,campaign_1,2024-01-07 00:00:00
touch_9654785,cust_764873,3,2024-01-07 00:00:00,visit,/case-studies,campaign_43,2024-01-07 00:00:00
touch_8939861,cust_905579,2,2023-06-10 00:00:00,demo_request,/features,campaign_43,2023-06-24 00:00:00
touch_2573067,cust_905579,2,2023-06-24 00:00:00,form_submit,/pricing,campaign_11,2023-06-24 00:00:00
touch_8418417,cust_423026,4,2023-11-01 00:00:00,visit,/case-studies,,2023-11-13 00:00:00
touch_2648950,cust_423026,4,2023-11-04 00:00:00,click,/demo,,2023-11-13 00:00:00
touch_7983679,cust_423026,4,2023-11-07 00:00:00,click,/pricing,,2023-11-13 00:00:00
touch_9142203,cust_423026,6,2023-11-10 00:00:00,demo_request,/case-studies,,2023-11-13 00:00:00
touch_9601209,cust_423026,4,2023-11-13 00:00:00,visit,/pricing,,2023-11-13 00:00:00
touch_3377580,cust_112800,7,2024-03-27 00:00:00,click,/home,,2024-04-14 00:00:00
touch_9708368,cust_112800,2,2024-04-05 00:00:00,form_submit,/case-studies,campaign_46,2024-04-14 00:00:00
touch_6336113,cust_112800,4,2024-04-14 00:00:00,visit,/blog,,2024-04-14 00:00:00
touch_2645738,cust_575779,6,2024-01-16 00:00:00,content_download,/features,,2024-02-24 00:00:00
touch_8982782,cust_575779,5,2024-01-21 00:00:00,visit,/home,,2024-02-24 00:00:00
touch_3369465,cust_575779,6,2024-01-27 00:00:00,form_submit,/blog,,2024-02-24 00:00:00
touch_1249303,cust_575779,5,2024-02-01 00:00:00,click,/blog,,2024-02-24 00:00:00
touch_3233234,cust_575779,2,2024-02-07 00:00:00,form_submit,/home,campaign_32,2024-02-24 00:00:00
touch_3087132,cust_575779,1,2024-02-12 00:00:00,demo_request,/case-studies,campaign_15,2024-02-24 00:00:00
touch_2605210,cust_575779,7,2024-02-18 00:00:00,click,/demo,,2024-02-24 00:00:00
touch_5626659,cust_575779,5,2024-02-24 00:00:00,click,/features,,2024-02-24 00:00:00
touch_6727630,cust_317723,7,2023-01-30 00:00:00,content_download,/blog,,2023-02-20 00:00:00
touch_9355308,cust_447195,5,2023-03-03 00:00:00,click,/pricing,,2023-03-31 00:00:00
touch_6828807,cust_447195,2,2023-03-17 00:00:00,demo_request,/home,campaign_15,2023-03-31 00:00:00
touch_3739588,cust_447195,10,2023-03-31 00:00:00,click,/home,,2023-03-31 00:00:00
touch_9162253,cust_925551,7,2024-06-12 00:00:00,demo_request,/demo,,2024-07-29 00:00:00
touch_5827688,cust_925551,6,2024-07-29 00:00:00,content_download,/pricing,,2024-07-29 00:00:00
touch_8577991,cust_960109,1,2023-02-27 00:00:00,visit,/case-studies,campaign_4,2023-03-11 00:00:00
touch_1730759,cust_960109,1,2023-03-11 00:00:00,demo_request,/pricing,campaign_7,2023-03-11 00:00:00
touch_7333260,cust_320038,4,2023-07-10 00:00:00,content_download,/features,,2023-08-03 00:00:00
touch_6668184,cust_320038,5,2023-07-22 00:00:00,click,/demo,,2023-08-03 00:00:00
touch_3145289,cust_320038,4,2023-08-03 00:00:00,visit,/case-studies,,2023-08-03 00:00:00
touch_2684615,cust_926471,2,2023-08-30 00:00:00,visit,/pricing,campaign_18,2023-10-22 00:00:00
touch_7324612,cust_926471,2,2023-09-16 00:00:00,demo_request,/case-studies,campaign_38,2023-10-22 00:00:00
touch_3224400,cust_926471,3,2023-10-04 00:00:00,demo_request,/home,campaign_34,2023-10-22 00:00:00
touch_5304644,cust_926471,2,2023-10-22 00:00:00,form_submit,/features,campaign_43,2023-10-22 00:00:00
touch_3362229,cust_620509,4,2024-04-23 00:00:00,form_submit,/features,,2024-06-16 00:00:00
touch_3461675,cust_620509,4,2024-05-06 00:00:00,visit,/features,,2024-06-16 00:00:00
touch_6144477,cust_620509,4,2024-05-20 00:00:00,click,/case-studies,,2024-06-16 00:00:00
touch_7051879,cust_620509,1,2024-06-02 00:00:00,content_download,/pricing,campaign_37,2024-06-16 00:00:00
touch_1031800,cust_620509,4,2024-06-16 00:00:00,form_submit,/demo,,2024-06-16 00:00:00
touch_6119760,cust_223949,2,2023-01-12 00:00:00,content_download,/case-studies,campaign_24,2023-01-25 00:00:00
touch_9670657,cust_223949,4,2023-01-14 00:00:00,visit,/features,,2023-01-25 00:00:00
touch_3685211,cust_223949,6,2023-01-17 00:00:00,form_submit,/pricing,,2023-01-25 00:00:00
touch_9583530,cust_223949,5,2023-01-19 00:00:00,demo_request,/blog,,2023-01-25 00:00:00
touch_7608607,cust_223949,5,2023-01-22 00:00:00,form_submit,/demo,,2023-01-25 00:00:00
touch_1288139,cust_223949,1,2023-01-25 00:00:00,demo_request,/blog,campaign_15,2023-01-25 00:00:00
touch_2379327,cust_687638,2,2024-09-21 00:00:00,content_download,/blog,campaign_19,2024-10-14 00:00:00
touch_2642786,cust_904291,3,2022-12-27 00:00:00,click,/demo,campaign_45,2023-01-07 00:00:00
touch_9376023,cust_904291,5,2023-01-01 00:00:00,form_submit,/features,,2023-01-07 00:00:00
touch_4601321,cust_904291,3,2023-01-07 00:00:00,content_download,/demo,campaign_31,2023-01-07 00:00:00
touch_3046516,cust_805139,4,2024-03-12 00:00:00,form_submit,/features,,2024-05-05 00:00:00
touch_3738535,cust_805139,7,2024-04-08 00:00:00,form_submit,/home,,2024-05-05 00:00:00
touch_6324032,cust_805139,5,2024-05-05 00:00:00,visit,/case-studies,,2024-05-05 00:00:00
touch_5614647,cust_953715,4,2024-01-19 00:00:00,visit,/pricing,,2024-02-28 00:00:00
touch_3305936,cust_953715,2,2024-02-01 00:00:00,click,/pricing,campaign_30,2024-02-28 00:00:00
touch_1730932,cust_953715,8,2024-02-14 00:00:00,content_download,/features,,2024-02-28 00:00:00
touch_6797155,cust_953715,5,2024-02-28 00:00:00,click,/demo,,2024-02-28 00:00:00
touch_8207436,cust_818791,1,2023-10-17 00:00:00,click,/pricing,campaign_16,2023-12-06 00:00:00
touch_7254957,cust_735111,7,2023-12-29 00:00:00,click,/home,,2024-02-03 00:00:00
touch_9908331,cust_735111,10,2024-01-03 00:00:00,form_submit,/blog,,2024-02-03 00:00:00
touch_8718185,cust_735111,1,2024-01-08 00:00:00,form_submit,/features,campaign_44,2024-02-03 00:00:00
touch_4006904,cust_735111,8,2024-01-13 00:00:00,content_download,/pricing,,2024-02-03 00:00:00
touch_2469840,cust_735111,1,2024-01-18 00:00:00,demo_request,/blog,campaign_18,2024-02-03 00:00:00
touch_7200162,cust_735111,6,2024-01-23 00:00:00,visit,/case-studies,,2024-02-03 00:00:00
touch_9779833,cust_735111,1,2024-01-28 00:00:00,form_submit,/blog,campaign_37,2024-02-03 00:00:00
touch_2565806,cust_735111,4,2024-02-03 00:00:00,demo_request,/home,,2024-02-03 00:00:00
touch_4042447,cust_621199,5,2023-07-05 00:00:00,demo_request,/home,,2023-09-01 00:00:00
touch_4945132,cust_621199,8,2023-09-01 00:00:00,form_submit,/pricing,,2023-09-01 00:00:00
touch_4363399,cust_311915,6,2023-03-03 00:00:00,demo_request,/case-studies,,2023-04-05 00:00:00
touch_6179115,cust_649063,7,2023-10-17 00:00:00,click,/pricing,,2023-11-14 00:00:00
touch_8612550,cust_649063,2,2023-10-22 00:00:00,visit,/blog,campaign_29,2023-11-14 00:00:00
touch_1211079,cust_649063,1,2023-10-28 00:00:00,form_submit,/home,campaign_37,2023-11-14 00:00:00
touch_4619017,cust_649063,5,2023-11-02 00:00:00,click,/features,,2023-11-14 00:00:00
touch_4287909,cust_649063,1,2023-11-08 00:00:00,visit,/home,campaign_40,2023-11-14 00:00:00
touch_8709912,cust_649063,7,2023-11-14 00:00:00,click,/home,,2023-11-14 00:00:00
touch_5922270,cust_138328,4,2024-03-27 00:00:00,click,/home,,2024-04-15 00:00:00
touch_9354230,cust_138328,5,2024-03-30 00:00:00,click,/features,,2024-04-15 00:00:00
touch_9434352,cust_138328,2,2024-04-02 00:00:00,click,/blog,campaign_48,2024-04-15 00:00:00
touch_9152715,cust_138328,1,2024-04-05 00:00:00,visit,/pricing,campaign_6,2024-04-15 00:00:00
touch_3802068,cust_138328,8,2024-04-08 00:00:00,form_submit,/demo,,2024-04-15 00:00:00
touch_8242292,cust_138328,5,2024-04-11 00:00:00,demo_request,/home,,2024-04-15 00:00:00
touch_6088330,cust_138328,4,2024-04-15 00:00:00,visit,/blog,,2024-04-15 00:00:00
touch_5880139,cust_449479,10,2024-03-17 00:00:00,demo_request,/features,,2024-04-23 00:00:00
touch_1626073,cust_449479,1,2024-04-04 00:00:00,content_download,/demo,campaign_37,2024-04-23 00:00:00
touch_2293403,cust_449479,6,2024-04-23 00:00:00,form_submit,/pricing,,2024-04-23 00:00:00
touch_8776443,cust_310297,2,2023-07-05 00:00:00,content_download,/blog,campaign_37,2023-07-17 00:00:00
touch_8150925,cust_310297,3,2023-07-09 00:00:00,content_download,/features,campaign_4,2023-07-17 00:00:00
touch_9973521,cust_310297,8,2023-07-13 00:00:00,visit,/home,,2023-07-17 00:00:00
touch_5978779,cust_310297,2,2023-07-17 00:00:00,visit,/pricing,campaign_30,2023-07-17 00:00:00
touch_3121579,cust_753205,4,2024-06-26 00:00:00,click,/home,,2024-07-27 00:00:00
touch_6695947,cust_753205,3,2024-06-30 00:00:00,content_download,/features,campaign_6,2024-07-27 00:00:00
touch_1564219,cust_753205,1,2024-07-04 00:00:00,visit,/pricing,campaign_25,2024-07-27 00:00:00
touch_6852111,cust_753205,7,2024-07-09 00:00:00,content_download,/features,,2024-07-27 00:00:00
touch_8965597,cust_753205,2,2024-07-13 00:00:00,click,/blog,campaign_18,2024-07-27 00:00:00
touch_8567005,cust_753205,7,2024-07-18 00:00:00,visit,/case-studies,,2024-07-27 00:00:00
touch_5521177,cust_753205,5,2024-07-22 00:00:00,form_submit,/blog,,2024-07-27 00:00:00
touch_7516378,cust_753205,4,2024-07-27 00:00:00,click,/home,,2024-07-27 00:00:00
touch_2305064,cust_279594,3,2023-03-01 00:00:00,demo_request,/pricing,campaign_13,2023-03-14 00:00:00
touch_8962116,cust_279594,4,2023-03-07 00:00:00,click,/features,,2023-03-14 00:00:00
touch_9745874,cust_279594,1,2023-03-14 00:00:00,visit,/case-studies,campaign_14,2023-03-14 00:00:00
touch_3564988,cust_502233,1,2023-02-15 00:00:00,click,/demo,campaign_2,2023-02-25 00:00:00
touch_7435623,cust_502233,1,2023-02-25 00:00:00,content_download,/case-studies,campaign_19,2023-02-25 00:00:00
touch_3556957,cust_427617,5,2023-10-18 00:00:00,demo_request,/pricing,,2023-12-07 00:00:00
touch_7598734,cust_427617,3,2023-11-12 00:00:00,form_submit,/case-studies,campaign_44,2023-12-07 00:00:00
touch_7309229,cust_427617,5,2023-12-07 00:00:00,click,/home,,2023-12-07 00:00:00
touch_7217353,cust_832534,5,2024-03-10 00:00:00,form_submit,/blog,,2024-04-24 00:00:00
touch_1898548,cust_832534,8,2024-03-17 00:00:00,click,/demo,,2024-04-24 00:00:00
touch_6955904,cust_832534,3,2024-03-25 00:00:00,form_submit,/pricing,campaign_14,2024-04-24 00:00:00
touch_5288886,cust_832534,4,2024-04-01 00:00:00,content_download,/demo,,2024-04-24 00:00:00
touch_7442031,cust_832534,4,2024-04-09 00:00:00,click,/pricing,,2024-04-24 00:00:00
touch_9083873,cust_832534,4,2024-04-16 00:00:00,content_download,/home,,2024-04-24 00:00:00
touch_8385587,cust_832534,5,2024-04-24 00:00:00,demo_request,/home,,2024-04-24 00:00:00
touch_6625979,cust_746910,5,2023-07-26 00:00:00,click,/pricing,,2023-09-22 00:00:00
touch_3863862,cust_746910,2,2023-08-09 00:00:00,visit,/features,campaign_39,2023-09-22 00:00:00
touch_5374229,cust_746910,6,2023-08-24 00:00:00,click,/features,,2023-09-22 00:00:00
touch_8547984,cust_746910,2,2023-09-07 00:00:00,demo_request,/home,campaign_25,2023-09-22 00:00:00
touch_9091425,cust_746910,5,2023-09-22 00:00:00,visit,/blog,,2023-09-22 00:00:00
touch_4171636,cust_218370,1,2023-12-17 00:00:00,form_submit,/blog,campaign_40,2023-12-26 00:00:00
touch_4726465,cust_218370,4,2023-12-18 00:00:00,visit,/home,,2023-12-26 00:00:00
touch_3061272,cust_218370,4,2023-12-20 00:00:00,form_submit,/demo,,2023-12-26 00:00:00
touch_4935125,cust_218370,7,2023-12-21 00:00:00,demo_request,/blog,,2023-12-26 00:00:00
touch_2542236,cust_218370,3,2023-12-23 00:00:00,visit,/case-studies,campaign_41,2023-12-26 00:00:00
touch_6334295,cust_218370,6,2023-12-24 00:00:00,form_submit,/pricing,,2023-12-26 00:00:00
touch_2566794,cust_218370,1,2023-12-26 00:00:00,form_submit,/home,campaign_44,2023-12-26 00:00:00
touch_2020147,cust_848969,4,2023-03-31 00:00:00,demo_request,/demo,,2023-04-20 00:00:00
touch_1448794,cust_848969,7,2023-04-05 00:00:00,demo_request,/blog,,2023-04-20 00:00:00
touch_9846661,cust_848969,2,2023-04-10 00:00:00,form_submit,/features,campaign_33,2023-04-20 00:00:00
touch_4764885,cust_848969,5,2023-04-15 00:00:00,content_download,/features,,2023-04-20 00:00:00
touch_8521781,cust_848969,1,2023-04-20 00:00:00,form_submit,/blog,campaign_29,2023-04-20 00:00:00
touch_5906470,cust_674566,3,2023-05-20 00:00:00,click,/case-studies,campaign_38,2023-06-12 00:00:00
touch_1970164,cust_674566,5,2023-05-23 00:00:00,form_submit,/pricing,,2023-06-12 00:00:00
touch_3811463,cust_674566,3,2023-05-26 00:00:00,content_download,/features,campaign_26,2023-06-12 00:00:00
touch_9300462,cust_674566,4,2023-05-29 00:00:00,demo_request,/features,,2023-06-12 00:00:00
touch_8602159,cust_674566,1,2023-06-02 00:00:00,demo_request,/case-studies,campaign_28,2023-06-12 00:00:00
touch_9073341,cust_674566,7,2023-06-05 00:00:00,click,/features,,2023-06-12 00:00:00
touch_9582943,cust_674566,2,2023-06-08 00:00:00,visit,/features,campaign_34,2023-06-12 00:00:00
touch_7778895,cust_674566,3,2023-06-12 00:00:00,content_download,/blog,campaign_44,2023-06-12 00:00:00
touch_4732045,cust_827851,1,2023-07-31 00:00:00,click,/features,campaign_27,2023-08-30 00:00:00
touch_3588769,cust_827851,4,2023-08-07 00:00:00,content_download,/features,,2023-08-30 00:00:00
touch_8366950,cust_827851,1,2023-08-15 00:00:00,visit,/home,campaign_1,2023-08-30 00:00:00
touch_7176574,cust_827851,5,2023-08-22 00:00:00,demo_request,/case-studies,,2023-08-30 00:00:00
touch_6337974,cust_827851,1,2023-08-30 00:00:00,visit,/blog,campaign_32,2023-08-30 00:00:00
touch_4421039,cust_682051,8,2023-03-06 00:00:00,click,/home,,2023-04-10 00:00:00
touch_5121914,cust_682051,4,2023-03-13 00:00:00,content_download,/home,,2023-04-10 00:00:00
touch_1337765,cust_682051,2,2023-03-20 00:00:00,visit,/features,campaign_20,2023-04-10 00:00:00
touch_5590135,cust_682051,6,2023-03-27 00:00:00,visit,/blog,,2023-04-10 00:00:00
touch_3646009,cust_682051,8,2023-04-03 00:00:00,demo_request,/case-studies,,2023-04-10 00:00:00
touch_1962052,cust_682051,8,2023-04-10 00:00:00,click,/demo,,2023-04-10 00:00:00
touch_1238385,cust_618306,2,2024-09-25 00:00:00,content_download,/blog,campaign_50,2024-10-22 00:00:00
touch_3578551,cust_618306,5,2024-09-28 00:00:00,demo_request,/blog,,2024-10-22 00:00:00
touch_2188593,cust_618306,2,2024-10-02 00:00:00,visit,/demo,campaign_5,2024-10-22 00:00:00
touch_1568122,cust_618306,7,2024-10-06 00:00:00,click,/case-studies,,2024-10-22 00:00:00
touch_8715924,cust_618306,4,2024-10-10 00:00:00,visit,/blog,,2024-10-22 00:00:00
touch_8698572,cust_618306,2,2024-10-14 00:00:00,demo_request,/home,campaign_36,2024-10-22 00:00:00
touch_4928017,cust_618306,4,2024-10-18 00:00:00,content_download,/pricing,,2024-10-22 00:00:00
touch_7981836,cust_618306,1,2024-10-22 00:00:00,demo_request,/pricing,campaign_29,2024-10-22 00:00:00
touch_6193017,cust_574978,4,2024-05-13 00:00:00,content_download,/home,,2024-06-28 00:00:00
touch_1272194,cust_574978,1,2024-05-22 00:00:00,content_download,/case-studies,campaign_39,2024-06-28 00:00:00
touch_8424270,cust_574978,8,2024-05-31 00:00:00,content_download,/features,,2024-06-28 00:00:00
touch_8750226,cust_574978,1,2024-06-09 00:00:00,visit,/home,campaign_33,2024-06-28 00:00:00
touch_7214173,cust_574978,2,2024-06-18 00:00:00,content_download,/demo,campaign_48,2024-06-28 00:00:00
touch_7340571,cust_574978,4,2024-06-28 00:00:00,visit,/home,,2024-06-28 00:00:00
touch_8612952,cust_419343,3,2024-01-24 00:00:00,visit,/home,campaign_32,2024-03-21 00:00:00
touch_1346982,cust_419343,1,2024-02-04 00:00:00,visit,/home,campaign_10,2024-03-21 00:00:00
touch_3221445,cust_419343,6,2024-02-15 00:00:00,visit,/pricing,,2024-03-21 00:00:00
touch_4660410,cust_419343,5,2024-02-27 00:00:00,demo_request,/home,,2024-03-21 00:00:00
touch_1599929,cust_419343,2,2024-03-09 00:00:00,visit,/home,campaign_49,2024-03-21 00:00:00
touch_2143584,cust_419343,4,2024-03-21 00:00:00,content_download,/blog,,2024-03-21 00:00:00
touch_2877401,cust_408474,9,2023-01-07 00:00:00,visit,/demo,,2023-03-05 00:00:00
touch_8321076,cust_408474,8,2023-01-26 00:00:00,demo_request,/blog,,2023-03-05 00:00:00
touch_2086777,cust_408474,7,2023-02-14 00:00:00,visit,/home,,2023-03-05 00:00:00
touch_6115634,cust_408474,9,2023-03-05 00:00:00,visit,/home,,2023-03-05 00:00:00
touch_3546928,cust_346668,4,2024-02-26 00:00:00,form_submit,/home,,2024-03-18 00:00:00
touch_5316629,cust_346668,4,2024-02-29 00:00:00,click,/blog,,2024-03-18 00:00:00
touch_9503859,cust_346668,8,2024-03-04 00:00:00,content_download,/home,,2024-03-18 00:00:00
touch_3447021,cust_346668,4,2024-03-07 00:00:00,visit,/home,,2024-03-18 00:00:00
touch_9131614,cust_346668,7,2024-03-11 00:00:00,visit,/pricing,,2024-03-18 00:00:00
touch_5247749,cust_346668,6,2024-03-14 00:00:00,form_submit,/blog,,2024-03-18 00:00:00
touch_6483456,cust_346668,5,2024-03-18 00:00:00,visit,/pricing,,2024-03-18 00:00:00
touch_2403052,cust_597938,7,2023-03-30 00:00:00,demo_request,/case-studies,,2023-05-23 00:00:00
touch_3381057,cust_597938,9,2023-04-12 00:00:00,form_submit,/features,,2023-05-23 00:00:00
touch_1845592,cust_597938,5,2023-04-26 00:00:00,form_submit,/case-studies,,2023-05-23 00:00:00
touch_6793014,cust_597938,4,2023-05-09 00:00:00,demo_request,/features,,2023-05-23 00:00:00
touch_3862685,cust_597938,7,2023-05-23 00:00:00,form_submit,/pricing,,2023-05-23 00:00:00
touch_5112228,cust_240800,4,2022-11-25 00:00:00,form_submit,/pricing,,2023-01-12 00:00:00
touch_8766942,cust_240800,2,2022-12-07 00:00:00,form_submit,/features,campaign_33,2023-01-12 00:00:00
touch_3096268,cust_240800,4,2022-12-19 00:00:00,click,/pricing,,2023-01-12 00:00:00
touch_1279047,cust_240800,1,2022-12-31 00:00:00,content_download,/home,campaign_45,2023-01-12 00:00:00
touch_3185373,cust_240800,1,2023-01-12 00:00:00,visit,/pricing,campaign_7,2023-01-12 00:00:00
touch_8755074,cust_536056,4,2024-03-07 00:00:00,form_submit,/features,,2024-04-11 00:00:00
touch_3805415,cust_536056,4,2024-03-12 00:00:00,click,/blog,,2024-04-11 00:00:00
touch_1182494,cust_536056,6,2024-03-18 00:00:00,content_download,/pricing,,2024-04-11 00:00:00
touch_1736470,cust_536056,5,2024-03-24 00:00:00,form_submit,/blog,,2024-04-11 00:00:00
touch_1524953,cust_536056,4,2024-03-30 00:00:00,demo_request,/demo,,2024-04-11 00:00:00
touch_8534860,cust_536056,4,2024-04-05 00:00:00,content_download,/pricing,,2024-04-11 00:00:00
touch_1530938,cust_536056,4,2024-04-11 00:00:00,click,/case-studies,,2024-04-11 00:00:00
touch_2175582,cust_336706,4,2023-05-23 00:00:00,visit,/features,,2023-07-10 00:00:00
touch_9267067,cust_336706,6,2023-05-31 00:00:00,visit,/demo,,2023-07-10 00:00:00
touch_6496976,cust_336706,2,2023-06-08 00:00:00,form_submit,/features,campaign_41,2023-07-10 00:00:00
touch_5440740,cust_336706,4,2023-06-16 00:00:00,form_submit,/demo,,2023-07-10 00:00:00
touch_8748005,cust_336706,3,2023-06-24 00:00:00,visit,/pricing,campaign_45,2023-07-10 00:00:00
touch_8553157,cust_336706,6,2023-07-02 00:00:00,visit,/features,,2023-07-10 00:00:00
touch_3807033,cust_336706,4,2023-07-10 00:00:00,content_download,/blog,,2023-07-10 00:00:00
touch_8789013,cust_704349,4,2023-11-25 00:00:00,click,/pricing,,2024-01-11 00:00:00
touch_3911243,cust_704349,8,2023-12-10 00:00:00,content_download,/demo,,2024-01-11 00:00:00
touch_6375640,cust_704349,4,2023-12-26 00:00:00,form_submit,/case-studies,,2024-01-11 00:00:00
touch_5857528,cust_704349,4,2024-01-11 00:00:00,click,/demo,,2024-01-11 00:00:00
touch_5859387,cust_865654,1,2024-04-28 00:00:00,content_download,/case-studies,campaign_20,2024-06-23 00:00:00
touch_5616034,cust_865654,3,2024-05-12 00:00:00,visit,/pricing,campaign_47,2024-06-23 00:00:00
touch_1468320,cust_865654,1,2024-05-26 00:00:00,click,/case-studies,campaign_7,2024-06-23 00:00:00
touch_4920511,cust_865654,7,2024-06-09 00:00:00,content_download,/demo,,2024-06-23 00:00:00
touch_5930580,cust_865654,1,2024-06-23 00:00:00,form_submit,/pricing,campaign_36,2024-06-23 00:00:00
touch_5174803,cust_801200,6,2023-03-01 00:00:00,form_submit,/features,,2023-03-21 00:00:00
touch_4663525,cust_801200,5,2023-03-11 00:00:00,form_submit,/demo,,2023-03-21 00:00:00
touch_3716423,cust_801200,6,2023-03-21 00:00:00,click,/blog,,2023-03-21 00:00:00
touch_9124796,cust_637566,4,2024-02-26 00:00:00,form_submit,/features,,2024-04-25 00:00:00
touch_3495761,cust_637566,5,2024-03-06 00:00:00,visit,/pricing,,2024-04-25 00:00:00
touch_1012148,cust_637566,7,2024-03-16 00:00:00,visit,/pricing,,2024-04-25 00:00:00
touch_8830364,cust_637566,2,2024-03-26 00:00:00,content_download,/home,campaign_40,2024-04-25 00:00:00
touch_7130822,cust_637566,1,2024-04-05 00:00:00,content_download,/demo,campaign_1,2024-04-25 00:00:00
touch_6212784,cust_637566,1,2024-04-15 00:00:00,visit,/home,campaign_6,2024-04-25 00:00:00
touch_9863866,cust_637566,4,2024-04-25 00:00:00,visit,/case-studies,,2024-04-25 00:00:00
touch_2159869,cust_418841,4,2024-06-01 00:00:00,form_submit,/pricing,,2024-07-31 00:00:00
touch_3692038,cust_418841,5,2024-06-11 00:00:00,demo_request,/home,,2024-07-31 00:00:00
touch_8761925,cust_418841,1,2024-06-21 00:00:00,content_download,/features,campaign_3,2024-07-31 00:00:00
touch_2077186,cust_418841,4,2024-07-01 00:00:00,content_download,/pricing,,2024-07-31 00:00:00
touch_8524391,cust_418841,7,2024-07-11 00:00:00,form_submit,/home,,2024-07-31 00:00:00
touch_8368075,cust_418841,3,2024-07-21 00:00:00,demo_request,/pricing,campaign_8,2024-07-31 00:00:00
touch_1645461,cust_418841,3,2024-07-31 00:00:00,demo_request,/blog,campaign_6,2024-07-31 00:00:00
touch_5442642,cust_400748,1,2024-05-03 00:00:00,form_submit,/pricing,campaign_1,2024-05-11 00:00:00
touch_4779691,cust_114892,5,2023-04-10 00:00:00,click,/home,,2023-04-25 00:00:00
touch_5850302,cust_608473,3,2023-06-07 00:00:00,click,/demo,campaign_42,2023-07-05 00:00:00
touch_4165804,cust_608473,4,2023-06-11 00:00:00,demo_request,/home,,2023-07-05 00:00:00
touch_9827228,cust_608473,7,2023-06-16 00:00:00,click,/demo,,2023-07-05 00:00:00
touch_3767589,cust_608473,7,2023-06-21 00:00:00,content_download,/demo,,2023-07-05 00:00:00
touch_4797132,cust_608473,4,2023-06-25 00:00:00,visit,/home,,2023-07-05 00:00:00
touch_2328098,cust_608473,2,2023-06-30 00:00:00,visit,/demo,campaign_22,2023-07-05 00:00:00
touch_9437914,cust_608473,3,2023-07-05 00:00:00,content_download,/home,campaign_18,2023-07-05 00:00:00
touch_8245643,cust_533007,9,2024-01-04 00:00:00,form_submit,/pricing,,2024-01-28 00:00:00
touch_1515690,cust_533007,5,2024-01-28 00:00:00,content_download,/case-studies,,2024-01-28 00:00:00
touch_2879338,cust_959340,3,2023-03-07 00:00:00,form_submit,/pricing,campaign_33,2023-04-29 00:00:00
touch_9493615,cust_959340,6,2023-03-20 00:00:00,visit,/demo,,2023-04-29 00:00:00
touch_3254255,cust_959340,4,2023-04-02 00:00:00,demo_request,/case-studies,,2023-04-29 00:00:00
touch_6250879,cust_959340,5,2023-04-15 00:00:00,form_submit,/home,,2023-04-29 00:00:00
touch_5771207,cust_959340,3,2023-04-29 00:00:00,content_download,/features,campaign_16,2023-04-29 00:00:00
touch_9527853,cust_597643,1,2023-08-19 00:00:00,demo_request,/demo,campaign_11,2023-09-26 00:00:00
touch_6599059,cust_597643,5,2023-08-28 00:00:00,demo_request,/demo,,2023-09-26 00:00:00
touch_3994865,cust_597643,8,2023-09-07 00:00:00,click,/features,,2023-09-26 00:00:00
touch_5950912,cust_597643,3,2023-09-16 00:00:00,visit,/case-studies,campaign_42,2023-09-26 00:00:00
touch_1357845,cust_597643,1,2023-09-26 00:00:00,visit,/home,campaign_20,2023-09-26 00:00:00
touch_8939365,cust_816047,5,2023-01-29 00:00:00,content_download,/blog,,2023-02-12 00:00:00
touch_5693686,cust_816047,3,2023-01-31 00:00:00,form_submit,/pricing,campaign_37,2023-02-12 00:00:00
touch_1525908,cust_816047,6,2023-02-02 00:00:00,form_submit,/demo,,2023-02-12 00:00:00
touch_7379983,cust_816047,5,2023-02-05 00:00:00,content_download,/pricing,,2023-02-12 00:00:00
touch_8232933,cust_816047,9,2023-02-07 00:00:00,demo_request,/pricing,,2023-02-12 00:00:00
touch_4606317,cust_816047,7,2023-02-09 00:00:00,click,/blog,,2023-02-12 00:00:00
touch_5047327,cust_816047,5,2023-02-12 00:00:00,visit,/home,,2023-02-12 00:00:00
touch_6892946,cust_203050,4,2023-08-02 00:00:00,click,/blog,,2023-09-19 00:00:00
touch_4075295,cust_203050,3,2023-08-26 00:00:00,form_submit,/demo,campaign_45,2023-09-19 00:00:00
touch_9178706,cust_203050,4,2023-09-19 00:00:00,click,/home,,2023-09-19 00:00:00
touch_6225349,cust_453796,2,2024-09-26 00:00:00,form_submit,/blog,campaign_47,2024-11-24 00:00:00
touch_1536023,cust_453796,7,2024-10-25 00:00:00,visit,/pricing,,2024-11-24 00:00:00
touch_2962474,cust_453796,6,2024-11-24 00:00:00,visit,/demo,,2024-11-24 00:00:00
touch_4460115,cust_818798,2,2024-03-18 00:00:00,form_submit,/blog,campaign_13,2024-04-01 00:00:00
touch_5932239,cust_818798,4,2024-03-20 00:00:00,demo_request,/case-studies,,2024-04-01 00:00:00
touch_6652281,cust_818798,1,2024-03-23 00:00:00,visit,/features,campaign_28,2024-04-01 00:00:00
touch_6225526,cust_818798,4,2024-03-26 00:00:00,click,/blog,,2024-04-01 00:00:00
touch_8979193,cust_818798,4,2024-03-29 00:00:00,visit,/demo,,2024-04-01 00:00:00
touch_4619708,cust_818798,2,2024-04-01 00:00:00,form_submit,/case-studies,campaign_43,2024-04-01 00:00:00
touch_5674224,cust_976042,6,2023-08-01 00:00:00,demo_request,/pricing,,2023-08-11 00:00:00
touch_3668403,cust_976042,5,2023-08-11 00:00:00,content_download,/pricing,,2023-08-11 00:00:00
touch_4390679,cust_779378,5,2024-06-06 00:00:00,visit,/demo,,2024-08-02 00:00:00
touch_3587171,cust_779378,1,2024-06-15 00:00:00,visit,/case-studies,campaign_39,2024-08-02 00:00:00
touch_8058155,cust_779378,5,2024-06-25 00:00:00,demo_request,/case-studies,,2024-08-02 00:00:00
touch_8979998,cust_779378,5,2024-07-04 00:00:00,demo_request,/features,,2024-08-02 00:00:00
touch_8920797,cust_779378,1,2024-07-14 00:00:00,content_download,/features,campaign_7,2024-08-02 00:00:00
touch_7660842,cust_779378,2,2024-07-23 00:00:00,content_download,/pricing,campaign_4,2024-08-02 00:00:00
touch_8375003,cust_779378,5,2024-08-02 00:00:00,form_submit,/home,,2024-08-02 00:00:00
touch_2742172,cust_389809,6,2024-02-11 00:00:00,click,/case-studies,,2024-03-13 00:00:00
touch_7640148,cust_389809,4,2024-02-16 00:00:00,demo_request,/features,,2024-03-13 00:00:00
touch_5618613,cust_389809,4,2024-02-21 00:00:00,form_submit,/home,,2024-03-13 00:00:00
touch_4969039,cust_389809,4,2024-02-26 00:00:00,click,/home,,2024-03-13 00:00:00
touch_2405840,cust_389809,6,2024-03-02 00:00:00,visit,/features,,2024-03-13 00:00:00
touch_6330313,cust_389809,3,2024-03-07 00:00:00,form_submit,/home,campaign_11,2024-03-13 00:00:00
touch_3100205,cust_389809,6,2024-03-13 00:00:00,visit,/blog,,2024-03-13 00:00:00
touch_1164119,cust_448813,5,2023-01-30 00:00:00,click,/demo,,2023-03-03 00:00:00
touch_7196258,cust_213697,2,2023-05-11 00:00:00,visit,/blog,campaign_21,2023-05-28 00:00:00
touch_3426220,cust_213697,7,2023-05-16 00:00:00,demo_request,/case-studies,,2023-05-28 00:00:00
touch_6940889,cust_213697,1,2023-05-22 00:00:00,content_download,/home,campaign_13,2023-05-28 00:00:00
touch_2037381,cust_213697,2,2023-05-28 00:00:00,content_download,/case-studies,campaign_16,2023-05-28 00:00:00
touch_5881799,cust_173832,4,2024-07-27 00:00:00,demo_request,/features,,2024-08-08 00:00:00
touch_5545695,cust_173832,5,2024-07-28 00:00:00,form_submit,/pricing,,2024-08-08 00:00:00
touch_8788079,cust_173832,1,2024-07-30 00:00:00,form_submit,/features,campaign_44,2024-08-08 00:00:00
touch_8561975,cust_173832,6,2024-08-01 00:00:00,content_download,/demo,,2024-08-08 00:00:00
touch_3031820,cust_173832,8,2024-08-02 00:00:00,form_submit,/demo,,2024-08-08 00:00:00
touch_6810442,cust_173832,6,2024-08-04 00:00:00,visit,/blog,,2024-08-08 00:00:00
touch_7733959,cust_173832,2,2024-08-06 00:00:00,click,/pricing,campaign_49,2024-08-08 00:00:00
touch_7155350,cust_173832,4,2024-08-08 00:00:00,click,/pricing,,2024-08-08 00:00:00
touch_8663139,cust_509451,7,2023-09-11 00:00:00,form_submit,/demo,,2023-09-30 00:00:00
touch_7371071,cust_509451,5,2023-09-14 00:00:00,content_download,/home,,2023-09-30 00:00:00
touch_1979059,cust_509451,4,2023-09-17 00:00:00,click,/features,,2023-09-30 00:00:00
touch_7405403,cust_509451,1,2023-09-20 00:00:00,content_download,/demo,campaign_3,2023-09-30 00:00:00
touch_6991540,cust_509451,8,2023-09-23 00:00:00,visit,/blog,,2023-09-30 00:00:00
touch_3482740,cust_509451,8,2023-09-26 00:00:00,content_download,/home,,2023-09-30 00:00:00
touch_7874579,cust_509451,4,2023-09-30 00:00:00,form_submit,/features,,2023-09-30 00:00:00
touch_5272158,cust_863119,3,2023-02-26 00:00:00,content_download,/features,campaign_7,2023-03-13 00:00:00
touch_5356797,cust_863119,5,2023-03-03 00:00:00,visit,/pricing,,2023-03-13 00:00:00
touch_1234883,cust_863119,5,2023-03-08 00:00:00,form_submit,/pricing,,2023-03-13 00:00:00
touch_9730631,cust_863119,3,2023-03-13 00:00:00,form_submit,/blog,campaign_14,2023-03-13 00:00:00
touch_1119510,cust_476353,3,2023-10-25 00:00:00,visit,/home,campaign_36,2023-12-08 00:00:00
touch_3606870,cust_476353,5,2023-11-02 00:00:00,visit,/blog,,2023-12-08 00:00:00
touch_7500795,cust_476353,4,2023-11-11 00:00:00,click,/blog,,2023-12-08 00:00:00
touch_3042668,cust_476353,7,2023-11-20 00:00:00,demo_request,/pricing,,2023-12-08 00:00:00
touch_3434301,cust_476353,5,2023-11-29 00:00:00,content_download,/home,,2023-12-08 00:00:00
touch_9488488,cust_476353,1,2023-12-08 00:00:00,demo_request,/blog,campaign_15,2023-12-08 00:00:00
touch_3157137,cust_903741,4,2023-09-08 00:00:00,visit,/demo,,2023-10-24 00:00:00
touch_2632871,cust_903741,4,2023-10-24 00:00:00,demo_request,/home,,2023-10-24 00:00:00
touch_8062924,cust_822303,5,2023-11-10 00:00:00,visit,/home,,2024-01-03 00:00:00
touch_9722870,cust_822303,4,2023-11-17 00:00:00,content_download,/case-studies,,2024-01-03 00:00:00
touch_6358756,cust_822303,4,2023-11-25 00:00:00,click,/pricing,,2024-01-03 00:00:00
touch_6137400,cust_822303,4,2023-12-03 00:00:00,demo_request,/home,,2024-01-03 00:00:00
touch_9696152,cust_822303,3,2023-12-10 00:00:00,demo_request,/pricing,campaign_11,2024-01-03 00:00:00
touch_7773017,cust_822303,4,2023-12-18 00:00:00,content_download,/features,,2024-01-03 00:00:00
touch_2349306,cust_822303,6,2023-12-26 00:00:00,content_download,/demo,,2024-01-03 00:00:00
touch_4459915,cust_822303,5,2024-01-03 00:00:00,visit,/blog,,2024-01-03 00:00:00
touch_2941474,cust_350069,4,2024-04-20 00:00:00,click,/features,,2024-05-15 00:00:00
touch_9202550,cust_350069,1,2024-04-23 00:00:00,content_download,/pricing,campaign_23,2024-05-15 00:00:00
touch_5144610,cust_350069,3,2024-04-27 00:00:00,content_download,/demo,campaign_43,2024-05-15 00:00:00
touch_2557391,cust_350069,3,2024-04-30 00:00:00,demo_request,/pricing,campaign_21,2024-05-15 00:00:00
touch_8111168,cust_350069,4,2024-05-04 00:00:00,form_submit,/home,,2024-05-15 00:00:00
touch_2840657,cust_350069,3,2024-05-07 00:00:00,content_download,/pricing,campaign_31,2024-05-15 00:00:00
touch_6531717,cust_350069,1,2024-05-11 00:00:00,form_submit,/blog,campaign_45,2024-05-15 00:00:00
touch_3888283,cust_350069,4,2024-05-15 00:00:00,demo_request,/home,,2024-05-15 00:00:00
touch_6599357,cust_926045,6,2023-01-19 00:00:00,visit,/pricing,,2023-02-13 00:00:00
touch_7748660,cust_926045,2,2023-01-27 00:00:00,visit,/case-studies,campaign_31,2023-02-13 00:00:00
touch_7976268,cust_926045,2,2023-02-04 00:00:00,demo_request,/demo,campaign_21,2023-02-13 00:00:00
touch_5962252,cust_926045,6,2023-02-13 00:00:00,content_download,/case-studies,,2023-02-13 00:00:00
touch_2927708,cust_175532,4,2023-01-12 00:00:00,demo_request,/demo,,2023-02-07 00:00:00
touch_3967778,cust_175532,2,2023-01-17 00:00:00,visit,/pricing,campaign_22,2023-02-07 00:00:00
touch_9558117,cust_175532,7,2023-01-22 00:00:00,demo_request,/demo,,2023-02-07 00:00:00
touch_5689154,cust_175532,8,2023-01-27 00:00:00,visit,/features,,2023-02-07 00:00:00
touch_2092606,cust_175532,1,2023-02-01 00:00:00,form_submit,/home,campaign_14,2023-02-07 00:00:00
touch_7362674,cust_175532,5,2023-02-07 00:00:00,form_submit,/home,,2023-02-07 00:00:00
touch_8194576,cust_115063,2,2023-05-30 00:00:00,click,/blog,campaign_32,2023-06-26 00:00:00
touch_5918332,cust_115063,6,2023-06-03 00:00:00,content_download,/demo,,2023-06-26 00:00:00
touch_6166095,cust_115063,1,2023-06-08 00:00:00,visit,/pricing,campaign_22,2023-06-26 00:00:00
touch_9701233,cust_115063,6,2023-06-12 00:00:00,click,/features,,2023-06-26 00:00:00
touch_2464190,cust_115063,7,2023-06-17 00:00:00,visit,/demo,,2023-06-26 00:00:00
touch_8696133,cust_115063,3,2023-06-21 00:00:00,click,/blog,campaign_47,2023-06-26 00:00:00
touch_8474842,cust_115063,9,2023-06-26 00:00:00,content_download,/demo,,2023-06-26 00:00:00
touch_1715141,cust_957179,8,2023-03-17 00:00:00,content_download,/demo,,2023-04-19 00:00:00
touch_4964635,cust_957179,5,2023-03-23 00:00:00,demo_request,/pricing,,2023-04-19 00:00:00
touch_7305824,cust_957179,2,2023-03-30 00:00:00,content_download,/case-studies,campaign_32,2023-04-19 00:00:00
touch_6224314,cust_957179,4,2023-04-05 00:00:00,visit,/home,,2023-04-19 00:00:00
touch_5226632,cust_957179,7,2023-04-12 00:00:00,click,/blog,,2023-04-19 00:00:00
touch_3046881,cust_957179,6,2023-04-19 00:00:00,visit,/blog,,2023-04-19 00:00:00
touch_1205394,cust_873774,9,2024-10-04 00:00:00,click,/case-studies,,2024-11-25 00:00:00
touch_5619820,cust_873774,8,2024-10-30 00:00:00,visit,/blog,,2024-11-25 00:00:00
touch_9575539,cust_873774,3,2024-11-25 00:00:00,click,/demo,campaign_48,2024-11-25 00:00:00
touch_3268441,cust_451801,6,2023-01-27 00:00:00,visit,/pricing,,2023-03-06 00:00:00
touch_1180603,cust_451801,6,2023-03-06 00:00:00,content_download,/demo,,2023-03-06 00:00:00
touch_2618062,cust_142675,5,2023-04-22 00:00:00,demo_request,/features,,2023-05-17 00:00:00
touch_9526370,cust_142675,4,2023-04-26 00:00:00,content_download,/case-studies,,2023-05-17 00:00:00
touch_8835009,cust_142675,7,2023-04-30 00:00:00,demo_request,/blog,,2023-05-17 00:00:00
touch_6109684,cust_142675,4,2023-05-04 00:00:00,form_submit,/blog,,2023-05-17 00:00:00
touch_9247688,cust_142675,5,2023-05-08 00:00:00,demo_request,/case-studies,,2023-05-17 00:00:00
touch_8805479,cust_142675,7,2023-05-12 00:00:00,demo_request,/demo,,2023-05-17 00:00:00
touch_5903524,cust_142675,5,2023-05-17 00:00:00,demo_request,/home,,2023-05-17 00:00:00
touch_1908668,cust_193471,4,2024-09-14 00:00:00,content_download,/blog,,2024-10-29 00:00:00
touch_3968215,cust_193471,5,2024-09-20 00:00:00,click,/case-studies,,2024-10-29 00:00:00
touch_6945016,cust_193471,5,2024-09-26 00:00:00,visit,/home,,2024-10-29 00:00:00
touch_4426237,cust_193471,4,2024-10-03 00:00:00,click,/demo,,2024-10-29 00:00:00
touch_7672450,cust_193471,5,2024-10-09 00:00:00,content_download,/blog,,2024-10-29 00:00:00
touch_9810622,cust_193471,7,2024-10-16 00:00:00,form_submit,/pricing,,2024-10-29 00:00:00
touch_4841589,cust_193471,1,2024-10-22 00:00:00,click,/demo,campaign_22,2024-10-29 00:00:00
touch_4830452,cust_193471,4,2024-10-29 00:00:00,visit,/features,,2024-10-29 00:00:00
touch_5573154,cust_384111,8,2024-05-27 00:00:00,click,/home,,2024-06-19 00:00:00
touch_7828396,cust_384111,6,2024-06-07 00:00:00,form_submit,/home,,2024-06-19 00:00:00
touch_6659105,cust_384111,2,2024-06-19 00:00:00,click,/blog,campaign_19,2024-06-19 00:00:00
touch_5172632,cust_192296,1,2024-08-28 00:00:00,demo_request,/demo,campaign_45,2024-10-04 00:00:00
touch_1507945,cust_192296,1,2024-09-04 00:00:00,demo_request,/features,campaign_41,2024-10-04 00:00:00
touch_3761308,cust_192296,5,2024-09-11 00:00:00,demo_request,/demo,,2024-10-04 00:00:00
touch_6324069,cust_192296,1,2024-09-19 00:00:00,click,/blog,campaign_28,2024-10-04 00:00:00
touch_7684561,cust_192296,4,2024-09-26 00:00:00,visit,/pricing,,2024-10-04 00:00:00
touch_8526994,cust_192296,1,2024-10-04 00:00:00,content_download,/demo,campaign_25,2024-10-04 00:00:00
touch_4291026,cust_665940,8,2024-05-20 00:00:00,form_submit,/features,,2024-06-03 00:00:00
touch_7778441,cust_665940,5,2024-05-27 00:00:00,visit,/features,,2024-06-03 00:00:00
touch_3021533,cust_665940,9,2024-06-03 00:00:00,form_submit,/case-studies,,2024-06-03 00:00:00
touch_6103120,cust_597457,5,2024-04-05 00:00:00,demo_request,/case-studies,,2024-05-24 00:00:00
touch_7084611,cust_597457,4,2024-04-21 00:00:00,click,/home,,2024-05-24 00:00:00
touch_1847639,cust_597457,1,2024-05-07 00:00:00,visit,/blog,campaign_50,2024-05-24 00:00:00
touch_1713787,cust_597457,8,2024-05-24 00:00:00,form_submit,/home,,2024-05-24 00:00:00
touch_8569265,cust_944264,1,2024-03-22 00:00:00,visit,/pricing,campaign_26,2024-04-09 00:00:00
touch_5164944,cust_346729,6,2024-03-13 00:00:00,click,/home,,2024-03-31 00:00:00
touch_3501542,cust_346729,2,2024-03-17 00:00:00,form_submit,/home,campaign_19,2024-03-31 00:00:00
touch_8379085,cust_346729,7,2024-03-22 00:00:00,visit,/blog,,2024-03-31 00:00:00
touch_9092444,cust_346729,4,2024-03-26 00:00:00,content_download,/pricing,,2024-03-31 00:00:00
touch_8869378,cust_346729,6,2024-03-31 00:00:00,demo_request,/case-studies,,2024-03-31 00:00:00
touch_3980562,cust_202827,1,2023-07-09 00:00:00,visit,/home,campaign_7,2023-08-31 00:00:00
touch_9316962,cust_202827,4,2023-07-22 00:00:00,form_submit,/blog,,2023-08-31 00:00:00
touch_2357396,cust_202827,6,2023-08-04 00:00:00,form_submit,/home,,2023-08-31 00:00:00
touch_6655346,cust_202827,7,2023-08-17 00:00:00,visit,/case-studies,,2023-08-31 00:00:00
touch_8077140,cust_202827,5,2023-08-31 00:00:00,click,/home,,2023-08-31 00:00:00
touch_2012797,cust_251981,3,2023-07-25 00:00:00,form_submit,/blog,campaign_25,2023-08-10 00:00:00
touch_8042167,cust_251981,6,2023-07-30 00:00:00,form_submit,/home,,2023-08-10 00:00:00
touch_7579503,cust_251981,5,2023-08-04 00:00:00,click,/demo,,2023-08-10 00:00:00
touch_6887127,cust_251981,3,2023-08-10 00:00:00,content_download,/home,campaign_28,2023-08-10 00:00:00
touch_8272759,cust_452207,1,2023-03-21 00:00:00,demo_request,/demo,campaign_11,2023-05-11 00:00:00
touch_4593330,cust_452207,7,2023-03-31 00:00:00,content_download,/blog,,2023-05-11 00:00:00
touch_8525521,cust_452207,3,2023-04-10 00:00:00,content_download,/home,campaign_44,2023-05-11 00:00:00
touch_8769657,cust_452207,7,2023-04-20 00:00:00,visit,/pricing,,2023-05-11 00:00:00
touch_4271049,cust_452207,1,2023-04-30 00:00:00,demo_request,/home,campaign_32,2023-05-11 00:00:00
touch_9024131,cust_452207,1,2023-05-11 00:00:00,visit,/case-studies,campaign_49,2023-05-11 00:00:00
touch_3129997,cust_330533,6,2023-09-13 00:00:00,click,/case-studies,,2023-10-30 00:00:00
touch_8111752,cust_330533,4,2023-09-19 00:00:00,click,/case-studies,,2023-10-30 00:00:00
touch_6651129,cust_330533,2,2023-09-26 00:00:00,click,/demo,campaign_33,2023-10-30 00:00:00
touch_5869098,cust_330533,10,2023-10-03 00:00:00,click,/home,,2023-10-30 00:00:00
touch_1178314,cust_330533,5,2023-10-09 00:00:00,click,/blog,,2023-10-30 00:00:00
touch_9400547,cust_330533,4,2023-10-16 00:00:00,visit,/demo,,2023-10-30 00:00:00
touch_5812405,cust_330533,9,2023-10-23 00:00:00,content_download,/features,,2023-10-30 00:00:00
touch_2471016,cust_330533,2,2023-10-30 00:00:00,demo_request,/demo,campaign_35,2023-10-30 00:00:00
touch_9163214,cust_998602,2,2024-05-04 00:00:00,form_submit,/blog,campaign_46,2024-06-18 00:00:00
touch_3993326,cust_998602,1,2024-05-15 00:00:00,visit,/pricing,campaign_47,2024-06-18 00:00:00
touch_3799531,cust_998602,5,2024-05-26 00:00:00,content_download,/blog,,2024-06-18 00:00:00
touch_7755509,cust_998602,7,2024-06-06 00:00:00,demo_request,/demo,,2024-06-18 00:00:00
touch_4473159,cust_998602,2,2024-06-18 00:00:00,content_download,/features,campaign_24,2024-06-18 00:00:00
touch_5814169,cust_358635,2,2023-08-01 00:00:00,form_submit,/demo,campaign_46,2023-09-11 00:00:00
touch_7484755,cust_358635,5,2023-08-06 00:00:00,form_submit,/pricing,,2023-09-11 00:00:00
touch_3404372,cust_358635,1,2023-08-12 00:00:00,form_submit,/case-studies,campaign_27,2023-09-11 00:00:00
touch_1303089,cust_358635,2,2023-08-18 00:00:00,demo_request,/home,campaign_15,2023-09-11 00:00:00
touch_3907564,cust_358635,1,2023-08-24 00:00:00,form_submit,/demo,campaign_24,2023-09-11 00:00:00
touch_2275489,cust_358635,1,2023-08-30 00:00:00,click,/pricing,campaign_27,2023-09-11 00:00:00
touch_5001879,cust_358635,3,2023-09-05 00:00:00,form_submit,/case-studies,campaign_49,2023-09-11 00:00:00
touch_5718515,cust_358635,2,2023-09-11 00:00:00,form_submit,/features,campaign_48,2023-09-11 00:00:00
touch_3528191,cust_146372,4,2023-01-21 00:00:00,content_download,/demo,,2023-02-11 00:00:00
touch_5248607,cust_146372,1,2023-01-24 00:00:00,content_download,/demo,campaign_28,2023-02-11 00:00:00
touch_3553842,cust_146372,1,2023-01-27 00:00:00,demo_request,/home,campaign_31,2023-02-11 00:00:00
touch_2021093,cust_146372,9,2023-01-30 00:00:00,visit,/pricing,,2023-02-11 00:00:00
touch_9818405,cust_146372,2,2023-02-02 00:00:00,demo_request,/case-studies,campaign_49,2023-02-11 00:00:00
touch_2899276,cust_146372,4,2023-02-05 00:00:00,content_download,/case-studies,,2023-02-11 00:00:00
touch_7528706,cust_146372,5,2023-02-08 00:00:00,demo_request,/demo,,2023-02-11 00:00:00
touch_4755443,cust_146372,4,2023-02-11 00:00:00,demo_request,/pricing,,2023-02-11 00:00:00
touch_4286973,cust_352194,5,2023-02-16 00:00:00,demo_request,/demo,,2023-03-27 00:00:00
touch_9596116,cust_352194,6,2023-03-01 00:00:00,click,/blog,,2023-03-27 00:00:00
touch_7686685,cust_352194,5,2023-03-14 00:00:00,demo_request,/blog,,2023-03-27 00:00:00
touch_9602108,cust_352194,1,2023-03-27 00:00:00,visit,/demo,campaign_14,2023-03-27 00:00:00
touch_7356772,cust_195136,1,2022-12-07 00:00:00,form_submit,/pricing,campaign_48,2023-01-17 00:00:00
touch_6580456,cust_195136,1,2022-12-13 00:00:00,visit,/demo,campaign_41,2023-01-17 00:00:00
touch_4953153,cust_195136,5,2022-12-20 00:00:00,content_download,/blog,,2023-01-17 00:00:00
touch_4906478,cust_195136,9,2022-12-27 00:00:00,form_submit,/pricing,,2023-01-17 00:00:00
touch_9770616,cust_195136,1,2023-01-03 00:00:00,visit,/demo,campaign_34,2023-01-17 00:00:00
touch_7775901,cust_195136,2,2023-01-10 00:00:00,visit,/case-studies,campaign_13,2023-01-17 00:00:00
touch_3961340,cust_195136,8,2023-01-17 00:00:00,demo_request,/blog,,2023-01-17 00:00:00
touch_8779566,cust_909327,6,2023-05-12 00:00:00,click,/case-studies,,2023-05-22 00:00:00
touch_8279973,cust_909327,1,2023-05-14 00:00:00,click,/blog,campaign_6,2023-05-22 00:00:00
touch_8541750,cust_909327,7,2023-05-16 00:00:00,content_download,/demo,,2023-05-22 00:00:00
touch_8453719,cust_909327,4,2023-05-18 00:00:00,demo_request,/demo,,2023-05-22 00:00:00
touch_4840647,cust_909327,9,2023-05-20 00:00:00,demo_request,/demo,,2023-05-22 00:00:00
touch_2134314,cust_909327,6,2023-05-22 00:00:00,demo_request,/home,,2023-05-22 00:00:00
touch_5442097,cust_503575,4,2023-10-20 00:00:00,content_download,/blog,,2023-12-07 00:00:00
touch_4819730,cust_503575,8,2023-10-29 00:00:00,click,/home,,2023-12-07 00:00:00
touch_9152177,cust_503575,3,2023-11-08 00:00:00,form_submit,/home,campaign_43,2023-12-07 00:00:00
touch_5299800,cust_503575,4,2023-11-17 00:00:00,click,/demo,,2023-12-07 00:00:00
touch_4949097,cust_503575,1,2023-11-27 00:00:00,click,/pricing,campaign_18,2023-12-07 00:00:00
touch_9356693,cust_503575,5,2023-12-07 00:00:00,click,/demo,,2023-12-07 00:00:00
touch_5592657,cust_817923,6,2023-03-11 00:00:00,demo_request,/home,,2023-03-24 00:00:00
touch_7859479,cust_817923,5,2023-03-13 00:00:00,content_download,/home,,2023-03-24 00:00:00
touch_6052387,cust_817923,2,2023-03-16 00:00:00,visit,/demo,campaign_16,2023-03-24 00:00:00
touch_8928125,cust_817923,8,2023-03-18 00:00:00,click,/features,,2023-03-24 00:00:00
touch_4420763,cust_817923,4,2023-03-21 00:00:00,demo_request,/blog,,2023-03-24 00:00:00
touch_3473354,cust_817923,6,2023-03-24 00:00:00,content_download,/case-studies,,2023-03-24 00:00:00
touch_3346650,cust_483349,3,2024-04-12 00:00:00,demo_request,/case-studies,campaign_46,2024-04-21 00:00:00
touch_4802075,cust_483349,2,2024-04-13 00:00:00,demo_request,/case-studies,campaign_46,2024-04-21 00:00:00
touch_9802514,cust_483349,5,2024-04-15 00:00:00,visit,/home,,2024-04-21 00:00:00
touch_9572486,cust_483349,4,2024-04-17 00:00:00,content_download,/demo,,2024-04-21 00:00:00
touch_3701912,cust_483349,7,2024-04-19 00:00:00,form_submit,/case-studies,,2024-04-21 00:00:00
touch_1275418,cust_483349,9,2024-04-21 00:00:00,form_submit,/home,,2024-04-21 00:00:00
touch_9442639,cust_451199,4,2023-07-18 00:00:00,content_download,/case-studies,,2023-09-02 00:00:00
touch_9183489,cust_451199,2,2023-07-29 00:00:00,form_submit,/features,campaign_15,2023-09-02 00:00:00
touch_6395440,cust_451199,7,2023-08-10 00:00:00,click,/demo,,2023-09-02 00:00:00
touch_7572496,cust_451199,7,2023-08-21 00:00:00,visit,/case-studies,,2023-09-02 00:00:00
touch_9379696,cust_451199,4,2023-09-02 00:00:00,demo_request,/blog,,2023-09-02 00:00:00
touch_3696149,cust_436030,4,2023-11-22 00:00:00,click,/case-studies,,2023-12-28 00:00:00
touch_7356257,cust_436030,4,2023-11-27 00:00:00,visit,/features,,2023-12-28 00:00:00
touch_4975238,cust_436030,8,2023-12-02 00:00:00,visit,/home,,2023-12-28 00:00:00
touch_1186368,cust_436030,1,2023-12-07 00:00:00,click,/demo,campaign_50,2023-12-28 00:00:00
touch_2004690,cust_436030,3,2023-12-12 00:00:00,content_download,/demo,campaign_40,2023-12-28 00:00:00
touch_8329918,cust_436030,4,2023-12-17 00:00:00,demo_request,/pricing,,2023-12-28 00:00:00
touch_1649295,cust_436030,7,2023-12-22 00:00:00,form_submit,/home,,2023-12-28 00:00:00
touch_5031903,cust_436030,4,2023-12-28 00:00:00,demo_request,/demo,,2023-12-28 00:00:00
touch_2180657,cust_228670,4,2024-04-12 00:00:00,click,/home,,2024-04-26 00:00:00
touch_7753551,cust_948083,1,2023-02-09 00:00:00,demo_request,/blog,campaign_44,2023-03-09 00:00:00
touch_6838149,cust_948083,1,2023-02-13 00:00:00,form_submit,/blog,campaign_23,2023-03-09 00:00:00
touch_4674943,cust_948083,8,2023-02-17 00:00:00,demo_request,/case-studies,,2023-03-09 00:00:00
touch_3410062,cust_948083,1,2023-02-21 00:00:00,form_submit,/features,campaign_21,2023-03-09 00:00:00
touch_8317039,cust_948083,3,2023-02-25 00:00:00,form_submit,/pricing,campaign_14,2023-03-09 00:00:00
touch_2609212,cust_948083,1,2023-03-01 00:00:00,form_submit,/case-studies,campaign_35,2023-03-09 00:00:00
touch_6186523,cust_948083,9,2023-03-05 00:00:00,form_submit,/home,,2023-03-09 00:00:00
touch_7268303,cust_948083,4,2023-03-09 00:00:00,visit,/demo,,2023-03-09 00:00:00
touch_4499886,cust_272769,4,2023-08-28 00:00:00,visit,/pricing,,2023-10-10 00:00:00
touch_6315549,cust_272769,4,2023-09-04 00:00:00,content_download,/blog,,2023-10-10 00:00:00
touch_1697801,cust_272769,3,2023-09-11 00:00:00,content_download,/home,campaign_23,2023-10-10 00:00:00
touch_8304041,cust_272769,6,2023-09-18 00:00:00,demo_request,/features,,2023-10-10 00:00:00
touch_1218422,cust_272769,5,2023-09-25 00:00:00,content_download,/pricing,,2023-10-10 00:00:00
touch_2878592,cust_272769,4,2023-10-02 00:00:00,visit,/pricing,,2023-10-10 00:00:00
touch_9131617,cust_272769,4,2023-10-10 00:00:00,form_submit,/home,,2023-10-10 00:00:00
touch_4200220,cust_667735,4,2023-05-05 00:00:00,visit,/case-studies,,2023-05-16 00:00:00
touch_4845369,cust_667735,4,2023-05-16 00:00:00,demo_request,/pricing,,2023-05-16 00:00:00
touch_8395486,cust_975505,4,2024-05-23 00:00:00,demo_request,/blog,,2024-06-16 00:00:00
touch_7652566,cust_975505,4,2024-06-16 00:00:00,click,/blog,,2024-06-16 00:00:00
touch_5813347,cust_982804,1,2024-07-08 00:00:00,visit,/features,campaign_10,2024-07-15 00:00:00
touch_7025935,cust_982804,1,2024-07-10 00:00:00,visit,/features,campaign_25,2024-07-15 00:00:00
touch_4184031,cust_982804,7,2024-07-12 00:00:00,visit,/blog,,2024-07-15 00:00:00
touch_7851714,cust_982804,4,2024-07-15 00:00:00,visit,/features,,2024-07-15 00:00:00
touch_6468515,cust_402143,4,2022-12-26 00:00:00,form_submit,/blog,,2023-02-18 00:00:00
touch_2140212,cust_402143,8,2023-01-05 00:00:00,demo_request,/features,,2023-02-18 00:00:00
touch_1259232,cust_402143,2,2023-01-16 00:00:00,demo_request,/pricing,campaign_35,2023-02-18 00:00:00
touch_8178453,cust_402143,8,2023-01-27 00:00:00,form_submit,/features,,2023-02-18 00:00:00
touch_4133092,cust_402143,4,2023-02-07 00:00:00,content_download,/case-studies,,2023-02-18 00:00:00
touch_7253849,cust_402143,1,2023-02-18 00:00:00,form_submit,/blog,campaign_30,2023-02-18 00:00:00
touch_6641378,cust_283877,1,2024-10-04 00:00:00,content_download,/demo,campaign_10,2024-11-13 00:00:00
touch_1793521,cust_283877,2,2024-10-14 00:00:00,form_submit,/demo,campaign_1,2024-11-13 00:00:00
touch_6179678,cust_283877,5,2024-10-24 00:00:00,form_submit,/case-studies,,2024-11-13 00:00:00
touch_2813042,cust_283877,3,2024-11-03 00:00:00,form_submit,/home,campaign_7,2024-11-13 00:00:00
touch_4710608,cust_283877,1,2024-11-13 00:00:00,form_submit,/home,campaign_27,2024-11-13 00:00:00
touch_7310724,cust_841484,3,2022-12-20 00:00:00,content_download,/home,campaign_24,2023-02-05 00:00:00
touch_6853690,cust_841484,1,2022-12-27 00:00:00,demo_request,/home,campaign_33,2023-02-05 00:00:00
touch_7251399,cust_841484,7,2023-01-04 00:00:00,content_download,/demo,,2023-02-05 00:00:00
touch_4569527,cust_841484,3,2023-01-12 00:00:00,content_download,/blog,campaign_45,2023-02-05 00:00:00
touch_2614297,cust_841484,9,2023-01-20 00:00:00,demo_request,/features,,2023-02-05 00:00:00
touch_4787485,cust_841484,4,2023-01-28 00:00:00,content_download,/pricing,,2023-02-05 00:00:00
touch_1699056,cust_841484,7,2023-02-05 00:00:00,click,/features,,2023-02-05 00:00:00
touch_7502921,cust_524214,8,2024-05-14 00:00:00,visit,/blog,,2024-05-26 00:00:00
touch_3316690,cust_524214,1,2024-05-20 00:00:00,content_download,/demo,campaign_18,2024-05-26 00:00:00
touch_6175461,cust_524214,8,2024-05-26 00:00:00,click,/features,,2024-05-26 00:00:00
touch_2246039,cust_839719,9,2023-10-13 00:00:00,demo_request,/home,,2023-10-30 00:00:00
touch_7988235,cust_839719,1,2023-10-18 00:00:00,click,/pricing,campaign_32,2023-10-30 00:00:00
touch_2829840,cust_839719,4,2023-10-24 00:00:00,click,/pricing,,2023-10-30 00:00:00
touch_5083016,cust_839719,9,2023-10-30 00:00:00,visit,/features,,2023-10-30 00:00:00
touch_9959220,cust_563581,4,2023-11-26 00:00:00,visit,/pricing,,2023-12-13 00:00:00
touch_4638436,cust_563581,2,2023-11-29 00:00:00,click,/case-studies,campaign_12,2023-12-13 00:00:00
touch_5433701,cust_563581,4,2023-12-02 00:00:00,click,/features,,2023-12-13 00:00:00
touch_7768120,cust_563581,4,2023-12-06 00:00:00,demo_request,/demo,,2023-12-13 00:00:00
touch_9916686,cust_563581,4,2023-12-09 00:00:00,visit,/case-studies,,2023-12-13 00:00:00
touch_6597927,cust_563581,4,2023-12-13 00:00:00,demo_request,/home,,2023-12-13 00:00:00
touch_6866549,cust_981723,7,2023-08-04 00:00:00,click,/blog,,2023-08-14 00:00:00
touch_7248964,cust_391427,7,2023-06-23 00:00:00,visit,/home,,2023-07-20 00:00:00
touch_6587167,cust_391427,2,2023-07-20 00:00:00,content_download,/blog,campaign_7,2023-07-20 00:00:00
touch_5592588,cust_732471,7,2024-08-05 00:00:00,demo_request,/case-studies,,2024-09-11 00:00:00
touch_9900376,cust_398477,4,2023-10-23 00:00:00,demo_request,/home,,2023-12-20 00:00:00
touch_2915129,cust_398477,4,2023-12-20 00:00:00,form_submit,/features,,2023-12-20 00:00:00
touch_6723129,cust_563999,9,2023-09-20 00:00:00,form_submit,/home,,2023-10-23 00:00:00
touch_1596154,cust_563999,4,2023-09-25 00:00:00,visit,/demo,,2023-10-23 00:00:00
touch_7962980,cust_563999,8,2023-10-01 00:00:00,click,/demo,,2023-10-23 00:00:00
touch_9998108,cust_563999,3,2023-10-06 00:00:00,demo_request,/features,campaign_19,2023-10-23 00:00:00
touch_6263053,cust_563999,7,2023-10-12 00:00:00,form_submit,/pricing,,2023-10-23 00:00:00
touch_7694861,cust_563999,6,2023-10-17 00:00:00,click,/demo,,2023-10-23 00:00:00
touch_8273922,cust_563999,4,2023-10-23 00:00:00,form_submit,/blog,,2023-10-23 00:00:00
touch_3830048,cust_250616,7,2023-06-16 00:00:00,click,/features,,2023-08-01 00:00:00
touch_3227609,cust_250616,2,2023-06-25 00:00:00,click,/blog,campaign_7,2023-08-01 00:00:00
touch_4036767,cust_250616,7,2023-07-04 00:00:00,click,/demo,,2023-08-01 00:00:00
touch_5519410,cust_250616,4,2023-07-13 00:00:00,demo_request,/features,,2023-08-01 00:00:00
touch_2807197,cust_250616,5,2023-07-22 00:00:00,demo_request,/case-studies,,2023-08-01 00:00:00
touch_6235385,cust_250616,7,2023-08-01 00:00:00,content_download,/pricing,,2023-08-01 00:00:00
touch_6622911,cust_386606,5,2024-01-28 00:00:00,demo_request,/home,,2024-02-29 00:00:00
touch_4466780,cust_386606,5,2024-02-07 00:00:00,click,/home,,2024-02-29 00:00:00
touch_2376816,cust_386606,5,2024-02-18 00:00:00,click,/home,,2024-02-29 00:00:00
touch_4304685,cust_386606,5,2024-02-29 00:00:00,form_submit,/demo,,2024-02-29 00:00:00
touch_8453710,cust_614416,2,2022-12-16 00:00:00,visit,/pricing,campaign_32,2023-02-13 00:00:00
touch_8966179,cust_614416,2,2023-02-13 00:00:00,click,/features,campaign_20,2023-02-13 00:00:00
touch_4211770,cust_414750,5,2024-08-18 00:00:00,content_download,/pricing,,2024-10-17 00:00:00
touch_4802766,cust_414750,6,2024-08-26 00:00:00,demo_request,/case-studies,,2024-10-17 00:00:00
touch_7379766,cust_414750,1,2024-09-04 00:00:00,visit,/blog,campaign_45,2024-10-17 00:00:00
touch_7833627,cust_414750,9,2024-09-12 00:00:00,demo_request,/pricing,,2024-10-17 00:00:00
touch_6809014,cust_414750,7,2024-09-21 00:00:00,demo_request,/blog,,2024-10-17 00:00:00
touch_9768914,cust_414750,3,2024-09-29 00:00:00,form_submit,/case-studies,campaign_13,2024-10-17 00:00:00
touch_6269544,cust_414750,1,2024-10-08 00:00:00,content_download,/features,campaign_1,2024-10-17 00:00:00
touch_6158069,cust_414750,5,2024-10-17 00:00:00,content_download,/features,,2024-10-17 00:00:00
touch_8997245,cust_129824,9,2023-03-29 00:00:00,click,/blog,,2023-05-03 00:00:00
touch_6730239,cust_758501,3,2024-04-19 00:00:00,content_download,/demo,campaign_38,2024-05-02 00:00:00
touch_1932312,cust_758501,4,2024-04-21 00:00:00,content_download,/home,,2024-05-02 00:00:00
touch_5075450,cust_758501,4,2024-04-23 00:00:00,form_submit,/features,,2024-05-02 00:00:00
touch_3085782,cust_758501,1,2024-04-25 00:00:00,visit,/blog,campaign_3,2024-05-02 00:00:00
touch_5373836,cust_758501,5,2024-04-27 00:00:00,form_submit,/features,,2024-05-02 00:00:00
touch_3114588,cust_758501,1,2024-04-29 00:00:00,form_submit,/home,campaign_24,2024-05-02 00:00:00
touch_8247598,cust_758501,4,2024-05-02 00:00:00,click,/features,,2024-05-02 00:00:00
touch_8145812,cust_583439,2,2023-05-12 00:00:00,visit,/case-studies,campaign_29,2023-05-19 00:00:00
touch_7385983,cust_583439,1,2023-05-13 00:00:00,form_submit,/blog,campaign_8,2023-05-19 00:00:00
touch_6459728,cust_583439,2,2023-05-15 00:00:00,click,/pricing,campaign_32,2023-05-19 00:00:00
touch_6864413,cust_583439,5,2023-05-17 00:00:00,click,/home,,2023-05-19 00:00:00
touch_7029946,cust_583439,2,2023-05-19 00:00:00,content_download,/blog,campaign_7,2023-05-19 00:00:00
touch_6012859,cust_180558,1,2024-05-07 00:00:00,visit,/features,campaign_31,2024-06-10 00:00:00
touch_8972035,cust_180558,2,2024-05-15 00:00:00,content_download,/blog,campaign_18,2024-06-10 00:00:00
touch_2486967,cust_180558,1,2024-05-24 00:00:00,click,/features,campaign_5,2024-06-10 00:00:00
touch_9503169,cust_180558,5,2024-06-01 00:00:00,visit,/home,,2024-06-10 00:00:00
touch_9169886,cust_180558,1,2024-06-10 00:00:00,visit,/blog,campaign_24,2024-06-10 00:00:00
touch_6017941,cust_986041,5,2023-09-18 00:00:00,form_submit,/home,,2023-11-05 00:00:00
touch_7013509,cust_986041,2,2023-09-24 00:00:00,visit,/features,campaign_38,2023-11-05 00:00:00
touch_7025406,cust_986041,7,2023-10-01 00:00:00,form_submit,/blog,,2023-11-05 00:00:00
touch_9159371,cust_986041,6,2023-10-08 00:00:00,click,/demo,,2023-11-05 00:00:00
touch_8834946,cust_986041,4,2023-10-15 00:00:00,click,/blog,,2023-11-05 00:00:00
touch_2306692,cust_986041,3,2023-10-22 00:00:00,demo_request,/home,campaign_35,2023-11-05 00:00:00
touch_9731882,cust_986041,2,2023-10-29 00:00:00,demo_request,/home,campaign_25,2023-11-05 00:00:00
touch_3347482,cust_986041,2,2023-11-05 00:00:00,content_download,/case-studies,campaign_11,2023-11-05 00:00:00
touch_1527765,cust_491133,6,2024-03-24 00:00:00,content_download,/home,,2024-05-11 00:00:00
touch_7462043,cust_491133,6,2024-04-09 00:00:00,form_submit,/features,,2024-05-11 00:00:00
touch_4961143,cust_491133,3,2024-04-25 00:00:00,visit,/case-studies,campaign_1,2024-05-11 00:00:00
touch_1043292,cust_491133,8,2024-05-11 00:00:00,form_submit,/features,,2024-05-11 00:00:00
touch_1798227,cust_685792,4,2024-08-01 00:00:00,demo_request,/home,,2024-09-20 00:00:00
touch_4540042,cust_685792,4,2024-09-20 00:00:00,visit,/home,,2024-09-20 00:00:00
touch_7335331,cust_222227,2,2023-04-07 00:00:00,click,/case-studies,campaign_9,2023-05-15 00:00:00
touch_8666825,cust_222227,6,2023-04-26 00:00:00,click,/pricing,,2023-05-15 00:00:00
touch_9325622,cust_222227,2,2023-05-15 00:00:00,click,/demo,campaign_40,2023-05-15 00:00:00
touch_4481959,cust_280572,1,2023-10-29 00:00:00,click,/case-studies,campaign_25,2023-11-08 00:00:00
touch_6569203,cust_280572,7,2023-10-31 00:00:00,demo_request,/home,,2023-11-08 00:00:00
touch_4922914,cust_280572,2,2023-11-02 00:00:00,form_submit,/pricing,campaign_21,2023-11-08 00:00:00
touch_3756583,cust_280572,7,2023-11-04 00:00:00,content_download,/case-studies,,2023-11-08 00:00:00
touch_5365030,cust_280572,8,2023-11-06 00:00:00,demo_request,/pricing,,2023-11-08 00:00:00
touch_6770985,cust_280572,1,2023-11-08 00:00:00,click,/blog,campaign_30,2023-11-08 00:00:00
touch_7193357,cust_236543,6,2023-01-25 00:00:00,visit,/pricing,,2023-03-22 00:00:00
touch_6816998,cust_236543,5,2023-02-12 00:00:00,demo_request,/blog,,2023-03-22 00:00:00
touch_3433815,cust_236543,4,2023-03-03 00:00:00,content_download,/home,,2023-03-22 00:00:00
touch_2039078,cust_236543,6,2023-03-22 00:00:00,visit,/blog,,2023-03-22 00:00:00
touch_1185743,cust_931578,4,2024-10-20 00:00:00,form_submit,/home,,2024-11-06 00:00:00
touch_5066055,cust_931578,2,2024-10-22 00:00:00,visit,/demo,campaign_19,2024-11-06 00:00:00
touch_2155305,cust_931578,1,2024-10-24 00:00:00,demo_request,/blog,campaign_6,2024-11-06 00:00:00
touch_8284827,cust_931578,5,2024-10-27 00:00:00,form_submit,/demo,,2024-11-06 00:00:00
touch_1828492,cust_931578,2,2024-10-29 00:00:00,click,/case-studies,campaign_24,2024-11-06 00:00:00
touch_3908064,cust_931578,8,2024-11-01 00:00:00,content_download,/home,,2024-11-06 00:00:00
touch_3133488,cust_931578,1,2024-11-03 00:00:00,demo_request,/case-studies,campaign_37,2024-11-06 00:00:00
touch_3806065,cust_931578,4,2024-11-06 00:00:00,click,/blog,,2024-11-06 00:00:00
touch_8759448,cust_920375,7,2023-04-17 00:00:00,demo_request,/blog,,2023-05-07 00:00:00
touch_6355162,cust_920375,1,2023-04-22 00:00:00,demo_request,/features,campaign_24,2023-05-07 00:00:00
touch_3805553,cust_920375,7,2023-04-27 00:00:00,click,/features,,2023-05-07 00:00:00
touch_9096471,cust_920375,1,2023-05-02 00:00:00,form_submit,/demo,campaign_21,2023-05-07 00:00:00
touch_5542981,cust_920375,7,2023-05-07 00:00:00,demo_request,/demo,,2023-05-07 00:00:00
touch_6279531,cust_390849,7,2024-07-18 00:00:00,visit,/pricing,,2024-08-16 00:00:00
touch_9608182,cust_390849,4,2024-07-22 00:00:00,demo_request,/case-studies,,2024-08-16 00:00:00
touch_8308829,cust_390849,3,2024-07-26 00:00:00,click,/blog,campaign_13,2024-08-16 00:00:00
touch_7842439,cust_390849,4,2024-07-30 00:00:00,content_download,/features,,2024-08-16 00:00:00
touch_1976898,cust_390849,6,2024-08-03 00:00:00,click,/home,,2024-08-16 00:00:00
touch_2313269,cust_390849,6,2024-08-07 00:00:00,click,/pricing,,2024-08-16 00:00:00
touch_5116937,cust_390849,5,2024-08-11 00:00:00,click,/case-studies,,2024-08-16 00:00:00
touch_9654286,cust_390849,5,2024-08-16 00:00:00,content_download,/features,,2024-08-16 00:00:00
touch_3995646,cust_706217,6,2022-11-28 00:00:00,visit,/features,,2023-01-15 00:00:00
touch_9578627,cust_706217,2,2022-12-14 00:00:00,click,/features,campaign_19,2023-01-15 00:00:00
touch_6562426,cust_706217,5,2022-12-30 00:00:00,content_download,/features,,2023-01-15 00:00:00
touch_9831150,cust_706217,1,2023-01-15 00:00:00,click,/blog,campaign_28,2023-01-15 00:00:00
touch_7073639,cust_324411,5,2024-04-19 00:00:00,click,/features,,2024-05-31 00:00:00
touch_4609285,cust_324411,7,2024-05-03 00:00:00,visit,/blog,,2024-05-31 00:00:00
touch_6731063,cust_324411,7,2024-05-17 00:00:00,click,/features,,2024-05-31 00:00:00
touch_2074843,cust_324411,5,2024-05-31 00:00:00,form_submit,/home,,2024-05-31 00:00:00
touch_5807148,cust_544692,1,2023-07-20 00:00:00,content_download,/demo,campaign_2,2023-08-08 00:00:00
touch_8257040,cust_544692,8,2023-07-22 00:00:00,demo_request,/case-studies,,2023-08-08 00:00:00
touch_3544001,cust_544692,4,2023-07-25 00:00:00,form_submit,/demo,,2023-08-08 00:00:00
touch_7005202,cust_544692,1,2023-07-28 00:00:00,content_download,/features,campaign_27,2023-08-08 00:00:00
touch_1288318,cust_544692,7,2023-07-30 00:00:00,demo_request,/home,,2023-08-08 00:00:00
touch_2289086,cust_544692,5,2023-08-02 00:00:00,visit,/pricing,,2023-08-08 00:00:00
touch_3723527,cust_544692,6,2023-08-05 00:00:00,click,/home,,2023-08-08 00:00:00
touch_6674910,cust_544692,2,2023-08-08 00:00:00,form_submit,/home,campaign_12,2023-08-08 00:00:00
touch_9590345,cust_838963,1,2023-08-25 00:00:00,click,/pricing,campaign_13,2023-10-23 00:00:00
touch_6957414,cust_838963,1,2023-10-23 00:00:00,form_submit,/home,campaign_17,2023-10-23 00:00:00
touch_4870133,cust_981946,2,2024-03-13 00:00:00,click,/demo,campaign_48,2024-03-30 00:00:00
touch_3141011,cust_981946,10,2024-03-21 00:00:00,visit,/features,,2024-03-30 00:00:00
touch_4404305,cust_981946,2,2024-03-30 00:00:00,content_download,/home,campaign_22,2024-03-30 00:00:00
touch_7589508,cust_113406,3,2024-10-28 00:00:00,content_download,/blog,campaign_29,2024-11-21 00:00:00
touch_1540911,cust_719244,9,2023-03-04 00:00:00,visit,/case-studies,,2023-04-15 00:00:00
touch_6921560,cust_719244,1,2023-03-10 00:00:00,demo_request,/home,campaign_14,2023-04-15 00:00:00
touch_6008220,cust_719244,1,2023-03-16 00:00:00,click,/pricing,campaign_12,2023-04-15 00:00:00
touch_7597544,cust_719244,5,2023-03-22 00:00:00,click,/features,,2023-04-15 00:00:00
touch_5508331,cust_719244,3,2023-03-28 00:00:00,content_download,/blog,campaign_44,2023-04-15 00:00:00
touch_4225492,cust_719244,1,2023-04-03 00:00:00,content_download,/case-studies,campaign_37,2023-04-15 00:00:00
touch_2452140,cust_719244,5,2023-04-09 00:00:00,visit,/features,,2023-04-15 00:00:00
touch_8633502,cust_719244,9,2023-04-15 00:00:00,click,/pricing,,2023-04-15 00:00:00
touch_6939258,cust_523927,5,2023-03-15 00:00:00,form_submit,/features,,2023-05-06 00:00:00
touch_8618037,cust_523927,3,2023-04-01 00:00:00,demo_request,/case-studies,campaign_31,2023-05-06 00:00:00
touch_3711894,cust_523927,4,2023-04-18 00:00:00,content_download,/home,,2023-05-06 00:00:00
touch_6531987,cust_523927,7,2023-05-06 00:00:00,content_download,/features,,2023-05-06 00:00:00
touch_1243991,cust_775105,5,2023-12-26 00:00:00,demo_request,/blog,,2024-02-14 00:00:00
touch_2313659,cust_228125,5,2023-08-06 00:00:00,demo_request,/case-studies,,2023-09-14 00:00:00
touch_9081632,cust_228125,3,2023-08-12 00:00:00,demo_request,/demo,campaign_32,2023-09-14 00:00:00
touch_7576337,cust_228125,8,2023-08-19 00:00:00,demo_request,/blog,,2023-09-14 00:00:00
touch_4646105,cust_228125,5,2023-08-25 00:00:00,demo_request,/home,,2023-09-14 00:00:00
touch_3069162,cust_228125,10,2023-09-01 00:00:00,demo_request,/features,,2023-09-14 00:00:00
touch_8719584,cust_228125,4,2023-09-07 00:00:00,form_submit,/demo,,2023-09-14 00:00:00
touch_4933965,cust_228125,5,2023-09-14 00:00:00,visit,/blog,,2023-09-14 00:00:00
touch_2527475,cust_128048,3,2023-06-24 00:00:00,form_submit,/features,campaign_8,2023-07-03 00:00:00
touch_7651381,cust_616096,4,2024-03-26 00:00:00,click,/demo,,2024-04-22 00:00:00
touch_4428698,cust_616096,2,2024-03-29 00:00:00,click,/pricing,campaign_31,2024-04-22 00:00:00
touch_9467363,cust_616096,1,2024-04-02 00:00:00,demo_request,/blog,campaign_26,2024-04-22 00:00:00
touch_8289419,cust_616096,4,2024-04-06 00:00:00,demo_request,/demo,,2024-04-22 00:00:00
touch_9942933,cust_616096,6,2024-04-10 00:00:00,form_submit,/blog,,2024-04-22 00:00:00
touch_5506068,cust_616096,7,2024-04-14 00:00:00,click,/home,,2024-04-22 00:00:00
touch_3710627,cust_616096,1,2024-04-18 00:00:00,visit,/home,campaign_46,2024-04-22 00:00:00
touch_7796489,cust_616096,4,2024-04-22 00:00:00,form_submit,/home,,2024-04-22 00:00:00
touch_8745331,cust_133133,2,2024-01-25 00:00:00,click,/blog,campaign_26,2024-03-16 00:00:00
touch_5868411,cust_133133,6,2024-02-06 00:00:00,click,/home,,2024-03-16 00:00:00
touch_6933540,cust_133133,1,2024-02-19 00:00:00,content_download,/demo,campaign_5,2024-03-16 00:00:00
touch_4437770,cust_133133,5,2024-03-03 00:00:00,visit,/case-studies,,2024-03-16 00:00:00
touch_7951646,cust_133133,4,2024-03-16 00:00:00,visit,/blog,,2024-03-16 00:00:00
touch_8572650,cust_917241,4,2023-09-26 00:00:00,demo_request,/pricing,,2023-11-07 00:00:00
touch_9747693,cust_917241,9,2023-10-04 00:00:00,form_submit,/pricing,,2023-11-07 00:00:00
touch_3702922,cust_917241,2,2023-10-12 00:00:00,click,/home,campaign_17,2023-11-07 00:00:00
touch_6593903,cust_917241,4,2023-10-21 00:00:00,click,/case-studies,,2023-11-07 00:00:00
touch_6798483,cust_917241,1,2023-10-29 00:00:00,demo_request,/demo,campaign_3,2023-11-07 00:00:00
touch_1082123,cust_917241,4,2023-11-07 00:00:00,demo_request,/blog,,2023-11-07 00:00:00
touch_5572399,cust_680684,4,2024-05-25 00:00:00,visit,/case-studies,,2024-07-06 00:00:00
touch_2936672,cust_680684,4,2024-07-06 00:00:00,form_submit,/home,,2024-07-06 00:00:00
touch_1035771,cust_746908,2,2024-09-30 00:00:00,form_submit,/home,campaign_36,2024-11-23 00:00:00
touch_2328642,cust_746908,3,2024-10-13 00:00:00,click,/case-studies,campaign_18,2024-11-23 00:00:00
touch_5576123,cust_746908,4,2024-10-27 00:00:00,click,/blog,,2024-11-23 00:00:00
touch_4677136,cust_746908,5,2024-11-09 00:00:00,content_download,/features,,2024-11-23 00:00:00
touch_4063955,cust_746908,2,2024-11-23 00:00:00,click,/demo,campaign_20,2024-11-23 00:00:00
touch_5478529,cust_878103,5,2024-08-05 00:00:00,click,/case-studies,,2024-08-20 00:00:00
touch_3991472,cust_878103,4,2024-08-07 00:00:00,form_submit,/features,,2024-08-20 00:00:00
touch_7674593,cust_878103,2,2024-08-09 00:00:00,visit,/features,campaign_9,2024-08-20 00:00:00
touch_2403528,cust_878103,2,2024-08-11 00:00:00,content_download,/features,campaign_46,2024-08-20 00:00:00
touch_3319143,cust_878103,5,2024-08-13 00:00:00,form_submit,/case-studies,,2024-08-20 00:00:00
touch_7713641,cust_878103,2,2024-08-15 00:00:00,demo_request,/case-studies,campaign_22,2024-08-20 00:00:00
touch_4116272,cust_878103,6,2024-08-17 00:00:00,content_download,/demo,,2024-08-20 00:00:00
touch_3968359,cust_878103,5,2024-08-20 00:00:00,visit,/blog,,2024-08-20 00:00:00
touch_2713059,cust_356092,5,2023-07-31 00:00:00,click,/pricing,,2023-09-11 00:00:00
touch_7445354,cust_356092,5,2023-09-11 00:00:00,content_download,/home,,2023-09-11 00:00:00
touch_9190921,cust_441958,4,2023-01-22 00:00:00,visit,/pricing,,2023-02-08 00:00:00
touch_8852522,cust_441958,1,2023-01-26 00:00:00,demo_request,/case-studies,campaign_1,2023-02-08 00:00:00
touch_5141242,cust_441958,5,2023-01-30 00:00:00,form_submit,/home,,2023-02-08 00:00:00
touch_6337765,cust_441958,7,2023-02-03 00:00:00,demo_request,/home,,2023-02-08 00:00:00
touch_6730706,cust_441958,4,2023-02-08 00:00:00,click,/pricing,,2023-02-08 00:00:00
touch_6876826,cust_431889,4,2023-12-18 00:00:00,click,/pricing,,2024-01-22 00:00:00
touch_8951687,cust_431889,4,2024-01-22 00:00:00,visit,/blog,,2024-01-22 00:00:00
touch_4953879,cust_950874,2,2024-11-04 00:00:00,content_download,/demo,campaign_23,2024-11-14 00:00:00
touch_4021090,cust_950874,4,2024-11-05 00:00:00,form_submit,/pricing,,2024-11-14 00:00:00
touch_9260144,cust_950874,4,2024-11-07 00:00:00,click,/home,,2024-11-14 00:00:00
touch_6424589,cust_950874,5,2024-11-09 00:00:00,click,/pricing,,2024-11-14 00:00:00
touch_1124054,cust_950874,2,2024-11-10 00:00:00,click,/pricing,campaign_22,2024-11-14 00:00:00
touch_7974518,cust_950874,8,2024-11-12 00:00:00,form_submit,/demo,,2024-11-14 00:00:00
touch_2126585,cust_950874,8,2024-11-14 00:00:00,click,/pricing,,2024-11-14 00:00:00
touch_7955223,cust_401314,4,2023-09-16 00:00:00,demo_request,/pricing,,2023-09-29 00:00:00
touch_6052219,cust_401314,4,2023-09-29 00:00:00,click,/pricing,,2023-09-29 00:00:00
touch_2458142,cust_720615,6,2023-10-24 00:00:00,form_submit,/features,,2023-12-11 00:00:00
touch_1295576,cust_720615,7,2023-11-01 00:00:00,demo_request,/blog,,2023-12-11 00:00:00
touch_4461896,cust_720615,1,2023-11-09 00:00:00,form_submit,/case-studies,campaign_37,2023-12-11 00:00:00
touch_2276313,cust_720615,1,2023-11-17 00:00:00,form_submit,/demo,campaign_41,2023-12-11 00:00:00
touch_7361302,cust_720615,3,2023-11-25 00:00:00,content_download,/demo,campaign_6,2023-12-11 00:00:00
touch_6135874,cust_720615,2,2023-12-03 00:00:00,content_download,/case-studies,campaign_13,2023-12-11 00:00:00
touch_6058016,cust_720615,6,2023-12-11 00:00:00,form_submit,/pricing,,2023-12-11 00:00:00
touch_3335484,cust_943187,1,2023-09-26 00:00:00,form_submit,/case-studies,campaign_14,2023-11-04 00:00:00
touch_9581790,cust_943187,7,2023-10-15 00:00:00,form_submit,/case-studies,,2023-11-04 00:00:00
touch_8496969,cust_943187,2,2023-11-04 00:00:00,demo_request,/blog,campaign_14,2023-11-04 00:00:00
touch_8350533,cust_289373,3,2022-12-06 00:00:00,content_download,/features,campaign_36,2023-01-20 00:00:00
touch_4711225,cust_289373,2,2022-12-17 00:00:00,form_submit,/pricing,campaign_8,2023-01-20 00:00:00
touch_9324825,cust_289373,5,2022-12-28 00:00:00,visit,/case-studies,,2023-01-20 00:00:00
touch_1109317,cust_289373,3,2023-01-08 00:00:00,content_download,/features,campaign_6,2023-01-20 00:00:00
touch_2280048,cust_289373,7,2023-01-20 00:00:00,form_submit,/features,,2023-01-20 00:00:00
touch_8721192,cust_768914,7,2024-06-13 00:00:00,demo_request,/pricing,,2024-06-29 00:00:00
touch_7708865,cust_254920,1,2023-07-31 00:00:00,click,/pricing,campaign_32,2023-09-04 00:00:00
touch_2929831,cust_379901,5,2023-10-02 00:00:00,form_submit,/home,,2023-10-21 00:00:00
touch_7382374,cust_967412,10,2023-09-25 00:00:00,demo_request,/case-studies,,2023-11-14 00:00:00
touch_5992751,cust_370948,4,2023-09-23 00:00:00,click,/demo,,2023-10-12 00:00:00
touch_2243865,cust_370948,8,2023-09-26 00:00:00,click,/demo,,2023-10-12 00:00:00
touch_5387245,cust_370948,8,2023-09-29 00:00:00,form_submit,/features,,2023-10-12 00:00:00
touch_9161244,cust_370948,2,2023-10-02 00:00:00,content_download,/blog,campaign_42,2023-10-12 00:00:00
touch_9070866,cust_370948,8,2023-10-05 00:00:00,demo_request,/demo,,2023-10-12 00:00:00
touch_6130098,cust_370948,4,2023-10-08 00:00:00,content_download,/demo,,2023-10-12 00:00:00
touch_4119222,cust_370948,5,2023-10-12 00:00:00,content_download,/blog,,2023-10-12 00:00:00
touch_2493111,cust_429153,7,2024-07-18 00:00:00,click,/pricing,,2024-09-08 00:00:00
touch_9190407,cust_429153,2,2024-07-26 00:00:00,demo_request,/blog,campaign_48,2024-09-08 00:00:00
touch_3262204,cust_429153,6,2024-08-04 00:00:00,visit,/demo,,2024-09-08 00:00:00
touch_7996666,cust_429153,1,2024-08-13 00:00:00,content_download,/home,campaign_39,2024-09-08 00:00:00
touch_2182979,cust_429153,4,2024-08-21 00:00:00,form_submit,/blog,,2024-09-08 00:00:00
touch_2577439,cust_429153,2,2024-08-30 00:00:00,demo_request,/features,campaign_8,2024-09-08 00:00:00
touch_8711819,cust_429153,7,2024-09-08 00:00:00,form_submit,/demo,,2024-09-08 00:00:00
touch_5750667,cust_980605,6,2023-04-21 00:00:00,demo_request,/features,,2023-05-24 00:00:00
touch_1490718,cust_980605,1,2023-05-24 00:00:00,content_download,/blog,campaign_12,2023-05-24 00:00:00
touch_6257734,cust_364039,1,2024-04-14 00:00:00,content_download,/home,campaign_20,2024-05-23 00:00:00
touch_1180747,cust_364039,6,2024-05-03 00:00:00,demo_request,/demo,,2024-05-23 00:00:00
touch_7184248,cust_364039,1,2024-05-23 00:00:00,demo_request,/pricing,campaign_40,2024-05-23 00:00:00
touch_8579872,cust_347399,8,2024-02-21 00:00:00,demo_request,/blog,,2024-03-09 00:00:00
touch_9467138,cust_347399,1,2024-02-26 00:00:00,form_submit,/home,campaign_28,2024-03-09 00:00:00
touch_4208313,cust_347399,4,2024-03-03 00:00:00,visit,/case-studies,,2024-03-09 00:00:00
touch_9097331,cust_347399,2,2024-03-09 00:00:00,visit,/home,campaign_12,2024-03-09 00:00:00
touch_1411319,cust_833602,4,2023-04-11 00:00:00,click,/pricing,,2023-04-26 00:00:00
touch_6545823,cust_423141,5,2022-12-06 00:00:00,visit,/case-studies,,2023-01-22 00:00:00
touch_3584650,cust_423141,5,2022-12-15 00:00:00,visit,/demo,,2023-01-22 00:00:00
touch_4305138,cust_423141,1,2022-12-24 00:00:00,visit,/pricing,campaign_16,2023-01-22 00:00:00
touch_3518208,cust_423141,3,2023-01-03 00:00:00,click,/pricing,campaign_37,2023-01-22 00:00:00
touch_7029298,cust_423141,4,2023-01-12 00:00:00,visit,/home,,2023-01-22 00:00:00
touch_5044901,cust_423141,5,2023-01-22 00:00:00,demo_request,/blog,,2023-01-22 00:00:00
touch_5087705,cust_365271,8,2024-05-25 00:00:00,demo_request,/case-studies,,2024-07-19 00:00:00
touch_3639626,cust_365271,4,2024-06-01 00:00:00,content_download,/blog,,2024-07-19 00:00:00
touch_7543479,cust_365271,10,2024-06-09 00:00:00,content_download,/blog,,2024-07-19 00:00:00
touch_5124913,cust_365271,6,2024-06-17 00:00:00,content_download,/home,,2024-07-19 00:00:00
touch_5916555,cust_365271,5,2024-06-25 00:00:00,click,/pricing,,2024-07-19 00:00:00
touch_7428879,cust_365271,5,2024-07-03 00:00:00,content_download,/features,,2024-07-19 00:00:00
touch_5290473,cust_365271,1,2024-07-11 00:00:00,form_submit,/blog,campaign_25,2024-07-19 00:00:00
touch_5542481,cust_365271,8,2024-07-19 00:00:00,click,/home,,2024-07-19 00:00:00
touch_2083576,cust_563892,3,2024-01-17 00:00:00,form_submit,/case-studies,campaign_44,2024-02-02 00:00:00
touch_6012390,cust_563892,9,2024-01-19 00:00:00,demo_request,/blog,,2024-02-02 00:00:00
touch_9484886,cust_563892,5,2024-01-22 00:00:00,content_download,/pricing,,2024-02-02 00:00:00
touch_9622363,cust_563892,1,2024-01-25 00:00:00,visit,/home,campaign_14,2024-02-02 00:00:00
touch_1078978,cust_563892,1,2024-01-27 00:00:00,demo_request,/features,campaign_16,2024-02-02 00:00:00
touch_4664999,cust_563892,8,2024-01-30 00:00:00,demo_request,/home,,2024-02-02 00:00:00
touch_2949351,cust_563892,7,2024-02-02 00:00:00,visit,/case-studies,,2024-02-02 00:00:00
touch_4271879,cust_268010,6,2024-02-10 00:00:00,visit,/case-studies,,2024-03-25 00:00:00
touch_1021811,cust_268010,3,2024-02-16 00:00:00,content_download,/features,campaign_37,2024-03-25 00:00:00
touch_1885793,cust_268010,8,2024-02-22 00:00:00,form_submit,/features,,2024-03-25 00:00:00
touch_3865691,cust_268010,2,2024-02-28 00:00:00,content_download,/home,campaign_38,2024-03-25 00:00:00
touch_1100213,cust_268010,1,2024-03-06 00:00:00,click,/case-studies,campaign_34,2024-03-25 00:00:00
touch_5424184,cust_268010,2,2024-03-12 00:00:00,visit,/demo,campaign_6,2024-03-25 00:00:00
touch_4575280,cust_268010,5,2024-03-18 00:00:00,content_download,/pricing,,2024-03-25 00:00:00
touch_1976720,cust_268010,6,2024-03-25 00:00:00,demo_request,/case-studies,,2024-03-25 00:00:00
touch_8178022,cust_615576,5,2024-04-13 00:00:00,click,/pricing,,2024-04-27 00:00:00
touch_2740913,cust_615576,2,2024-04-15 00:00:00,click,/demo,campaign_1,2024-04-27 00:00:00
touch_6370976,cust_615576,9,2024-04-18 00:00:00,content_download,/case-studies,,2024-04-27 00:00:00
touch_2282751,cust_615576,5,2024-04-21 00:00:00,visit,/pricing,,2024-04-27 00:00:00
touch_3663146,cust_615576,4,2024-04-24 00:00:00,click,/demo,,2024-04-27 00:00:00
touch_5492128,cust_615576,3,2024-04-27 00:00:00,visit,/case-studies,campaign_21,2024-04-27 00:00:00
touch_4528832,cust_468948,6,2024-02-05 00:00:00,demo_request,/features,,2024-03-06 00:00:00
touch_8241693,cust_468948,1,2024-02-20 00:00:00,click,/features,campaign_32,2024-03-06 00:00:00
touch_2990120,cust_468948,4,2024-03-06 00:00:00,content_download,/features,,2024-03-06 00:00:00
touch_9395855,cust_564943,2,2024-08-27 00:00:00,form_submit,/demo,campaign_7,2024-10-18 00:00:00
touch_3862331,cust_564943,6,2024-09-09 00:00:00,demo_request,/home,,2024-10-18 00:00:00
touch_2685518,cust_564943,6,2024-09-22 00:00:00,visit,/pricing,,2024-10-18 00:00:00
touch_2694511,cust_564943,7,2024-10-05 00:00:00,form_submit,/blog,,2024-10-18 00:00:00
touch_6720037,cust_564943,8,2024-10-18 00:00:00,visit,/home,,2024-10-18 00:00:00
touch_3025700,cust_904894,5,2024-09-16 00:00:00,visit,/home,,2024-10-26 00:00:00
touch_1765745,cust_904894,2,2024-09-24 00:00:00,click,/pricing,campaign_50,2024-10-26 00:00:00
touch_5194013,cust_904894,6,2024-10-02 00:00:00,form_submit,/case-studies,,2024-10-26 00:00:00
touch_7664093,cust_904894,6,2024-10-10 00:00:00,demo_request,/pricing,,2024-10-26 00:00:00
touch_1247396,cust_904894,4,2024-10-18 00:00:00,visit,/features,,2024-10-26 00:00:00
touch_3358566,cust_904894,4,2024-10-26 00:00:00,click,/features,,2024-10-26 00:00:00
touch_7418070,cust_281905,3,2024-08-09 00:00:00,content_download,/home,campaign_10,2024-08-30 00:00:00
touch_7661277,cust_281905,4,2024-08-12 00:00:00,demo_request,/blog,,2024-08-30 00:00:00
touch_9869719,cust_281905,1,2024-08-16 00:00:00,demo_request,/blog,campaign_18,2024-08-30 00:00:00
touch_9599735,cust_281905,7,2024-08-19 00:00:00,content_download,/home,,2024-08-30 00:00:00
touch_4334603,cust_281905,4,2024-08-23 00:00:00,demo_request,/pricing,,2024-08-30 00:00:00
touch_8442808,cust_281905,2,2024-08-26 00:00:00,visit,/features,campaign_6,2024-08-30 00:00:00
touch_5286824,cust_281905,1,2024-08-30 00:00:00,content_download,/pricing,campaign_1,2024-08-30 00:00:00
touch_2583189,cust_335391,1,2023-01-04 00:00:00,click,/home,campaign_46,2023-01-22 00:00:00
touch_9576088,cust_276953,5,2022-12-31 00:00:00,click,/features,,2023-02-20 00:00:00
touch_2549495,cust_276953,5,2023-02-20 00:00:00,form_submit,/case-studies,,2023-02-20 00:00:00
touch_5958741,cust_853489,8,2024-06-14 00:00:00,form_submit,/demo,,2024-06-22 00:00:00
touch_9934281,cust_853489,4,2024-06-16 00:00:00,demo_request,/features,,2024-06-22 00:00:00
touch_6496993,cust_853489,1,2024-06-19 00:00:00,demo_request,/demo,campaign_15,2024-06-22 00:00:00
touch_1263401,cust_853489,8,2024-06-22 00:00:00,visit,/home,,2024-06-22 00:00:00
touch_4792963,cust_952924,3,2023-08-28 00:00:00,click,/features,campaign_24,2023-09-30 00:00:00
touch_5333889,cust_952924,1,2023-09-01 00:00:00,visit,/blog,campaign_24,2023-09-30 00:00:00
touch_2453735,cust_952924,1,2023-09-06 00:00:00,click,/case-studies,campaign_3,2023-09-30 00:00:00
touch_8437237,cust_952924,2,2023-09-11 00:00:00,content_download,/demo,campaign_5,2023-09-30 00:00:00
touch_7494342,cust_952924,4,2023-09-15 00:00:00,visit,/demo,,2023-09-30 00:00:00
touch_7743386,cust_952924,5,2023-09-20 00:00:00,demo_request,/case-studies,,2023-09-30 00:00:00
touch_7941786,cust_952924,2,2023-09-25 00:00:00,form_submit,/case-studies,campaign_35,2023-09-30 00:00:00
touch_3273066,cust_952924,3,2023-09-30 00:00:00,visit,/blog,campaign_34,2023-09-30 00:00:00
touch_9778871,cust_810083,6,2023-06-28 00:00:00,visit,/blog,,2023-07-13 00:00:00
touch_7530263,cust_810083,1,2023-06-30 00:00:00,demo_request,/demo,campaign_39,2023-07-13 00:00:00
touch_5710797,cust_810083,1,2023-07-02 00:00:00,form_submit,/features,campaign_4,2023-07-13 00:00:00
touch_8380854,cust_810083,3,2023-07-04 00:00:00,click,/features,campaign_32,2023-07-13 00:00:00
touch_3871078,cust_810083,6,2023-07-06 00:00:00,visit,/pricing,,2023-07-13 00:00:00
touch_7877393,cust_810083,6,2023-07-08 00:00:00,click,/case-studies,,2023-07-13 00:00:00
touch_3562172,cust_810083,9,2023-07-10 00:00:00,visit,/case-studies,,2023-07-13 00:00:00
touch_1127657,cust_810083,1,2023-07-13 00:00:00,form_submit,/blog,campaign_44,2023-07-13 00:00:00
touch_3643593,cust_487593,1,2024-08-05 00:00:00,click,/home,campaign_40,2024-08-19 00:00:00
touch_8363199,cust_487593,1,2024-08-08 00:00:00,visit,/case-studies,campaign_25,2024-08-19 00:00:00
touch_9842078,cust_487593,4,2024-08-12 00:00:00,content_download,/pricing,,2024-08-19 00:00:00
touch_3251077,cust_487593,6,2024-08-15 00:00:00,visit,/case-studies,,2024-08-19 00:00:00
touch_7090431,cust_487593,1,2024-08-19 00:00:00,demo_request,/blog,campaign_14,2024-08-19 00:00:00
touch_1855654,cust_502124,5,2024-01-30 00:00:00,form_submit,/demo,,2024-03-09 00:00:00
touch_7143580,cust_502124,1,2024-02-06 00:00:00,content_download,/home,campaign_11,2024-03-09 00:00:00
touch_6328944,cust_502124,7,2024-02-14 00:00:00,content_download,/features,,2024-03-09 00:00:00
touch_5668463,cust_502124,3,2024-02-22 00:00:00,visit,/case-studies,campaign_28,2024-03-09 00:00:00
touch_7539023,cust_502124,2,2024-03-01 00:00:00,content_download,/demo,campaign_7,2024-03-09 00:00:00
touch_2881160,cust_502124,1,2024-03-09 00:00:00,visit,/home,campaign_9,2024-03-09 00:00:00
touch_9762895,cust_735829,6,2024-10-10 00:00:00,visit,/case-studies,,2024-11-17 00:00:00
touch_4217256,cust_488918,1,2023-03-30 00:00:00,form_submit,/blog,campaign_28,2023-05-16 00:00:00
touch_4116604,cust_488918,4,2023-04-08 00:00:00,content_download,/pricing,,2023-05-16 00:00:00
touch_6688698,cust_488918,3,2023-04-17 00:00:00,click,/features,campaign_30,2023-05-16 00:00:00
touch_6862618,cust_488918,4,2023-04-27 00:00:00,visit,/case-studies,,2023-05-16 00:00:00
touch_4987027,cust_488918,5,2023-05-06 00:00:00,click,/features,,2023-05-16 00:00:00
touch_9611152,cust_488918,5,2023-05-16 00:00:00,form_submit,/blog,,2023-05-16 00:00:00
touch_2100259,cust_656189,2,2024-01-19 00:00:00,demo_request,/demo,campaign_44,2024-03-19 00:00:00
touch_5242442,cust_376002,4,2024-07-26 00:00:00,click,/features,,2024-09-19 00:00:00
touch_3701992,cust_376002,8,2024-08-13 00:00:00,demo_request,/blog,,2024-09-19 00:00:00
touch_9321239,cust_376002,7,2024-08-31 00:00:00,demo_request,/features,,2024-09-19 00:00:00
touch_3078240,cust_376002,4,2024-09-19 00:00:00,visit,/home,,2024-09-19 00:00:00
