payment_id,subscription_id,customer_id,amount,currency,payment_date,payment_method,status,created_at
pay_9271038,sub_767578,cust_770487,290,USD,2023-04-25,wire,succeeded,2023-04-25 00:00:00
pay_2645611,sub_767578,cust_770487,29,USD,2023-05-01,wire,succeeded,2023-05-01 00:00:00
pay_3474956,sub_767578,cust_770487,29,USD,2023-06-01,credit_card,succeeded,2023-06-01 00:00:00
pay_2419946,sub_767578,cust_770487,79,USD,2023-07-01,wire,succeeded,2023-07-01 00:00:00
pay_7379809,sub_589824,cust_542417,29,USD,2023-09-01,credit_card,succeeded,2023-09-01 00:00:00
pay_6684715,sub_589824,cust_542417,29,USD,2023-10-01,credit_card,succeeded,2023-10-01 00:00:00
pay_5726703,sub_589824,cust_542417,29,USD,2023-11-01,ach,succeeded,2023-11-01 00:00:00
pay_4131618,sub_589824,cust_542417,29,USD,2023-12-01,credit_card,succeeded,2023-12-01 00:00:00
pay_7118155,sub_589824,cust_542417,29,USD,2024-01-01,wire,succeeded,2024-01-01 00:00:00
pay_5119185,sub_589824,cust_542417,29,USD,2024-02-01,credit_card,succeeded,2024-02-01 00:00:00
pay_1582747,sub_589824,cust_542417,29,USD,2024-03-01,credit_card,succeeded,2024-03-01 00:00:00
pay_7137849,sub_589824,cust_542417,29,USD,2024-04-01,wire,succeeded,2024-04-01 00:00:00
pay_1469584,sub_589824,cust_542417,29,USD,2024-05-01,credit_card,succeeded,2024-05-01 00:00:00
pay_5480794,sub_589824,cust_542417,29,USD,2024-06-01,credit_card,succeeded,2024-06-01 00:00:00
pay_7549897,sub_589824,cust_542417,29,USD,2024-07-01,wire,succeeded,2024-07-01 00:00:00
pay_9378197,sub_589824,cust_542417,29,USD,2024-08-01,credit_card,succeeded,2024-08-01 00:00:00
pay_7733982,sub_589824,cust_542417,29,USD,2024-09-01,wire,succeeded,2024-09-01 00:00:00
pay_5500507,sub_589824,cust_542417,29,USD,2024-10-01,credit_card,succeeded,2024-10-01 00:00:00
pay_7048062,sub_589824,cust_542417,29,USD,2024-11-01,credit_card,succeeded,2024-11-01 00:00:00
pay_8922002,sub_589824,cust_542417,29,USD,2024-12-01,credit_card,succeeded,2024-12-01 00:00:00
pay_9435412,sub_127223,cust_331148,79,USD,2024-04-04,ach,succeeded,2024-04-04 00:00:00
pay_2066731,sub_127223,cust_331148,79,USD,2024-05-01,ach,succeeded,2024-05-01 00:00:00
pay_5703613,sub_127223,cust_331148,79,USD,2024-06-01,credit_card,succeeded,2024-06-01 00:00:00
pay_6758906,sub_127223,cust_331148,79,USD,2024-07-01,credit_card,succeeded,2024-07-01 00:00:00
pay_9983971,sub_127223,cust_331148,79,USD,2024-08-01,credit_card,succeeded,2024-08-01 00:00:00
pay_6139691,sub_127223,cust_331148,79,USD,2024-09-01,wire,succeeded,2024-09-01 00:00:00
pay_6732615,sub_908323,cust_496922,790,USD,2023-03-22,credit_card,succeeded,2023-03-22 00:00:00
pay_3392353,sub_908323,cust_496922,79,USD,2023-04-01,credit_card,succeeded,2023-04-01 00:00:00
pay_7227966,sub_908323,cust_496922,79,USD,2023-05-01,wire,succeeded,2023-05-01 00:00:00
pay_6068179,sub_908323,cust_496922,79,USD,2023-06-01,ach,succeeded,2023-06-01 00:00:00
pay_5018631,sub_908323,cust_496922,79,USD,2023-07-01,credit_card,succeeded,2023-07-01 00:00:00
pay_5633596,sub_908323,cust_496922,79,USD,2023-08-01,credit_card,succeeded,2023-08-01 00:00:00
pay_2990842,sub_908323,cust_496922,79,USD,2023-09-01,credit_card,succeeded,2023-09-01 00:00:00
pay_3055876,sub_908323,cust_496922,199,USD,2023-10-01,credit_card,succeeded,2023-10-01 00:00:00
pay_5442135,sub_908323,cust_496922,199,USD,2023-11-01,wire,succeeded,2023-11-01 00:00:00
pay_5157601,sub_908323,cust_496922,199,USD,2023-12-01,credit_card,succeeded,2023-12-01 00:00:00
pay_2951927,sub_908323,cust_496922,199,USD,2024-01-01,credit_card,succeeded,2024-01-01 00:00:00
pay_6183258,sub_908323,cust_496922,199,USD,2024-02-01,credit_card,succeeded,2024-02-01 00:00:00
pay_1936781,sub_908323,cust_496922,1990,USD,2024-03-01,ach,succeeded,2024-03-01 00:00:00
pay_4691167,sub_908323,cust_496922,199,USD,2024-04-01,ach,succeeded,2024-04-01 00:00:00
pay_1303197,sub_908323,cust_496922,199,USD,2024-05-01,credit_card,succeeded,2024-05-01 00:00:00
pay_3046517,sub_908323,cust_496922,199,USD,2024-06-01,ach,succeeded,2024-06-01 00:00:00
pay_6977182,sub_908323,cust_496922,199,USD,2024-07-01,credit_card,succeeded,2024-07-01 00:00:00
pay_3017414,sub_908323,cust_496922,199,USD,2024-08-01,credit_card,succeeded,2024-08-01 00:00:00
pay_8493277,sub_908323,cust_496922,199,USD,2024-09-01,credit_card,succeeded,2024-09-01 00:00:00
pay_5711903,sub_908323,cust_496922,199,USD,2024-10-01,credit_card,succeeded,2024-10-01 00:00:00
pay_7085903,sub_908323,cust_496922,199,USD,2024-11-01,credit_card,succeeded,2024-11-01 00:00:00
pay_3956450,sub_908323,cust_496922,199,USD,2024-12-01,ach,succeeded,2024-12-01 00:00:00
pay_9480646,sub_381521,cust_338968,79,USD,2023-10-24,ach,succeeded,2023-10-24 00:00:00
pay_9355981,sub_381521,cust_338968,79,USD,2023-11-01,credit_card,succeeded,2023-11-01 00:00:00
pay_4254705,sub_381521,cust_338968,79,USD,2023-12-01,credit_card,succeeded,2023-12-01 00:00:00
pay_1424716,sub_381521,cust_338968,79,USD,2024-01-01,wire,succeeded,2024-01-01 00:00:00
pay_6728364,sub_381521,cust_338968,79,USD,2024-02-01,credit_card,succeeded,2024-02-01 00:00:00
pay_8460988,sub_381521,cust_338968,79,USD,2024-03-01,ach,succeeded,2024-03-01 00:00:00
pay_8213778,sub_381521,cust_338968,79,USD,2024-04-01,ach,succeeded,2024-04-01 00:00:00
pay_7823925,sub_381521,cust_338968,79,USD,2024-05-01,credit_card,succeeded,2024-05-01 00:00:00
pay_1057131,sub_381521,cust_338968,79,USD,2024-06-01,credit_card,succeeded,2024-06-01 00:00:00
pay_2039271,sub_809298,cust_802729,199,USD,2023-10-01,credit_card,succeeded,2023-10-01 00:00:00
pay_6991310,sub_809298,cust_802729,199,USD,2023-11-01,credit_card,succeeded,2023-11-01 00:00:00
pay_2054981,sub_809298,cust_802729,199,USD,2023-12-01,credit_card,succeeded,2023-12-01 00:00:00
pay_7165419,sub_809298,cust_802729,199,USD,2024-01-01,credit_card,succeeded,2024-01-01 00:00:00
pay_1765549,sub_809298,cust_802729,199,USD,2024-02-01,credit_card,succeeded,2024-02-01 00:00:00
pay_3549852,sub_809298,cust_802729,199,USD,2024-03-01,ach,failed,2024-03-01 00:00:00
pay_3989387,sub_809298,cust_802729,199,USD,2024-04-01,credit_card,succeeded,2024-04-01 00:00:00
pay_4125739,sub_809298,cust_802729,79,USD,2024-05-01,credit_card,succeeded,2024-05-01 00:00:00
pay_4269335,sub_809298,cust_802729,79,USD,2024-06-01,credit_card,succeeded,2024-06-01 00:00:00
pay_6052021,sub_809298,cust_802729,29,USD,2024-07-01,credit_card,succeeded,2024-07-01 00:00:00
pay_3070608,sub_809298,cust_802729,29,USD,2024-08-01,credit_card,succeeded,2024-08-01 00:00:00
pay_9876600,sub_809298,cust_802729,29,USD,2024-09-01,credit_card,succeeded,2024-09-01 00:00:00
pay_3759489,sub_809298,cust_802729,29,USD,2024-10-01,credit_card,succeeded,2024-10-01 00:00:00
pay_4323828,sub_809298,cust_802729,29,USD,2024-11-01,ach,succeeded,2024-11-01 00:00:00
pay_6889883,sub_809298,cust_802729,29,USD,2024-12-01,credit_card,succeeded,2024-12-01 00:00:00
pay_7555955,sub_638354,cust_383060,79,USD,2024-10-17,credit_card,succeeded,2024-10-17 00:00:00
pay_1449444,sub_638354,cust_383060,79,USD,2024-11-01,wire,succeeded,2024-11-01 00:00:00
pay_9130904,sub_638354,cust_383060,79,USD,2024-12-01,credit_card,succeeded,2024-12-01 00:00:00
pay_7266775,sub_199074,cust_520651,29,USD,2024-03-01,wire,succeeded,2024-03-01 00:00:00
pay_4577047,sub_199074,cust_520651,29,USD,2024-04-01,credit_card,succeeded,2024-04-01 00:00:00
pay_3529606,sub_199074,cust_520651,29,USD,2024-05-01,ach,succeeded,2024-05-01 00:00:00
pay_4189417,sub_199074,cust_520651,29,USD,2024-06-01,wire,succeeded,2024-06-01 00:00:00
pay_3924375,sub_582515,cust_479580,29,USD,2024-12-01,credit_card,succeeded,2024-12-01 00:00:00
pay_8947055,sub_128117,cust_725380,29,USD,2023-03-07,credit_card,succeeded,2023-03-07 00:00:00
pay_4783293,sub_128117,cust_725380,29,USD,2023-04-01,credit_card,succeeded,2023-04-01 00:00:00
pay_8160876,sub_128117,cust_725380,29,USD,2023-05-01,credit_card,succeeded,2023-05-01 00:00:00
pay_1583149,sub_128117,cust_725380,29,USD,2023-06-01,ach,succeeded,2023-06-01 00:00:00
pay_1821327,sub_128117,cust_725380,79,USD,2023-07-01,wire,succeeded,2023-07-01 00:00:00
pay_1764398,sub_128117,cust_725380,79,USD,2023-08-01,wire,succeeded,2023-08-01 00:00:00
pay_9352271,sub_128117,cust_725380,199,USD,2023-09-01,credit_card,succeeded,2023-09-01 00:00:00
pay_3657425,sub_128117,cust_725380,199,USD,2023-10-01,credit_card,succeeded,2023-10-01 00:00:00
pay_2655412,sub_128117,cust_725380,199,USD,2023-11-01,credit_card,succeeded,2023-11-01 00:00:00
pay_3616757,sub_128117,cust_725380,199,USD,2023-12-01,ach,succeeded,2023-12-01 00:00:00
pay_4728927,sub_128117,cust_725380,199,USD,2024-01-01,wire,succeeded,2024-01-01 00:00:00
pay_4068301,sub_128117,cust_725380,199,USD,2024-02-01,credit_card,succeeded,2024-02-01 00:00:00
pay_9271085,sub_311118,cust_663054,79,USD,2023-10-01,ach,succeeded,2023-10-01 00:00:00
pay_5397952,sub_311118,cust_663054,79,USD,2023-11-01,wire,succeeded,2023-11-01 00:00:00
pay_7753453,sub_311118,cust_663054,79,USD,2023-12-01,ach,succeeded,2023-12-01 00:00:00
pay_8425867,sub_311118,cust_663054,79,USD,2024-01-01,credit_card,succeeded,2024-01-01 00:00:00
pay_4520198,sub_311118,cust_663054,79,USD,2024-02-01,credit_card,succeeded,2024-02-01 00:00:00
pay_3562992,sub_311118,cust_663054,79,USD,2024-03-01,credit_card,succeeded,2024-03-01 00:00:00
pay_9528836,sub_311118,cust_663054,79,USD,2024-04-01,credit_card,succeeded,2024-04-01 00:00:00
pay_5899566,sub_311118,cust_663054,79,USD,2024-05-01,credit_card,succeeded,2024-05-01 00:00:00
pay_6806697,sub_311118,cust_663054,79,USD,2024-06-01,wire,succeeded,2024-06-01 00:00:00
pay_3588439,sub_311118,cust_663054,79,USD,2024-07-01,credit_card,succeeded,2024-07-01 00:00:00
pay_6934754,sub_719749,cust_287330,790,USD,2024-06-03,ach,succeeded,2024-06-03 00:00:00
pay_4070909,sub_719749,cust_287330,79,USD,2024-07-01,wire,succeeded,2024-07-01 00:00:00
pay_6662878,sub_719749,cust_287330,79,USD,2024-08-01,credit_card,succeeded,2024-08-01 00:00:00
pay_1827266,sub_719749,cust_287330,79,USD,2024-09-01,ach,succeeded,2024-09-01 00:00:00
pay_9032737,sub_719749,cust_287330,79,USD,2024-10-01,credit_card,succeeded,2024-10-01 00:00:00
pay_2925023,sub_719749,cust_287330,79,USD,2024-11-01,wire,succeeded,2024-11-01 00:00:00
pay_7657530,sub_719749,cust_287330,79,USD,2024-12-01,ach,succeeded,2024-12-01 00:00:00
pay_4964703,sub_596330,cust_916449,29,USD,2024-06-27,credit_card,succeeded,2024-06-27 00:00:00
pay_6289106,sub_596330,cust_916449,29,USD,2024-07-01,credit_card,succeeded,2024-07-01 00:00:00
pay_6115213,sub_596330,cust_916449,29,USD,2024-08-01,credit_card,succeeded,2024-08-01 00:00:00
pay_6435127,sub_596330,cust_916449,29,USD,2024-09-01,credit_card,succeeded,2024-09-01 00:00:00
pay_2203548,sub_596330,cust_916449,29,USD,2024-10-01,credit_card,failed,2024-10-01 00:00:00
pay_3927872,sub_460550,cust_182582,79,USD,2023-03-29,ach,succeeded,2023-03-29 00:00:00
pay_9534871,sub_460550,cust_182582,79,USD,2023-04-01,credit_card,succeeded,2023-04-01 00:00:00
pay_4845985,sub_460550,cust_182582,79,USD,2023-05-01,wire,succeeded,2023-05-01 00:00:00
pay_8944457,sub_460550,cust_182582,79,USD,2023-06-01,credit_card,succeeded,2023-06-01 00:00:00
pay_6265209,sub_460550,cust_182582,79,USD,2023-07-01,credit_card,succeeded,2023-07-01 00:00:00
pay_1755527,sub_460550,cust_182582,79,USD,2023-08-01,credit_card,succeeded,2023-08-01 00:00:00
pay_2220063,sub_460550,cust_182582,79,USD,2023-09-01,credit_card,succeeded,2023-09-01 00:00:00
pay_2128985,sub_460550,cust_182582,79,USD,2023-10-01,credit_card,succeeded,2023-10-01 00:00:00
pay_5490726,sub_460550,cust_182582,199,USD,2023-11-01,credit_card,succeeded,2023-11-01 00:00:00
pay_6741514,sub_460550,cust_182582,199,USD,2023-12-01,credit_card,succeeded,2023-12-01 00:00:00
pay_1283652,sub_460550,cust_182582,199,USD,2024-01-01,wire,succeeded,2024-01-01 00:00:00
pay_2532162,sub_460550,cust_182582,199,USD,2024-02-01,wire,succeeded,2024-02-01 00:00:00
pay_4548716,sub_460550,cust_182582,199,USD,2024-03-01,wire,succeeded,2024-03-01 00:00:00
pay_9332423,sub_460550,cust_182582,199,USD,2024-04-01,credit_card,succeeded,2024-04-01 00:00:00
pay_2009956,sub_460550,cust_182582,199,USD,2024-05-01,ach,succeeded,2024-05-01 00:00:00
pay_3299952,sub_460550,cust_182582,199,USD,2024-06-01,credit_card,succeeded,2024-06-01 00:00:00
pay_8291324,sub_460550,cust_182582,199,USD,2024-07-01,credit_card,succeeded,2024-07-01 00:00:00
pay_2193206,sub_460550,cust_182582,199,USD,2024-08-01,wire,succeeded,2024-08-01 00:00:00
pay_9323687,sub_460550,cust_182582,199,USD,2024-09-01,credit_card,succeeded,2024-09-01 00:00:00
pay_2506684,sub_460550,cust_182582,79,USD,2024-10-01,credit_card,succeeded,2024-10-01 00:00:00
pay_4385396,sub_460550,cust_182582,79,USD,2024-11-01,wire,succeeded,2024-11-01 00:00:00
pay_8214143,sub_460550,cust_182582,79,USD,2024-12-01,wire,succeeded,2024-12-01 00:00:00
pay_9925148,sub_418402,cust_273148,199,USD,2023-09-29,wire,succeeded,2023-09-29 00:00:00
pay_7811271,sub_418402,cust_273148,199,USD,2023-10-01,credit_card,succeeded,2023-10-01 00:00:00
pay_9778172,sub_418402,cust_273148,199,USD,2023-11-01,ach,succeeded,2023-11-01 00:00:00
pay_3767799,sub_418402,cust_273148,199,USD,2023-12-01,ach,succeeded,2023-12-01 00:00:00
pay_9118037,sub_418402,cust_273148,199,USD,2024-01-01,credit_card,succeeded,2024-01-01 00:00:00
pay_4110064,sub_418402,cust_273148,199,USD,2024-02-01,credit_card,succeeded,2024-02-01 00:00:00
pay_7533105,sub_418402,cust_273148,199,USD,2024-03-01,credit_card,succeeded,2024-03-01 00:00:00
pay_6689470,sub_418402,cust_273148,199,USD,2024-04-01,wire,succeeded,2024-04-01 00:00:00
pay_9971870,sub_418402,cust_273148,199,USD,2024-05-01,wire,succeeded,2024-05-01 00:00:00
pay_8052413,sub_219505,cust_804314,29,USD,2024-10-27,credit_card,succeeded,2024-10-27 00:00:00
pay_4489742,sub_219505,cust_804314,29,USD,2024-11-01,wire,succeeded,2024-11-01 00:00:00
pay_6180257,sub_219505,cust_804314,29,USD,2024-12-01,credit_card,succeeded,2024-12-01 00:00:00
pay_2538395,sub_863729,cust_801474,29,USD,2024-05-12,ach,succeeded,2024-05-12 00:00:00
pay_4160426,sub_863729,cust_801474,29,USD,2024-06-01,credit_card,succeeded,2024-06-01 00:00:00
pay_6618205,sub_863729,cust_801474,29,USD,2024-07-01,credit_card,succeeded,2024-07-01 00:00:00
pay_3428195,sub_863729,cust_801474,29,USD,2024-08-01,credit_card,succeeded,2024-08-01 00:00:00
pay_2161873,sub_863729,cust_801474,29,USD,2024-09-01,credit_card,succeeded,2024-09-01 00:00:00
pay_6857017,sub_863729,cust_801474,79,USD,2024-10-01,ach,succeeded,2024-10-01 00:00:00
pay_5568225,sub_863729,cust_801474,79,USD,2024-11-01,credit_card,succeeded,2024-11-01 00:00:00
pay_8652001,sub_863729,cust_801474,79,USD,2024-12-01,credit_card,succeeded,2024-12-01 00:00:00
pay_1837882,sub_989816,cust_299659,29,USD,2023-04-07,credit_card,succeeded,2023-04-07 00:00:00
pay_8789111,sub_989816,cust_299659,29,USD,2023-05-01,ach,succeeded,2023-05-01 00:00:00
pay_8302424,sub_989816,cust_299659,29,USD,2023-06-01,ach,succeeded,2023-06-01 00:00:00
pay_8513274,sub_989816,cust_299659,29,USD,2023-07-01,wire,succeeded,2023-07-01 00:00:00
pay_6192707,sub_989816,cust_299659,29,USD,2023-08-01,credit_card,succeeded,2023-08-01 00:00:00
pay_4377359,sub_989816,cust_299659,29,USD,2023-09-01,ach,succeeded,2023-09-01 00:00:00
pay_8157670,sub_989816,cust_299659,29,USD,2023-10-01,credit_card,succeeded,2023-10-01 00:00:00
pay_6546981,sub_993796,cust_203198,79,USD,2023-03-04,credit_card,succeeded,2023-03-04 00:00:00
pay_5098068,sub_993796,cust_203198,79,USD,2023-04-01,credit_card,failed,2023-04-01 00:00:00
pay_4700899,sub_993796,cust_203198,79,USD,2023-05-01,ach,succeeded,2023-05-01 00:00:00
pay_7478034,sub_993796,cust_203198,199,USD,2023-06-01,credit_card,succeeded,2023-06-01 00:00:00
pay_4128472,sub_993796,cust_203198,199,USD,2023-07-01,ach,succeeded,2023-07-01 00:00:00
pay_2843983,sub_993796,cust_203198,199,USD,2023-08-01,wire,succeeded,2023-08-01 00:00:00
pay_3304404,sub_993796,cust_203198,199,USD,2023-09-01,wire,succeeded,2023-09-01 00:00:00
pay_4736959,sub_993796,cust_203198,199,USD,2023-10-01,credit_card,succeeded,2023-10-01 00:00:00
pay_7223705,sub_993796,cust_203198,199,USD,2023-11-01,wire,succeeded,2023-11-01 00:00:00
pay_1133496,sub_993796,cust_203198,199,USD,2023-12-01,credit_card,succeeded,2023-12-01 00:00:00
pay_2847539,sub_993796,cust_203198,199,USD,2024-01-01,credit_card,succeeded,2024-01-01 00:00:00
pay_8762357,sub_993796,cust_203198,199,USD,2024-02-01,ach,succeeded,2024-02-01 00:00:00
pay_8156597,sub_993796,cust_203198,199,USD,2024-03-01,credit_card,succeeded,2024-03-01 00:00:00
pay_2314715,sub_993796,cust_203198,199,USD,2024-04-01,credit_card,succeeded,2024-04-01 00:00:00
pay_9799989,sub_993796,cust_203198,199,USD,2024-05-01,wire,succeeded,2024-05-01 00:00:00
pay_6627064,sub_993796,cust_203198,199,USD,2024-06-01,wire,succeeded,2024-06-01 00:00:00
pay_5726023,sub_993796,cust_203198,199,USD,2024-07-01,ach,succeeded,2024-07-01 00:00:00
pay_5160979,sub_993796,cust_203198,199,USD,2024-08-01,credit_card,succeeded,2024-08-01 00:00:00
pay_5391020,sub_993796,cust_203198,199,USD,2024-09-01,credit_card,succeeded,2024-09-01 00:00:00
pay_6157174,sub_993796,cust_203198,199,USD,2024-10-01,credit_card,succeeded,2024-10-01 00:00:00
pay_6122965,sub_993796,cust_203198,199,USD,2024-11-01,wire,succeeded,2024-11-01 00:00:00
pay_5103508,sub_993796,cust_203198,199,USD,2024-12-01,wire,succeeded,2024-12-01 00:00:00
pay_5336552,sub_775156,cust_392075,79,USD,2024-04-18,credit_card,succeeded,2024-04-18 00:00:00
pay_5782997,sub_775156,cust_392075,79,USD,2024-05-01,credit_card,succeeded,2024-05-01 00:00:00
pay_5523795,sub_775156,cust_392075,79,USD,2024-06-01,ach,succeeded,2024-06-01 00:00:00
pay_9821871,sub_775156,cust_392075,79,USD,2024-07-01,wire,succeeded,2024-07-01 00:00:00
pay_4766967,sub_775156,cust_392075,79,USD,2024-08-01,credit_card,succeeded,2024-08-01 00:00:00
pay_9397068,sub_775156,cust_392075,79,USD,2024-09-01,ach,succeeded,2024-09-01 00:00:00
pay_9003202,sub_775156,cust_392075,79,USD,2024-10-01,credit_card,succeeded,2024-10-01 00:00:00
pay_9945252,sub_775156,cust_392075,79,USD,2024-11-01,wire,succeeded,2024-11-01 00:00:00
pay_5523283,sub_775156,cust_392075,199,USD,2024-12-01,credit_card,succeeded,2024-12-01 00:00:00
pay_2738309,sub_860321,cust_976638,790,USD,2023-01-16,credit_card,succeeded,2023-01-16 00:00:00
pay_8474972,sub_860321,cust_976638,79,USD,2023-02-01,credit_card,succeeded,2023-02-01 00:00:00
pay_3908113,sub_860321,cust_976638,79,USD,2023-03-01,credit_card,succeeded,2023-03-01 00:00:00
pay_1727321,sub_860321,cust_976638,79,USD,2023-04-01,ach,succeeded,2023-04-01 00:00:00
pay_9700196,sub_860321,cust_976638,79,USD,2023-05-01,credit_card,succeeded,2023-05-01 00:00:00
pay_7925610,sub_860321,cust_976638,79,USD,2023-06-01,credit_card,succeeded,2023-06-01 00:00:00
pay_3213110,sub_860321,cust_976638,79,USD,2023-07-01,credit_card,succeeded,2023-07-01 00:00:00
pay_1170467,sub_860321,cust_976638,79,USD,2023-08-01,credit_card,succeeded,2023-08-01 00:00:00
pay_8261804,sub_860321,cust_976638,79,USD,2023-09-01,credit_card,succeeded,2023-09-01 00:00:00
pay_2075223,sub_860321,cust_976638,79,USD,2023-10-01,credit_card,succeeded,2023-10-01 00:00:00
pay_4748802,sub_911763,cust_272634,199,USD,2024-01-24,wire,succeeded,2024-01-24 00:00:00
pay_1459457,sub_911763,cust_272634,199,USD,2024-02-01,credit_card,succeeded,2024-02-01 00:00:00
pay_6968855,sub_911763,cust_272634,199,USD,2024-03-01,credit_card,succeeded,2024-03-01 00:00:00
pay_2926003,sub_911763,cust_272634,199,USD,2024-04-01,credit_card,succeeded,2024-04-01 00:00:00
pay_8742197,sub_911763,cust_272634,79,USD,2024-05-01,credit_card,succeeded,2024-05-01 00:00:00
pay_6976699,sub_911763,cust_272634,79,USD,2024-06-01,wire,succeeded,2024-06-01 00:00:00
pay_7570063,sub_911763,cust_272634,79,USD,2024-07-01,credit_card,succeeded,2024-07-01 00:00:00
pay_6660327,sub_911763,cust_272634,79,USD,2024-08-01,ach,succeeded,2024-08-01 00:00:00
pay_8218298,sub_911763,cust_272634,79,USD,2024-09-01,credit_card,succeeded,2024-09-01 00:00:00
pay_4664158,sub_911763,cust_272634,79,USD,2024-10-01,credit_card,succeeded,2024-10-01 00:00:00
pay_7048122,sub_911763,cust_272634,79,USD,2024-11-01,wire,succeeded,2024-11-01 00:00:00
pay_5351588,sub_911763,cust_272634,79,USD,2024-12-01,credit_card,succeeded,2024-12-01 00:00:00
pay_4712584,sub_575159,cust_921414,199,USD,2024-07-23,credit_card,succeeded,2024-07-23 00:00:00
pay_7224122,sub_575159,cust_921414,199,USD,2024-08-01,credit_card,succeeded,2024-08-01 00:00:00
pay_5976514,sub_575159,cust_921414,199,USD,2024-09-01,credit_card,succeeded,2024-09-01 00:00:00
pay_7834965,sub_575159,cust_921414,199,USD,2024-10-01,credit_card,succeeded,2024-10-01 00:00:00
pay_3277202,sub_575159,cust_921414,199,USD,2024-11-01,credit_card,succeeded,2024-11-01 00:00:00
pay_4269926,sub_575159,cust_921414,199,USD,2024-12-01,credit_card,succeeded,2024-12-01 00:00:00
pay_4072102,sub_210338,cust_428838,29,USD,2023-02-28,credit_card,succeeded,2023-02-28 00:00:00
pay_2808272,sub_210338,cust_428838,29,USD,2023-03-01,credit_card,succeeded,2023-03-01 00:00:00
pay_8562535,sub_210338,cust_428838,29,USD,2023-04-01,wire,succeeded,2023-04-01 00:00:00
pay_7647888,sub_210338,cust_428838,29,USD,2023-05-01,wire,succeeded,2023-05-01 00:00:00
pay_1548103,sub_210338,cust_428838,29,USD,2023-06-01,wire,succeeded,2023-06-01 00:00:00
pay_6264565,sub_210338,cust_428838,29,USD,2023-07-01,credit_card,succeeded,2023-07-01 00:00:00
pay_5707347,sub_210338,cust_428838,29,USD,2023-08-01,ach,succeeded,2023-08-01 00:00:00
pay_1840925,sub_210338,cust_428838,29,USD,2023-09-01,credit_card,succeeded,2023-09-01 00:00:00
pay_2504422,sub_210338,cust_428838,79,USD,2023-10-01,ach,succeeded,2023-10-01 00:00:00
pay_5799061,sub_210338,cust_428838,79,USD,2023-11-01,credit_card,succeeded,2023-11-01 00:00:00
pay_4159546,sub_210338,cust_428838,79,USD,2023-12-01,credit_card,succeeded,2023-12-01 00:00:00
pay_6344163,sub_210338,cust_428838,79,USD,2024-01-01,credit_card,succeeded,2024-01-01 00:00:00
pay_7150740,sub_210338,cust_428838,79,USD,2024-02-01,credit_card,succeeded,2024-02-01 00:00:00
pay_5703172,sub_210338,cust_428838,79,USD,2024-03-01,ach,succeeded,2024-03-01 00:00:00
pay_4039595,sub_210338,cust_428838,79,USD,2024-04-01,ach,succeeded,2024-04-01 00:00:00
pay_3675681,sub_210338,cust_428838,79,USD,2024-05-01,credit_card,succeeded,2024-05-01 00:00:00
pay_9729419,sub_210338,cust_428838,79,USD,2024-06-01,credit_card,succeeded,2024-06-01 00:00:00
pay_4922062,sub_210338,cust_428838,79,USD,2024-07-01,credit_card,succeeded,2024-07-01 00:00:00
pay_3255563,sub_210338,cust_428838,79,USD,2024-08-01,credit_card,succeeded,2024-08-01 00:00:00
pay_2808703,sub_210338,cust_428838,79,USD,2024-09-01,credit_card,succeeded,2024-09-01 00:00:00
pay_1167114,sub_210338,cust_428838,79,USD,2024-10-01,credit_card,succeeded,2024-10-01 00:00:00
pay_4309617,sub_210338,cust_428838,79,USD,2024-11-01,credit_card,failed,2024-11-01 00:00:00
pay_8398302,sub_210338,cust_428838,79,USD,2024-12-01,credit_card,succeeded,2024-12-01 00:00:00
pay_3061177,sub_822487,cust_723939,1990,USD,2023-03-11,ach,succeeded,2023-03-11 00:00:00
pay_7127040,sub_822487,cust_723939,199,USD,2023-04-01,credit_card,succeeded,2023-04-01 00:00:00
pay_8161659,sub_822487,cust_723939,199,USD,2023-05-01,credit_card,succeeded,2023-05-01 00:00:00
pay_6827959,sub_822487,cust_723939,199,USD,2023-06-01,credit_card,succeeded,2023-06-01 00:00:00
pay_1950689,sub_822487,cust_723939,199,USD,2023-07-01,credit_card,succeeded,2023-07-01 00:00:00
pay_7210843,sub_822487,cust_723939,199,USD,2023-08-01,credit_card,succeeded,2023-08-01 00:00:00
pay_3903155,sub_822487,cust_723939,199,USD,2023-09-01,credit_card,succeeded,2023-09-01 00:00:00
pay_5333808,sub_822487,cust_723939,199,USD,2023-10-01,ach,succeeded,2023-10-01 00:00:00
pay_1487267,sub_822487,cust_723939,199,USD,2023-11-01,credit_card,succeeded,2023-11-01 00:00:00
pay_3211404,sub_822487,cust_723939,199,USD,2023-12-01,credit_card,succeeded,2023-12-01 00:00:00
pay_5966141,sub_822487,cust_723939,199,USD,2024-01-01,ach,succeeded,2024-01-01 00:00:00
pay_1274903,sub_822487,cust_723939,199,USD,2024-02-01,credit_card,succeeded,2024-02-01 00:00:00
pay_3735428,sub_822487,cust_723939,1990,USD,2024-03-01,credit_card,succeeded,2024-03-01 00:00:00
pay_3221349,sub_822487,cust_723939,199,USD,2024-04-01,credit_card,succeeded,2024-04-01 00:00:00
pay_7262932,sub_822487,cust_723939,199,USD,2024-05-01,credit_card,succeeded,2024-05-01 00:00:00
pay_7938840,sub_822487,cust_723939,199,USD,2024-06-01,credit_card,succeeded,2024-06-01 00:00:00
pay_8760635,sub_822487,cust_723939,199,USD,2024-07-01,credit_card,succeeded,2024-07-01 00:00:00
pay_8990770,sub_822487,cust_723939,199,USD,2024-08-01,ach,succeeded,2024-08-01 00:00:00
pay_5369627,sub_822487,cust_723939,199,USD,2024-09-01,ach,succeeded,2024-09-01 00:00:00
pay_4068162,sub_822487,cust_723939,199,USD,2024-10-01,credit_card,succeeded,2024-10-01 00:00:00
pay_7035783,sub_822487,cust_723939,199,USD,2024-11-01,wire,succeeded,2024-11-01 00:00:00
pay_8393823,sub_822487,cust_723939,199,USD,2024-12-01,credit_card,succeeded,2024-12-01 00:00:00
pay_8871214,sub_215695,cust_789305,79,USD,2024-08-20,credit_card,succeeded,2024-08-20 00:00:00
pay_2075235,sub_215695,cust_789305,79,USD,2024-09-01,credit_card,succeeded,2024-09-01 00:00:00
pay_1672820,sub_215695,cust_789305,79,USD,2024-10-01,wire,succeeded,2024-10-01 00:00:00
pay_6758647,sub_215695,cust_789305,79,USD,2024-11-01,ach,succeeded,2024-11-01 00:00:00
pay_9955283,sub_215695,cust_789305,79,USD,2024-12-01,credit_card,succeeded,2024-12-01 00:00:00
pay_9508283,sub_417991,cust_776856,29,USD,2023-11-04,credit_card,succeeded,2023-11-04 00:00:00
pay_9144797,sub_417991,cust_776856,29,USD,2023-12-01,credit_card,succeeded,2023-12-01 00:00:00
pay_8572723,sub_417991,cust_776856,79,USD,2024-01-01,wire,succeeded,2024-01-01 00:00:00
pay_2280254,sub_417991,cust_776856,79,USD,2024-02-01,credit_card,succeeded,2024-02-01 00:00:00
pay_2418284,sub_417991,cust_776856,79,USD,2024-03-01,credit_card,succeeded,2024-03-01 00:00:00
pay_3000277,sub_417991,cust_776856,79,USD,2024-04-01,wire,succeeded,2024-04-01 00:00:00
pay_9615314,sub_417991,cust_776856,79,USD,2024-05-01,credit_card,succeeded,2024-05-01 00:00:00
pay_6815916,sub_417991,cust_776856,29,USD,2024-06-01,wire,succeeded,2024-06-01 00:00:00
pay_1838804,sub_417991,cust_776856,79,USD,2024-07-01,credit_card,succeeded,2024-07-01 00:00:00
pay_1830199,sub_417991,cust_776856,79,USD,2024-08-01,ach,succeeded,2024-08-01 00:00:00
pay_1604880,sub_417991,cust_776856,79,USD,2024-09-01,credit_card,succeeded,2024-09-01 00:00:00
pay_6914334,sub_417991,cust_776856,79,USD,2024-10-01,credit_card,succeeded,2024-10-01 00:00:00
pay_5224824,sub_417991,cust_776856,79,USD,2024-11-01,credit_card,succeeded,2024-11-01 00:00:00
pay_6340849,sub_417991,cust_776856,79,USD,2024-12-01,credit_card,succeeded,2024-12-01 00:00:00
pay_3896812,sub_919304,cust_323508,29,USD,2024-06-02,credit_card,succeeded,2024-06-02 00:00:00
pay_9258248,sub_919304,cust_323508,29,USD,2024-07-01,ach,succeeded,2024-07-01 00:00:00
pay_5190501,sub_919304,cust_323508,29,USD,2024-08-01,credit_card,succeeded,2024-08-01 00:00:00
pay_4049894,sub_919304,cust_323508,29,USD,2024-09-01,credit_card,succeeded,2024-09-01 00:00:00
pay_5853000,sub_919304,cust_323508,29,USD,2024-10-01,credit_card,failed,2024-10-01 00:00:00
pay_7302872,sub_919304,cust_323508,29,USD,2024-11-01,credit_card,succeeded,2024-11-01 00:00:00
pay_6377143,sub_919304,cust_323508,29,USD,2024-12-01,credit_card,succeeded,2024-12-01 00:00:00
pay_7417287,sub_938663,cust_837715,199,USD,2023-11-06,credit_card,succeeded,2023-11-06 00:00:00
pay_1025295,sub_938663,cust_837715,199,USD,2023-12-01,wire,succeeded,2023-12-01 00:00:00
pay_4394981,sub_938663,cust_837715,199,USD,2024-01-01,credit_card,succeeded,2024-01-01 00:00:00
pay_8429263,sub_938663,cust_837715,199,USD,2024-02-01,credit_card,succeeded,2024-02-01 00:00:00
pay_9700075,sub_938663,cust_837715,199,USD,2024-03-01,ach,succeeded,2024-03-01 00:00:00
pay_6546440,sub_938663,cust_837715,199,USD,2024-04-01,credit_card,succeeded,2024-04-01 00:00:00
pay_1349126,sub_938663,cust_837715,199,USD,2024-05-01,credit_card,succeeded,2024-05-01 00:00:00
pay_7277883,sub_938663,cust_837715,199,USD,2024-06-01,wire,failed,2024-06-01 00:00:00
pay_9514216,sub_938663,cust_837715,199,USD,2024-07-01,credit_card,succeeded,2024-07-01 00:00:00
pay_6254989,sub_938663,cust_837715,199,USD,2024-08-01,credit_card,succeeded,2024-08-01 00:00:00
pay_8519465,sub_938663,cust_837715,199,USD,2024-09-01,ach,succeeded,2024-09-01 00:00:00
pay_4047737,sub_938663,cust_837715,199,USD,2024-10-01,ach,succeeded,2024-10-01 00:00:00
pay_4509845,sub_938663,cust_837715,199,USD,2024-11-01,credit_card,succeeded,2024-11-01 00:00:00
pay_6310532,sub_938663,cust_837715,199,USD,2024-12-01,ach,succeeded,2024-12-01 00:00:00
pay_4103558,sub_775192,cust_240814,79,USD,2023-09-28,ach,succeeded,2023-09-28 00:00:00
pay_8955173,sub_775192,cust_240814,79,USD,2023-10-01,credit_card,succeeded,2023-10-01 00:00:00
pay_3684656,sub_775192,cust_240814,79,USD,2023-11-01,credit_card,succeeded,2023-11-01 00:00:00
pay_1294219,sub_775192,cust_240814,79,USD,2023-12-01,ach,succeeded,2023-12-01 00:00:00
pay_7700274,sub_775192,cust_240814,79,USD,2024-01-01,credit_card,succeeded,2024-01-01 00:00:00
pay_3378336,sub_775192,cust_240814,79,USD,2024-02-01,wire,succeeded,2024-02-01 00:00:00
pay_7188870,sub_775192,cust_240814,79,USD,2024-03-01,wire,succeeded,2024-03-01 00:00:00
pay_3645228,sub_775192,cust_240814,79,USD,2024-04-01,credit_card,succeeded,2024-04-01 00:00:00
pay_2963364,sub_775192,cust_240814,79,USD,2024-05-01,credit_card,succeeded,2024-05-01 00:00:00
pay_7887260,sub_775192,cust_240814,79,USD,2024-06-01,credit_card,succeeded,2024-06-01 00:00:00
pay_6330895,sub_775192,cust_240814,79,USD,2024-07-01,credit_card,succeeded,2024-07-01 00:00:00
pay_7748185,sub_775192,cust_240814,79,USD,2024-08-01,credit_card,succeeded,2024-08-01 00:00:00
pay_8772420,sub_775192,cust_240814,79,USD,2024-09-01,credit_card,succeeded,2024-09-01 00:00:00
pay_3891728,sub_775192,cust_240814,79,USD,2024-10-01,wire,succeeded,2024-10-01 00:00:00
pay_4017976,sub_775192,cust_240814,79,USD,2024-11-01,credit_card,succeeded,2024-11-01 00:00:00
pay_2275031,sub_775192,cust_240814,79,USD,2024-12-01,credit_card,succeeded,2024-12-01 00:00:00
pay_9629731,sub_521315,cust_765046,79,USD,2023-09-28,credit_card,succeeded,2023-09-28 00:00:00
pay_6698254,sub_521315,cust_765046,79,USD,2023-10-01,credit_card,succeeded,2023-10-01 00:00:00
pay_2794644,sub_521315,cust_765046,79,USD,2023-11-01,credit_card,succeeded,2023-11-01 00:00:00
pay_1678596,sub_521315,cust_765046,79,USD,2023-12-01,credit_card,succeeded,2023-12-01 00:00:00
pay_9966292,sub_521315,cust_765046,79,USD,2024-01-01,credit_card,succeeded,2024-01-01 00:00:00
pay_3634592,sub_521315,cust_765046,79,USD,2024-02-01,credit_card,succeeded,2024-02-01 00:00:00
pay_2404386,sub_521315,cust_765046,79,USD,2024-03-01,credit_card,succeeded,2024-03-01 00:00:00
pay_2583118,sub_521315,cust_765046,199,USD,2024-04-01,credit_card,succeeded,2024-04-01 00:00:00
pay_7243023,sub_521315,cust_765046,199,USD,2024-05-01,credit_card,succeeded,2024-05-01 00:00:00
pay_2889999,sub_521315,cust_765046,199,USD,2024-06-01,credit_card,succeeded,2024-06-01 00:00:00
pay_8305474,sub_521315,cust_765046,199,USD,2024-07-01,wire,succeeded,2024-07-01 00:00:00
pay_9380278,sub_521315,cust_765046,79,USD,2024-08-01,ach,succeeded,2024-08-01 00:00:00
pay_1141534,sub_521315,cust_765046,79,USD,2024-09-01,credit_card,succeeded,2024-09-01 00:00:00
pay_2841052,sub_521315,cust_765046,199,USD,2024-10-01,wire,succeeded,2024-10-01 00:00:00
pay_1981259,sub_203540,cust_449759,199,USD,2023-05-14,ach,succeeded,2023-05-14 00:00:00
pay_6127028,sub_203540,cust_449759,199,USD,2023-06-01,credit_card,succeeded,2023-06-01 00:00:00
pay_1016106,sub_203540,cust_449759,199,USD,2023-07-01,credit_card,succeeded,2023-07-01 00:00:00
pay_3980663,sub_203540,cust_449759,199,USD,2023-08-01,wire,succeeded,2023-08-01 00:00:00
pay_9352168,sub_203540,cust_449759,79,USD,2023-09-01,ach,succeeded,2023-09-01 00:00:00
pay_9060471,sub_203540,cust_449759,79,USD,2023-10-01,credit_card,succeeded,2023-10-01 00:00:00
pay_9737254,sub_203540,cust_449759,79,USD,2023-11-01,credit_card,succeeded,2023-11-01 00:00:00
pay_7504808,sub_203540,cust_449759,79,USD,2023-12-01,ach,succeeded,2023-12-01 00:00:00
pay_7699071,sub_203540,cust_449759,79,USD,2024-01-01,credit_card,succeeded,2024-01-01 00:00:00
pay_2992327,sub_203540,cust_449759,79,USD,2024-02-01,wire,succeeded,2024-02-01 00:00:00
pay_3169313,sub_203540,cust_449759,79,USD,2024-03-01,credit_card,succeeded,2024-03-01 00:00:00
pay_4024807,sub_203540,cust_449759,79,USD,2024-04-01,credit_card,succeeded,2024-04-01 00:00:00
pay_8316857,sub_203540,cust_449759,79,USD,2024-05-01,credit_card,succeeded,2024-05-01 00:00:00
pay_4243169,sub_203540,cust_449759,79,USD,2024-06-01,credit_card,succeeded,2024-06-01 00:00:00
pay_2073135,sub_203540,cust_449759,79,USD,2024-07-01,credit_card,failed,2024-07-01 00:00:00
pay_5243555,sub_203540,cust_449759,199,USD,2024-08-01,wire,succeeded,2024-08-01 00:00:00
pay_2891931,sub_203540,cust_449759,199,USD,2024-09-01,credit_card,succeeded,2024-09-01 00:00:00
pay_9574497,sub_203540,cust_449759,199,USD,2024-10-01,wire,succeeded,2024-10-01 00:00:00
pay_2877649,sub_203540,cust_449759,199,USD,2024-11-01,credit_card,succeeded,2024-11-01 00:00:00
pay_8491253,sub_203540,cust_449759,199,USD,2024-12-01,credit_card,succeeded,2024-12-01 00:00:00
pay_7815765,sub_750882,cust_934794,29,USD,2023-02-10,wire,succeeded,2023-02-10 00:00:00
pay_5658782,sub_750882,cust_934794,29,USD,2023-03-01,wire,succeeded,2023-03-01 00:00:00
pay_2619589,sub_363076,cust_348237,790,USD,2023-06-16,credit_card,succeeded,2023-06-16 00:00:00
pay_4341392,sub_363076,cust_348237,79,USD,2023-07-01,credit_card,succeeded,2023-07-01 00:00:00
pay_1333906,sub_363076,cust_348237,79,USD,2023-08-01,credit_card,succeeded,2023-08-01 00:00:00
pay_8247606,sub_363076,cust_348237,79,USD,2023-09-01,ach,succeeded,2023-09-01 00:00:00
pay_3820107,sub_363076,cust_348237,79,USD,2023-10-01,credit_card,succeeded,2023-10-01 00:00:00
pay_6835711,sub_363076,cust_348237,79,USD,2023-11-01,credit_card,succeeded,2023-11-01 00:00:00
pay_6648226,sub_363076,cust_348237,79,USD,2023-12-01,credit_card,succeeded,2023-12-01 00:00:00
pay_4163378,sub_363076,cust_348237,79,USD,2024-01-01,credit_card,succeeded,2024-01-01 00:00:00
pay_1778685,sub_363076,cust_348237,79,USD,2024-02-01,credit_card,failed,2024-02-01 00:00:00
pay_5532411,sub_363076,cust_348237,79,USD,2024-03-01,credit_card,succeeded,2024-03-01 00:00:00
pay_4941694,sub_363076,cust_348237,79,USD,2024-04-01,wire,succeeded,2024-04-01 00:00:00
pay_6960576,sub_363076,cust_348237,79,USD,2024-05-01,wire,succeeded,2024-05-01 00:00:00
pay_8011699,sub_363076,cust_348237,790,USD,2024-06-01,wire,succeeded,2024-06-01 00:00:00
pay_2047699,sub_363076,cust_348237,79,USD,2024-07-01,credit_card,succeeded,2024-07-01 00:00:00
pay_9958729,sub_363076,cust_348237,79,USD,2024-08-01,ach,succeeded,2024-08-01 00:00:00
pay_8673707,sub_363076,cust_348237,79,USD,2024-09-01,ach,succeeded,2024-09-01 00:00:00
pay_4810750,sub_363076,cust_348237,79,USD,2024-10-01,credit_card,succeeded,2024-10-01 00:00:00
pay_4469681,sub_363076,cust_348237,79,USD,2024-11-01,wire,succeeded,2024-11-01 00:00:00
pay_7465343,sub_363076,cust_348237,79,USD,2024-12-01,credit_card,succeeded,2024-12-01 00:00:00
pay_9114337,sub_815234,cust_379766,290,USD,2023-06-13,ach,succeeded,2023-06-13 00:00:00
pay_2397572,sub_815234,cust_379766,29,USD,2023-07-01,wire,succeeded,2023-07-01 00:00:00
pay_2913352,sub_815234,cust_379766,29,USD,2023-08-01,wire,succeeded,2023-08-01 00:00:00
pay_7752669,sub_815234,cust_379766,29,USD,2023-09-01,credit_card,succeeded,2023-09-01 00:00:00
pay_2757494,sub_815234,cust_379766,29,USD,2023-10-01,credit_card,succeeded,2023-10-01 00:00:00
pay_6112064,sub_815234,cust_379766,29,USD,2023-11-01,credit_card,succeeded,2023-11-01 00:00:00
pay_2247983,sub_815234,cust_379766,29,USD,2023-12-01,credit_card,failed,2023-12-01 00:00:00
pay_9486611,sub_815234,cust_379766,29,USD,2024-01-01,credit_card,succeeded,2024-01-01 00:00:00
pay_4785088,sub_815234,cust_379766,29,USD,2024-02-01,wire,succeeded,2024-02-01 00:00:00
pay_9524533,sub_815234,cust_379766,29,USD,2024-03-01,credit_card,succeeded,2024-03-01 00:00:00
pay_4134570,sub_815234,cust_379766,29,USD,2024-04-01,ach,succeeded,2024-04-01 00:00:00
pay_2062009,sub_102146,cust_338651,29,USD,2023-08-17,wire,succeeded,2023-08-17 00:00:00
pay_1331934,sub_102146,cust_338651,29,USD,2023-09-01,ach,succeeded,2023-09-01 00:00:00
pay_9091290,sub_102146,cust_338651,29,USD,2023-10-01,ach,succeeded,2023-10-01 00:00:00
pay_1728949,sub_102146,cust_338651,29,USD,2023-11-01,ach,succeeded,2023-11-01 00:00:00
pay_7211496,sub_102146,cust_338651,29,USD,2023-12-01,wire,succeeded,2023-12-01 00:00:00
pay_9768556,sub_102146,cust_338651,29,USD,2024-01-01,credit_card,succeeded,2024-01-01 00:00:00
pay_5469467,sub_102146,cust_338651,29,USD,2024-02-01,credit_card,succeeded,2024-02-01 00:00:00
pay_3138015,sub_102146,cust_338651,29,USD,2024-03-01,ach,succeeded,2024-03-01 00:00:00
pay_7874490,sub_102146,cust_338651,29,USD,2024-04-01,credit_card,succeeded,2024-04-01 00:00:00
pay_9441757,sub_102146,cust_338651,29,USD,2024-05-01,credit_card,succeeded,2024-05-01 00:00:00
pay_8029640,sub_102146,cust_338651,29,USD,2024-06-01,wire,succeeded,2024-06-01 00:00:00
pay_5143130,sub_102146,cust_338651,29,USD,2024-07-01,wire,succeeded,2024-07-01 00:00:00
pay_6871077,sub_102146,cust_338651,29,USD,2024-08-01,ach,succeeded,2024-08-01 00:00:00
pay_1279110,sub_102146,cust_338651,29,USD,2024-09-01,credit_card,succeeded,2024-09-01 00:00:00
pay_7322835,sub_102146,cust_338651,29,USD,2024-10-01,credit_card,succeeded,2024-10-01 00:00:00
pay_7698366,sub_102146,cust_338651,29,USD,2024-11-01,wire,succeeded,2024-11-01 00:00:00
pay_3865798,sub_102146,cust_338651,29,USD,2024-12-01,wire,succeeded,2024-12-01 00:00:00
pay_2580427,sub_505537,cust_984642,199,USD,2024-07-03,credit_card,succeeded,2024-07-03 00:00:00
pay_4424901,sub_505537,cust_984642,199,USD,2024-08-01,credit_card,succeeded,2024-08-01 00:00:00
pay_3726425,sub_505537,cust_984642,199,USD,2024-09-01,credit_card,succeeded,2024-09-01 00:00:00
pay_5577306,sub_505537,cust_984642,199,USD,2024-10-01,ach,succeeded,2024-10-01 00:00:00
pay_1151539,sub_505537,cust_984642,199,USD,2024-11-01,ach,succeeded,2024-11-01 00:00:00
pay_3290151,sub_505537,cust_984642,199,USD,2024-12-01,wire,succeeded,2024-12-01 00:00:00
pay_1377064,sub_696746,cust_863934,79,USD,2024-12-01,ach,succeeded,2024-12-01 00:00:00
pay_8972189,sub_278758,cust_645175,199,USD,2024-07-05,credit_card,succeeded,2024-07-05 00:00:00
pay_7912309,sub_278758,cust_645175,199,USD,2024-08-01,ach,succeeded,2024-08-01 00:00:00
pay_6108877,sub_278758,cust_645175,199,USD,2024-09-01,credit_card,succeeded,2024-09-01 00:00:00
pay_7649771,sub_278758,cust_645175,79,USD,2024-10-01,ach,succeeded,2024-10-01 00:00:00
pay_1064545,sub_278758,cust_645175,79,USD,2024-11-01,wire,failed,2024-11-01 00:00:00
pay_8671957,sub_278758,cust_645175,79,USD,2024-12-01,credit_card,succeeded,2024-12-01 00:00:00
pay_9355565,sub_813745,cust_753425,199,USD,2023-11-18,credit_card,succeeded,2023-11-18 00:00:00
pay_5768531,sub_813745,cust_753425,199,USD,2023-12-01,ach,succeeded,2023-12-01 00:00:00
pay_9540591,sub_813745,cust_753425,199,USD,2024-01-01,credit_card,succeeded,2024-01-01 00:00:00
pay_9456863,sub_813745,cust_753425,199,USD,2024-02-01,credit_card,succeeded,2024-02-01 00:00:00
pay_8751800,sub_813745,cust_753425,199,USD,2024-03-01,credit_card,succeeded,2024-03-01 00:00:00
pay_8689594,sub_813745,cust_753425,199,USD,2024-04-01,wire,succeeded,2024-04-01 00:00:00
pay_6760669,sub_813745,cust_753425,199,USD,2024-05-01,credit_card,succeeded,2024-05-01 00:00:00
pay_9999882,sub_813745,cust_753425,199,USD,2024-06-01,wire,succeeded,2024-06-01 00:00:00
pay_7389110,sub_813745,cust_753425,199,USD,2024-07-01,credit_card,succeeded,2024-07-01 00:00:00
pay_9954070,sub_813745,cust_753425,199,USD,2024-08-01,credit_card,succeeded,2024-08-01 00:00:00
pay_6302222,sub_813745,cust_753425,199,USD,2024-09-01,credit_card,succeeded,2024-09-01 00:00:00
pay_3796179,sub_813745,cust_753425,199,USD,2024-10-01,wire,succeeded,2024-10-01 00:00:00
pay_1166308,sub_813745,cust_753425,199,USD,2024-11-01,credit_card,succeeded,2024-11-01 00:00:00
pay_2984200,sub_813745,cust_753425,79,USD,2024-12-01,credit_card,succeeded,2024-12-01 00:00:00
pay_3341109,sub_686424,cust_974224,29,USD,2024-10-01,ach,succeeded,2024-10-01 00:00:00
pay_7714489,sub_686424,cust_974224,29,USD,2024-11-01,credit_card,succeeded,2024-11-01 00:00:00
pay_2026875,sub_686424,cust_974224,29,USD,2024-12-01,credit_card,succeeded,2024-12-01 00:00:00
pay_4005495,sub_933790,cust_636004,29,USD,2024-04-29,credit_card,succeeded,2024-04-29 00:00:00
pay_5238976,sub_933790,cust_636004,29,USD,2024-05-01,credit_card,succeeded,2024-05-01 00:00:00
pay_4715138,sub_933790,cust_636004,29,USD,2024-06-01,credit_card,succeeded,2024-06-01 00:00:00
pay_4186897,sub_933790,cust_636004,29,USD,2024-07-01,credit_card,succeeded,2024-07-01 00:00:00
pay_6119085,sub_933790,cust_636004,29,USD,2024-08-01,wire,succeeded,2024-08-01 00:00:00
pay_8947817,sub_933790,cust_636004,29,USD,2024-09-01,credit_card,succeeded,2024-09-01 00:00:00
pay_2778155,sub_933790,cust_636004,29,USD,2024-10-01,wire,succeeded,2024-10-01 00:00:00
pay_4968858,sub_933790,cust_636004,29,USD,2024-11-01,credit_card,succeeded,2024-11-01 00:00:00
pay_8500727,sub_933790,cust_636004,79,USD,2024-12-01,credit_card,succeeded,2024-12-01 00:00:00
pay_1792611,sub_701056,cust_346277,29,USD,2024-11-19,credit_card,succeeded,2024-11-19 00:00:00
pay_6786686,sub_701056,cust_346277,29,USD,2024-12-01,ach,succeeded,2024-12-01 00:00:00
pay_7766201,sub_472654,cust_534572,29,USD,2024-10-06,credit_card,succeeded,2024-10-06 00:00:00
pay_6970859,sub_472654,cust_534572,29,USD,2024-11-01,credit_card,succeeded,2024-11-01 00:00:00
pay_6996787,sub_472654,cust_534572,29,USD,2024-12-01,ach,failed,2024-12-01 00:00:00
pay_5379847,sub_638051,cust_907451,290,USD,2023-04-20,wire,succeeded,2023-04-20 00:00:00
pay_8353032,sub_638051,cust_907451,29,USD,2023-05-01,wire,succeeded,2023-05-01 00:00:00
pay_5935684,sub_638051,cust_907451,29,USD,2023-06-01,ach,succeeded,2023-06-01 00:00:00
pay_1868830,sub_638051,cust_907451,29,USD,2023-07-01,wire,succeeded,2023-07-01 00:00:00
pay_1327250,sub_638051,cust_907451,29,USD,2023-08-01,credit_card,succeeded,2023-08-01 00:00:00
pay_3717833,sub_638051,cust_907451,79,USD,2023-09-01,ach,succeeded,2023-09-01 00:00:00
pay_1585851,sub_638051,cust_907451,79,USD,2023-10-01,credit_card,succeeded,2023-10-01 00:00:00
pay_4423305,sub_638051,cust_907451,79,USD,2023-11-01,ach,succeeded,2023-11-01 00:00:00
pay_3061504,sub_638051,cust_907451,79,USD,2023-12-01,credit_card,succeeded,2023-12-01 00:00:00
pay_5959788,sub_686625,cust_578634,790,USD,2023-05-17,credit_card,succeeded,2023-05-17 00:00:00
pay_5228949,sub_686625,cust_578634,79,USD,2023-06-01,credit_card,succeeded,2023-06-01 00:00:00
pay_1725880,sub_686625,cust_578634,79,USD,2023-07-01,ach,succeeded,2023-07-01 00:00:00
pay_6753647,sub_686625,cust_578634,79,USD,2023-08-01,ach,succeeded,2023-08-01 00:00:00
pay_7725470,sub_686625,cust_578634,79,USD,2023-09-01,credit_card,succeeded,2023-09-01 00:00:00
pay_1647925,sub_686625,cust_578634,79,USD,2023-10-01,ach,succeeded,2023-10-01 00:00:00
pay_3114701,sub_686625,cust_578634,79,USD,2023-11-01,credit_card,succeeded,2023-11-01 00:00:00
pay_6774600,sub_686625,cust_578634,79,USD,2023-12-01,wire,succeeded,2023-12-01 00:00:00
pay_9014254,sub_686625,cust_578634,79,USD,2024-01-01,credit_card,succeeded,2024-01-01 00:00:00
pay_8138205,sub_686625,cust_578634,79,USD,2024-02-01,credit_card,succeeded,2024-02-01 00:00:00
pay_4033321,sub_686625,cust_578634,79,USD,2024-03-01,credit_card,succeeded,2024-03-01 00:00:00
pay_6566432,sub_686625,cust_578634,79,USD,2024-04-01,credit_card,succeeded,2024-04-01 00:00:00
pay_5947520,sub_686625,cust_578634,790,USD,2024-05-01,ach,succeeded,2024-05-01 00:00:00
pay_5338920,sub_686625,cust_578634,79,USD,2024-06-01,ach,succeeded,2024-06-01 00:00:00
pay_7522941,sub_686625,cust_578634,79,USD,2024-07-01,credit_card,succeeded,2024-07-01 00:00:00
pay_6464008,sub_686625,cust_578634,79,USD,2024-08-01,credit_card,succeeded,2024-08-01 00:00:00
pay_8332874,sub_686625,cust_578634,79,USD,2024-09-01,credit_card,succeeded,2024-09-01 00:00:00
pay_4888291,sub_686625,cust_578634,79,USD,2024-10-01,wire,succeeded,2024-10-01 00:00:00
pay_1102452,sub_686625,cust_578634,79,USD,2024-11-01,ach,succeeded,2024-11-01 00:00:00
pay_3301496,sub_686625,cust_578634,79,USD,2024-12-01,credit_card,succeeded,2024-12-01 00:00:00
pay_6833407,sub_444582,cust_547470,199,USD,2024-07-15,credit_card,succeeded,2024-07-15 00:00:00
pay_1945506,sub_444582,cust_547470,199,USD,2024-08-01,credit_card,succeeded,2024-08-01 00:00:00
pay_7616706,sub_444582,cust_547470,199,USD,2024-09-01,credit_card,succeeded,2024-09-01 00:00:00
pay_2533514,sub_444582,cust_547470,199,USD,2024-10-01,credit_card,succeeded,2024-10-01 00:00:00
pay_8923903,sub_444582,cust_547470,199,USD,2024-11-01,credit_card,succeeded,2024-11-01 00:00:00
pay_3402268,sub_444582,cust_547470,199,USD,2024-12-01,ach,succeeded,2024-12-01 00:00:00
pay_8140361,sub_480441,cust_258157,79,USD,2023-08-25,credit_card,succeeded,2023-08-25 00:00:00
pay_5133583,sub_480441,cust_258157,79,USD,2023-09-01,wire,succeeded,2023-09-01 00:00:00
pay_6385234,sub_480441,cust_258157,79,USD,2023-10-01,credit_card,succeeded,2023-10-01 00:00:00
pay_3868387,sub_480441,cust_258157,79,USD,2023-11-01,credit_card,succeeded,2023-11-01 00:00:00
pay_6121645,sub_480441,cust_258157,79,USD,2023-12-01,credit_card,succeeded,2023-12-01 00:00:00
pay_6809536,sub_480441,cust_258157,79,USD,2024-01-01,credit_card,succeeded,2024-01-01 00:00:00
pay_6245024,sub_480441,cust_258157,79,USD,2024-02-01,credit_card,succeeded,2024-02-01 00:00:00
pay_9428153,sub_480441,cust_258157,79,USD,2024-03-01,credit_card,succeeded,2024-03-01 00:00:00
pay_2409846,sub_397901,cust_973349,199,USD,2024-03-06,ach,succeeded,2024-03-06 00:00:00
pay_6636947,sub_397901,cust_973349,199,USD,2024-04-01,credit_card,succeeded,2024-04-01 00:00:00
pay_1791274,sub_397901,cust_973349,199,USD,2024-05-01,credit_card,succeeded,2024-05-01 00:00:00
pay_2556022,sub_397901,cust_973349,199,USD,2024-06-01,credit_card,succeeded,2024-06-01 00:00:00
pay_6154905,sub_397901,cust_973349,199,USD,2024-07-01,credit_card,succeeded,2024-07-01 00:00:00
pay_7142499,sub_397901,cust_973349,199,USD,2024-08-01,credit_card,succeeded,2024-08-01 00:00:00
pay_3368038,sub_397901,cust_973349,199,USD,2024-09-01,credit_card,succeeded,2024-09-01 00:00:00
pay_9873878,sub_397901,cust_973349,199,USD,2024-10-01,credit_card,succeeded,2024-10-01 00:00:00
pay_8738391,sub_397901,cust_973349,199,USD,2024-11-01,credit_card,succeeded,2024-11-01 00:00:00
pay_6037866,sub_397901,cust_973349,199,USD,2024-12-01,wire,succeeded,2024-12-01 00:00:00
pay_5361362,sub_419891,cust_413118,79,USD,2024-02-04,credit_card,succeeded,2024-02-04 00:00:00
pay_4408703,sub_419891,cust_413118,79,USD,2024-03-01,credit_card,succeeded,2024-03-01 00:00:00
pay_9192824,sub_419891,cust_413118,79,USD,2024-04-01,wire,succeeded,2024-04-01 00:00:00
pay_4728661,sub_419891,cust_413118,79,USD,2024-05-01,credit_card,succeeded,2024-05-01 00:00:00
pay_4653628,sub_419891,cust_413118,79,USD,2024-06-01,ach,succeeded,2024-06-01 00:00:00
pay_2151716,sub_419891,cust_413118,79,USD,2024-07-01,credit_card,succeeded,2024-07-01 00:00:00
pay_9743708,sub_419891,cust_413118,79,USD,2024-08-01,wire,succeeded,2024-08-01 00:00:00
pay_8165951,sub_419891,cust_413118,199,USD,2024-09-01,credit_card,succeeded,2024-09-01 00:00:00
pay_9489734,sub_419891,cust_413118,199,USD,2024-10-01,wire,succeeded,2024-10-01 00:00:00
pay_2146175,sub_419891,cust_413118,199,USD,2024-11-01,credit_card,succeeded,2024-11-01 00:00:00
pay_9051705,sub_419891,cust_413118,199,USD,2024-12-01,wire,succeeded,2024-12-01 00:00:00
pay_1161777,sub_728672,cust_130434,79,USD,2024-02-03,credit_card,succeeded,2024-02-03 00:00:00
pay_8294648,sub_728672,cust_130434,79,USD,2024-03-01,credit_card,succeeded,2024-03-01 00:00:00
pay_2050167,sub_728672,cust_130434,79,USD,2024-04-01,credit_card,succeeded,2024-04-01 00:00:00
pay_8468718,sub_728672,cust_130434,79,USD,2024-05-01,credit_card,succeeded,2024-05-01 00:00:00
pay_4568629,sub_728672,cust_130434,79,USD,2024-06-01,credit_card,succeeded,2024-06-01 00:00:00
pay_9097203,sub_728672,cust_130434,79,USD,2024-07-01,wire,succeeded,2024-07-01 00:00:00
pay_9587989,sub_728672,cust_130434,79,USD,2024-08-01,wire,succeeded,2024-08-01 00:00:00
pay_6976722,sub_728672,cust_130434,79,USD,2024-09-01,ach,succeeded,2024-09-01 00:00:00
pay_4153974,sub_728672,cust_130434,79,USD,2024-10-01,credit_card,succeeded,2024-10-01 00:00:00
pay_7400775,sub_728672,cust_130434,79,USD,2024-11-01,ach,succeeded,2024-11-01 00:00:00
pay_9039487,sub_728672,cust_130434,79,USD,2024-12-01,ach,succeeded,2024-12-01 00:00:00
pay_3727728,sub_712454,cust_513160,1990,USD,2024-08-29,wire,succeeded,2024-08-29 00:00:00
pay_2095626,sub_712454,cust_513160,199,USD,2024-09-01,credit_card,succeeded,2024-09-01 00:00:00
pay_7644679,sub_712454,cust_513160,199,USD,2024-10-01,credit_card,succeeded,2024-10-01 00:00:00
pay_5310948,sub_712454,cust_513160,199,USD,2024-11-01,ach,succeeded,2024-11-01 00:00:00
pay_8214397,sub_712454,cust_513160,199,USD,2024-12-01,credit_card,succeeded,2024-12-01 00:00:00
pay_6728665,sub_887803,cust_321941,290,USD,2024-04-10,credit_card,succeeded,2024-04-10 00:00:00
pay_1486424,sub_887803,cust_321941,29,USD,2024-05-01,credit_card,succeeded,2024-05-01 00:00:00
pay_9929941,sub_887803,cust_321941,29,USD,2024-06-01,wire,succeeded,2024-06-01 00:00:00
pay_9047872,sub_887803,cust_321941,29,USD,2024-07-01,credit_card,succeeded,2024-07-01 00:00:00
pay_9913595,sub_887803,cust_321941,29,USD,2024-08-01,credit_card,succeeded,2024-08-01 00:00:00
pay_6710639,sub_887803,cust_321941,29,USD,2024-09-01,credit_card,succeeded,2024-09-01 00:00:00
pay_2425801,sub_596771,cust_885408,199,USD,2024-07-06,wire,succeeded,2024-07-06 00:00:00
pay_9758834,sub_596771,cust_885408,199,USD,2024-08-01,credit_card,succeeded,2024-08-01 00:00:00
pay_3855502,sub_596771,cust_885408,199,USD,2024-09-01,credit_card,succeeded,2024-09-01 00:00:00
pay_9633551,sub_596771,cust_885408,199,USD,2024-10-01,wire,succeeded,2024-10-01 00:00:00
pay_8680964,sub_596771,cust_885408,199,USD,2024-11-01,wire,succeeded,2024-11-01 00:00:00
pay_3863813,sub_596771,cust_885408,199,USD,2024-12-01,wire,succeeded,2024-12-01 00:00:00
pay_7223260,sub_545668,cust_309044,290,USD,2023-01-21,ach,succeeded,2023-01-21 00:00:00
pay_6847354,sub_545668,cust_309044,29,USD,2023-02-01,wire,succeeded,2023-02-01 00:00:00
pay_9695844,sub_545668,cust_309044,29,USD,2023-03-01,credit_card,succeeded,2023-03-01 00:00:00
pay_1861378,sub_545668,cust_309044,29,USD,2023-04-01,credit_card,succeeded,2023-04-01 00:00:00
pay_8400553,sub_545668,cust_309044,29,USD,2023-05-01,wire,succeeded,2023-05-01 00:00:00
pay_2241156,sub_545668,cust_309044,79,USD,2023-06-01,credit_card,succeeded,2023-06-01 00:00:00
pay_4146255,sub_545668,cust_309044,79,USD,2023-07-01,wire,succeeded,2023-07-01 00:00:00
pay_8580838,sub_545668,cust_309044,79,USD,2023-08-01,credit_card,succeeded,2023-08-01 00:00:00
pay_6505715,sub_545668,cust_309044,79,USD,2023-09-01,wire,succeeded,2023-09-01 00:00:00
pay_5407242,sub_545668,cust_309044,79,USD,2023-10-01,credit_card,succeeded,2023-10-01 00:00:00
pay_5460657,sub_545668,cust_309044,79,USD,2023-11-01,credit_card,succeeded,2023-11-01 00:00:00
pay_3682273,sub_545668,cust_309044,79,USD,2023-12-01,wire,succeeded,2023-12-01 00:00:00
pay_9780692,sub_545668,cust_309044,790,USD,2024-01-01,credit_card,succeeded,2024-01-01 00:00:00
pay_4651356,sub_545668,cust_309044,79,USD,2024-02-01,credit_card,succeeded,2024-02-01 00:00:00
pay_9435206,sub_545668,cust_309044,79,USD,2024-03-01,credit_card,succeeded,2024-03-01 00:00:00
pay_9998897,sub_545668,cust_309044,79,USD,2024-04-01,credit_card,succeeded,2024-04-01 00:00:00
pay_5123196,sub_545668,cust_309044,79,USD,2024-05-01,wire,succeeded,2024-05-01 00:00:00
pay_9249090,sub_545668,cust_309044,79,USD,2024-06-01,wire,succeeded,2024-06-01 00:00:00
pay_6646529,sub_545668,cust_309044,79,USD,2024-07-01,wire,succeeded,2024-07-01 00:00:00
pay_1380237,sub_545668,cust_309044,79,USD,2024-08-01,wire,failed,2024-08-01 00:00:00
pay_3800519,sub_545668,cust_309044,29,USD,2024-09-01,credit_card,succeeded,2024-09-01 00:00:00
pay_1788429,sub_545668,cust_309044,29,USD,2024-10-01,credit_card,succeeded,2024-10-01 00:00:00
pay_8134099,sub_545668,cust_309044,29,USD,2024-11-01,ach,succeeded,2024-11-01 00:00:00
pay_4707951,sub_545668,cust_309044,29,USD,2024-12-01,credit_card,succeeded,2024-12-01 00:00:00
pay_6252627,sub_186422,cust_275939,199,USD,2024-09-12,wire,succeeded,2024-09-12 00:00:00
pay_1346743,sub_186422,cust_275939,199,USD,2024-10-01,ach,succeeded,2024-10-01 00:00:00
pay_1199459,sub_186422,cust_275939,199,USD,2024-11-01,credit_card,succeeded,2024-11-01 00:00:00
pay_7619682,sub_186422,cust_275939,199,USD,2024-12-01,credit_card,succeeded,2024-12-01 00:00:00
pay_3039067,sub_924047,cust_703766,29,USD,2024-11-24,credit_card,succeeded,2024-11-24 00:00:00
pay_2339161,sub_924047,cust_703766,29,USD,2024-12-01,credit_card,succeeded,2024-12-01 00:00:00
pay_9936187,sub_224348,cust_991597,199,USD,2024-12-01,credit_card,succeeded,2024-12-01 00:00:00
pay_8957610,sub_299903,cust_260422,290,USD,2024-03-21,credit_card,succeeded,2024-03-21 00:00:00
pay_6287324,sub_299903,cust_260422,29,USD,2024-04-01,credit_card,succeeded,2024-04-01 00:00:00
pay_8157024,sub_299903,cust_260422,29,USD,2024-05-01,credit_card,succeeded,2024-05-01 00:00:00
pay_9910694,sub_463470,cust_721254,1990,USD,2023-10-02,credit_card,succeeded,2023-10-02 00:00:00
pay_2695578,sub_463470,cust_721254,199,USD,2023-11-01,wire,succeeded,2023-11-01 00:00:00
pay_1716663,sub_463470,cust_721254,199,USD,2023-12-01,credit_card,succeeded,2023-12-01 00:00:00
pay_3275477,sub_463470,cust_721254,199,USD,2024-01-01,credit_card,succeeded,2024-01-01 00:00:00
pay_8734943,sub_463470,cust_721254,199,USD,2024-02-01,credit_card,succeeded,2024-02-01 00:00:00
pay_6758796,sub_463470,cust_721254,199,USD,2024-03-01,wire,succeeded,2024-03-01 00:00:00
pay_7360488,sub_463470,cust_721254,199,USD,2024-04-01,ach,succeeded,2024-04-01 00:00:00
pay_8379807,sub_463470,cust_721254,199,USD,2024-05-01,credit_card,succeeded,2024-05-01 00:00:00
pay_6849862,sub_463470,cust_721254,199,USD,2024-06-01,wire,succeeded,2024-06-01 00:00:00
pay_7726711,sub_463470,cust_721254,199,USD,2024-07-01,wire,succeeded,2024-07-01 00:00:00
pay_6926213,sub_463470,cust_721254,199,USD,2024-08-01,credit_card,succeeded,2024-08-01 00:00:00
pay_2012566,sub_463470,cust_721254,199,USD,2024-09-01,credit_card,succeeded,2024-09-01 00:00:00
pay_6398188,sub_463470,cust_721254,1990,USD,2024-10-01,ach,succeeded,2024-10-01 00:00:00
pay_5897248,sub_463470,cust_721254,199,USD,2024-11-01,ach,succeeded,2024-11-01 00:00:00
pay_2441971,sub_463470,cust_721254,199,USD,2024-12-01,credit_card,succeeded,2024-12-01 00:00:00
pay_7301078,sub_660453,cust_599219,79,USD,2024-10-23,credit_card,succeeded,2024-10-23 00:00:00
pay_4119511,sub_660453,cust_599219,79,USD,2024-11-01,credit_card,succeeded,2024-11-01 00:00:00
pay_2940958,sub_660453,cust_599219,79,USD,2024-12-01,credit_card,succeeded,2024-12-01 00:00:00
pay_5128861,sub_770043,cust_486945,790,USD,2024-04-29,ach,succeeded,2024-04-29 00:00:00
pay_1714496,sub_770043,cust_486945,79,USD,2024-05-01,credit_card,succeeded,2024-05-01 00:00:00
pay_5026266,sub_770043,cust_486945,79,USD,2024-06-01,ach,succeeded,2024-06-01 00:00:00
pay_8666109,sub_770043,cust_486945,199,USD,2024-07-01,credit_card,succeeded,2024-07-01 00:00:00
pay_8077035,sub_770043,cust_486945,199,USD,2024-08-01,ach,succeeded,2024-08-01 00:00:00
pay_6756521,sub_770043,cust_486945,199,USD,2024-09-01,credit_card,succeeded,2024-09-01 00:00:00
pay_9744956,sub_770043,cust_486945,199,USD,2024-10-01,credit_card,succeeded,2024-10-01 00:00:00
pay_5276301,sub_397604,cust_341736,29,USD,2023-05-04,credit_card,succeeded,2023-05-04 00:00:00
pay_7915713,sub_397604,cust_341736,29,USD,2023-06-01,credit_card,succeeded,2023-06-01 00:00:00
pay_2758975,sub_397604,cust_341736,29,USD,2023-07-01,wire,succeeded,2023-07-01 00:00:00
pay_8748174,sub_397604,cust_341736,29,USD,2023-08-01,credit_card,succeeded,2023-08-01 00:00:00
pay_4434928,sub_397604,cust_341736,29,USD,2023-09-01,credit_card,succeeded,2023-09-01 00:00:00
pay_6026673,sub_397604,cust_341736,29,USD,2023-10-01,ach,succeeded,2023-10-01 00:00:00
pay_1718965,sub_397604,cust_341736,29,USD,2023-11-01,credit_card,succeeded,2023-11-01 00:00:00
pay_1628699,sub_397604,cust_341736,29,USD,2023-12-01,credit_card,succeeded,2023-12-01 00:00:00
pay_1020508,sub_397604,cust_341736,29,USD,2024-01-01,credit_card,succeeded,2024-01-01 00:00:00
pay_4590210,sub_397604,cust_341736,79,USD,2024-02-01,credit_card,succeeded,2024-02-01 00:00:00
pay_9163900,sub_397604,cust_341736,79,USD,2024-03-01,ach,succeeded,2024-03-01 00:00:00
pay_3253530,sub_397604,cust_341736,79,USD,2024-04-01,wire,succeeded,2024-04-01 00:00:00
pay_5417392,sub_397604,cust_341736,79,USD,2024-05-01,credit_card,succeeded,2024-05-01 00:00:00
pay_8604904,sub_397604,cust_341736,79,USD,2024-06-01,credit_card,succeeded,2024-06-01 00:00:00
pay_4857362,sub_397604,cust_341736,79,USD,2024-07-01,wire,succeeded,2024-07-01 00:00:00
pay_4546948,sub_397604,cust_341736,79,USD,2024-08-01,credit_card,succeeded,2024-08-01 00:00:00
pay_1753357,sub_397604,cust_341736,199,USD,2024-09-01,ach,succeeded,2024-09-01 00:00:00
pay_5364219,sub_397604,cust_341736,199,USD,2024-10-01,wire,succeeded,2024-10-01 00:00:00
pay_1060293,sub_397604,cust_341736,199,USD,2024-11-01,wire,succeeded,2024-11-01 00:00:00
pay_9483505,sub_397604,cust_341736,199,USD,2024-12-01,wire,succeeded,2024-12-01 00:00:00
pay_5667750,sub_266494,cust_389930,79,USD,2024-08-26,wire,succeeded,2024-08-26 00:00:00
pay_5523513,sub_266494,cust_389930,79,USD,2024-09-01,credit_card,succeeded,2024-09-01 00:00:00
pay_6882175,sub_266494,cust_389930,79,USD,2024-10-01,credit_card,succeeded,2024-10-01 00:00:00
pay_4978372,sub_266494,cust_389930,79,USD,2024-11-01,credit_card,succeeded,2024-11-01 00:00:00
pay_8611395,sub_266494,cust_389930,79,USD,2024-12-01,credit_card,succeeded,2024-12-01 00:00:00
pay_3068393,sub_358830,cust_112861,79,USD,2024-08-10,ach,succeeded,2024-08-10 00:00:00
pay_4297494,sub_358830,cust_112861,79,USD,2024-09-01,credit_card,succeeded,2024-09-01 00:00:00
pay_8127267,sub_358830,cust_112861,79,USD,2024-10-01,wire,succeeded,2024-10-01 00:00:00
pay_3010214,sub_358830,cust_112861,79,USD,2024-11-01,credit_card,succeeded,2024-11-01 00:00:00
pay_5546442,sub_358830,cust_112861,79,USD,2024-12-01,credit_card,succeeded,2024-12-01 00:00:00
pay_4494099,sub_777693,cust_615633,1990,USD,2023-03-17,wire,succeeded,2023-03-17 00:00:00
pay_9769743,sub_777693,cust_615633,199,USD,2023-04-01,credit_card,succeeded,2023-04-01 00:00:00
pay_4448496,sub_777693,cust_615633,199,USD,2023-05-01,wire,succeeded,2023-05-01 00:00:00
pay_7025440,sub_777693,cust_615633,199,USD,2023-06-01,wire,succeeded,2023-06-01 00:00:00
pay_4926479,sub_777693,cust_615633,199,USD,2023-07-01,credit_card,succeeded,2023-07-01 00:00:00
pay_8967438,sub_777693,cust_615633,199,USD,2023-08-01,ach,succeeded,2023-08-01 00:00:00
pay_5212237,sub_777693,cust_615633,199,USD,2023-09-01,credit_card,failed,2023-09-01 00:00:00
pay_1141410,sub_777693,cust_615633,199,USD,2023-10-01,wire,succeeded,2023-10-01 00:00:00
pay_2891078,sub_777693,cust_615633,199,USD,2023-11-01,credit_card,failed,2023-11-01 00:00:00
pay_8031853,sub_777693,cust_615633,199,USD,2023-12-01,credit_card,succeeded,2023-12-01 00:00:00
pay_3142723,sub_777693,cust_615633,199,USD,2024-01-01,ach,succeeded,2024-01-01 00:00:00
pay_5437697,sub_777693,cust_615633,199,USD,2024-02-01,credit_card,succeeded,2024-02-01 00:00:00
pay_5395061,sub_777693,cust_615633,1990,USD,2024-03-01,credit_card,succeeded,2024-03-01 00:00:00
pay_3858597,sub_777693,cust_615633,199,USD,2024-04-01,credit_card,succeeded,2024-04-01 00:00:00
pay_1584689,sub_777693,cust_615633,199,USD,2024-05-01,credit_card,succeeded,2024-05-01 00:00:00
pay_3247316,sub_777693,cust_615633,199,USD,2024-06-01,credit_card,succeeded,2024-06-01 00:00:00
pay_5689206,sub_777693,cust_615633,199,USD,2024-07-01,credit_card,succeeded,2024-07-01 00:00:00
pay_9300492,sub_777693,cust_615633,199,USD,2024-08-01,wire,failed,2024-08-01 00:00:00
pay_5565271,sub_777693,cust_615633,199,USD,2024-09-01,credit_card,succeeded,2024-09-01 00:00:00
pay_3676989,sub_777693,cust_615633,199,USD,2024-10-01,credit_card,succeeded,2024-10-01 00:00:00
pay_5029854,sub_777693,cust_615633,199,USD,2024-11-01,wire,succeeded,2024-11-01 00:00:00
pay_1998197,sub_777693,cust_615633,199,USD,2024-12-01,wire,succeeded,2024-12-01 00:00:00
pay_6193662,sub_898868,cust_901577,79,USD,2024-03-02,credit_card,succeeded,2024-03-02 00:00:00
pay_3423349,sub_898868,cust_901577,79,USD,2024-04-01,credit_card,succeeded,2024-04-01 00:00:00
pay_8811741,sub_898868,cust_901577,79,USD,2024-05-01,credit_card,succeeded,2024-05-01 00:00:00
pay_8963631,sub_898868,cust_901577,79,USD,2024-06-01,credit_card,succeeded,2024-06-01 00:00:00
pay_5290929,sub_898868,cust_901577,79,USD,2024-07-01,wire,succeeded,2024-07-01 00:00:00
pay_4075804,sub_898868,cust_901577,79,USD,2024-08-01,credit_card,succeeded,2024-08-01 00:00:00
pay_9321648,sub_898868,cust_901577,79,USD,2024-09-01,credit_card,succeeded,2024-09-01 00:00:00
pay_4112545,sub_898868,cust_901577,79,USD,2024-10-01,credit_card,succeeded,2024-10-01 00:00:00
pay_4590071,sub_898868,cust_901577,79,USD,2024-11-01,credit_card,failed,2024-11-01 00:00:00
pay_2809964,sub_898868,cust_901577,79,USD,2024-12-01,wire,succeeded,2024-12-01 00:00:00
pay_1866001,sub_146803,cust_549660,199,USD,2023-11-09,credit_card,succeeded,2023-11-09 00:00:00
pay_7418491,sub_146803,cust_549660,199,USD,2023-12-01,wire,succeeded,2023-12-01 00:00:00
pay_7400214,sub_146803,cust_549660,199,USD,2024-01-01,credit_card,succeeded,2024-01-01 00:00:00
pay_1201313,sub_146803,cust_549660,199,USD,2024-02-01,credit_card,succeeded,2024-02-01 00:00:00
pay_8527111,sub_146803,cust_549660,199,USD,2024-03-01,credit_card,succeeded,2024-03-01 00:00:00
pay_3540849,sub_146803,cust_549660,199,USD,2024-04-01,credit_card,succeeded,2024-04-01 00:00:00
pay_6624077,sub_146803,cust_549660,199,USD,2024-05-01,credit_card,succeeded,2024-05-01 00:00:00
pay_7947521,sub_146803,cust_549660,199,USD,2024-06-01,credit_card,succeeded,2024-06-01 00:00:00
pay_7046357,sub_146803,cust_549660,79,USD,2024-07-01,credit_card,succeeded,2024-07-01 00:00:00
pay_1523067,sub_146803,cust_549660,79,USD,2024-08-01,credit_card,succeeded,2024-08-01 00:00:00
pay_8982533,sub_146803,cust_549660,79,USD,2024-09-01,wire,succeeded,2024-09-01 00:00:00
pay_2005500,sub_146803,cust_549660,79,USD,2024-10-01,credit_card,succeeded,2024-10-01 00:00:00
pay_3291121,sub_146803,cust_549660,79,USD,2024-11-01,credit_card,succeeded,2024-11-01 00:00:00
pay_1206766,sub_146803,cust_549660,79,USD,2024-12-01,credit_card,succeeded,2024-12-01 00:00:00
pay_4627030,sub_186558,cust_264686,29,USD,2023-09-03,wire,succeeded,2023-09-03 00:00:00
pay_4179392,sub_186558,cust_264686,29,USD,2023-10-01,credit_card,succeeded,2023-10-01 00:00:00
pay_3880063,sub_186558,cust_264686,29,USD,2023-11-01,credit_card,succeeded,2023-11-01 00:00:00
pay_4425804,sub_186558,cust_264686,79,USD,2023-12-01,wire,succeeded,2023-12-01 00:00:00
pay_1692168,sub_186558,cust_264686,79,USD,2024-01-01,wire,succeeded,2024-01-01 00:00:00
pay_2267862,sub_186558,cust_264686,29,USD,2024-02-01,ach,succeeded,2024-02-01 00:00:00
pay_4114486,sub_509593,cust_841296,199,USD,2023-10-17,credit_card,succeeded,2023-10-17 00:00:00
pay_5259497,sub_509593,cust_841296,199,USD,2023-11-01,credit_card,failed,2023-11-01 00:00:00
pay_5686341,sub_509593,cust_841296,199,USD,2023-12-01,ach,succeeded,2023-12-01 00:00:00
pay_9321129,sub_509593,cust_841296,199,USD,2024-01-01,credit_card,succeeded,2024-01-01 00:00:00
pay_2147606,sub_509593,cust_841296,199,USD,2024-02-01,ach,succeeded,2024-02-01 00:00:00
pay_8630079,sub_509593,cust_841296,199,USD,2024-03-01,credit_card,succeeded,2024-03-01 00:00:00
pay_7829372,sub_509593,cust_841296,199,USD,2024-04-01,credit_card,succeeded,2024-04-01 00:00:00
pay_3427658,sub_509593,cust_841296,199,USD,2024-05-01,credit_card,succeeded,2024-05-01 00:00:00
pay_5918001,sub_509593,cust_841296,199,USD,2024-06-01,credit_card,succeeded,2024-06-01 00:00:00
pay_3419688,sub_509593,cust_841296,79,USD,2024-07-01,credit_card,succeeded,2024-07-01 00:00:00
pay_1258314,sub_509593,cust_841296,79,USD,2024-08-01,credit_card,succeeded,2024-08-01 00:00:00
pay_4601629,sub_509593,cust_841296,79,USD,2024-09-01,wire,succeeded,2024-09-01 00:00:00
pay_2380465,sub_509593,cust_841296,79,USD,2024-10-01,credit_card,succeeded,2024-10-01 00:00:00
pay_1285508,sub_509593,cust_841296,79,USD,2024-11-01,wire,succeeded,2024-11-01 00:00:00
pay_8483940,sub_509593,cust_841296,79,USD,2024-12-01,ach,succeeded,2024-12-01 00:00:00
pay_7305341,sub_581061,cust_545790,79,USD,2024-09-01,wire,succeeded,2024-09-01 00:00:00
pay_4064049,sub_581061,cust_545790,79,USD,2024-10-01,ach,failed,2024-10-01 00:00:00
pay_6924408,sub_581061,cust_545790,79,USD,2024-11-01,credit_card,succeeded,2024-11-01 00:00:00
pay_3190265,sub_581061,cust_545790,79,USD,2024-12-01,ach,succeeded,2024-12-01 00:00:00
pay_8811785,sub_146073,cust_885339,29,USD,2024-08-05,wire,succeeded,2024-08-05 00:00:00
pay_1404438,sub_146073,cust_885339,29,USD,2024-09-01,credit_card,succeeded,2024-09-01 00:00:00
pay_6787240,sub_146073,cust_885339,29,USD,2024-10-01,credit_card,succeeded,2024-10-01 00:00:00
pay_6884702,sub_146073,cust_885339,29,USD,2024-11-01,credit_card,succeeded,2024-11-01 00:00:00
pay_3204748,sub_146073,cust_885339,29,USD,2024-12-01,credit_card,succeeded,2024-12-01 00:00:00
pay_2852877,sub_206759,cust_727086,790,USD,2023-02-10,credit_card,succeeded,2023-02-10 00:00:00
pay_2525364,sub_206759,cust_727086,79,USD,2023-03-01,credit_card,succeeded,2023-03-01 00:00:00
pay_7788118,sub_206759,cust_727086,79,USD,2023-04-01,credit_card,succeeded,2023-04-01 00:00:00
pay_9990249,sub_206759,cust_727086,79,USD,2023-05-01,ach,succeeded,2023-05-01 00:00:00
pay_8179975,sub_206759,cust_727086,79,USD,2023-06-01,wire,succeeded,2023-06-01 00:00:00
pay_3129057,sub_206759,cust_727086,79,USD,2023-07-01,credit_card,succeeded,2023-07-01 00:00:00
pay_1986289,sub_206759,cust_727086,79,USD,2023-08-01,credit_card,succeeded,2023-08-01 00:00:00
pay_5517001,sub_206759,cust_727086,79,USD,2023-09-01,credit_card,succeeded,2023-09-01 00:00:00
pay_1396539,sub_206759,cust_727086,79,USD,2023-10-01,wire,succeeded,2023-10-01 00:00:00
pay_8353822,sub_206759,cust_727086,79,USD,2023-11-01,wire,succeeded,2023-11-01 00:00:00
pay_2837700,sub_206759,cust_727086,79,USD,2023-12-01,wire,succeeded,2023-12-01 00:00:00
pay_5891832,sub_206759,cust_727086,79,USD,2024-01-01,wire,succeeded,2024-01-01 00:00:00
pay_3191599,sub_206759,cust_727086,790,USD,2024-02-01,credit_card,succeeded,2024-02-01 00:00:00
pay_1731689,sub_206759,cust_727086,79,USD,2024-03-01,credit_card,succeeded,2024-03-01 00:00:00
pay_9876598,sub_206759,cust_727086,199,USD,2024-04-01,credit_card,succeeded,2024-04-01 00:00:00
pay_3145093,sub_206759,cust_727086,199,USD,2024-05-01,credit_card,succeeded,2024-05-01 00:00:00
pay_4866497,sub_206759,cust_727086,199,USD,2024-06-01,credit_card,succeeded,2024-06-01 00:00:00
pay_9554056,sub_206759,cust_727086,199,USD,2024-07-01,ach,succeeded,2024-07-01 00:00:00
pay_1655531,sub_206759,cust_727086,199,USD,2024-08-01,wire,succeeded,2024-08-01 00:00:00
pay_4758120,sub_206759,cust_727086,199,USD,2024-09-01,wire,succeeded,2024-09-01 00:00:00
pay_7882323,sub_206759,cust_727086,199,USD,2024-10-01,credit_card,succeeded,2024-10-01 00:00:00
pay_4145588,sub_206759,cust_727086,199,USD,2024-11-01,credit_card,succeeded,2024-11-01 00:00:00
pay_1163214,sub_206759,cust_727086,199,USD,2024-12-01,credit_card,succeeded,2024-12-01 00:00:00
pay_3793401,sub_162833,cust_901909,79,USD,2024-11-19,credit_card,succeeded,2024-11-19 00:00:00
pay_9248819,sub_162833,cust_901909,79,USD,2024-12-01,credit_card,succeeded,2024-12-01 00:00:00
pay_7027711,sub_311824,cust_713762,199,USD,2024-03-22,credit_card,succeeded,2024-03-22 00:00:00
pay_4491964,sub_311824,cust_713762,199,USD,2024-04-01,credit_card,failed,2024-04-01 00:00:00
pay_1345966,sub_311824,cust_713762,199,USD,2024-05-01,credit_card,failed,2024-05-01 00:00:00
pay_7323389,sub_311824,cust_713762,199,USD,2024-06-01,credit_card,succeeded,2024-06-01 00:00:00
pay_7766353,sub_311824,cust_713762,199,USD,2024-07-01,ach,succeeded,2024-07-01 00:00:00
pay_2866127,sub_311824,cust_713762,199,USD,2024-08-01,wire,succeeded,2024-08-01 00:00:00
pay_9659693,sub_311824,cust_713762,199,USD,2024-09-01,wire,failed,2024-09-01 00:00:00
pay_2509635,sub_311824,cust_713762,79,USD,2024-10-01,credit_card,succeeded,2024-10-01 00:00:00
pay_7814800,sub_311824,cust_713762,79,USD,2024-11-01,credit_card,succeeded,2024-11-01 00:00:00
pay_2549296,sub_311824,cust_713762,79,USD,2024-12-01,ach,failed,2024-12-01 00:00:00
pay_3554635,sub_779525,cust_445824,790,USD,2024-02-26,credit_card,succeeded,2024-02-26 00:00:00
pay_9295865,sub_779525,cust_445824,79,USD,2024-03-01,credit_card,succeeded,2024-03-01 00:00:00
pay_9924347,sub_779525,cust_445824,79,USD,2024-04-01,wire,succeeded,2024-04-01 00:00:00
pay_1750435,sub_779525,cust_445824,79,USD,2024-05-01,ach,succeeded,2024-05-01 00:00:00
pay_6651210,sub_779525,cust_445824,79,USD,2024-06-01,credit_card,failed,2024-06-01 00:00:00
pay_2379095,sub_779525,cust_445824,79,USD,2024-07-01,wire,succeeded,2024-07-01 00:00:00
pay_5328743,sub_779525,cust_445824,79,USD,2024-08-01,ach,succeeded,2024-08-01 00:00:00
pay_1849970,sub_779525,cust_445824,79,USD,2024-09-01,credit_card,succeeded,2024-09-01 00:00:00
pay_9641104,sub_779525,cust_445824,79,USD,2024-10-01,credit_card,succeeded,2024-10-01 00:00:00
pay_5178217,sub_779525,cust_445824,79,USD,2024-11-01,ach,succeeded,2024-11-01 00:00:00
pay_2623716,sub_779525,cust_445824,79,USD,2024-12-01,credit_card,succeeded,2024-12-01 00:00:00
pay_2383817,sub_646802,cust_438977,199,USD,2023-04-29,credit_card,succeeded,2023-04-29 00:00:00
pay_2428797,sub_646802,cust_438977,199,USD,2023-05-01,credit_card,succeeded,2023-05-01 00:00:00
pay_7197168,sub_646802,cust_438977,79,USD,2023-06-01,credit_card,succeeded,2023-06-01 00:00:00
pay_3374338,sub_646802,cust_438977,79,USD,2023-07-01,wire,succeeded,2023-07-01 00:00:00
pay_6184930,sub_646802,cust_438977,79,USD,2023-08-01,credit_card,succeeded,2023-08-01 00:00:00
pay_4172782,sub_646802,cust_438977,79,USD,2023-09-01,credit_card,succeeded,2023-09-01 00:00:00
pay_1201969,sub_646802,cust_438977,79,USD,2023-10-01,credit_card,succeeded,2023-10-01 00:00:00
pay_6434843,sub_646802,cust_438977,199,USD,2023-11-01,credit_card,succeeded,2023-11-01 00:00:00
pay_7897378,sub_646802,cust_438977,199,USD,2023-12-01,credit_card,succeeded,2023-12-01 00:00:00
pay_7292493,sub_646802,cust_438977,199,USD,2024-01-01,wire,succeeded,2024-01-01 00:00:00
pay_5200727,sub_646802,cust_438977,199,USD,2024-02-01,credit_card,succeeded,2024-02-01 00:00:00
pay_5585854,sub_646802,cust_438977,199,USD,2024-03-01,ach,succeeded,2024-03-01 00:00:00
pay_3487555,sub_646802,cust_438977,199,USD,2024-04-01,credit_card,succeeded,2024-04-01 00:00:00
pay_3314386,sub_646802,cust_438977,199,USD,2024-05-01,credit_card,succeeded,2024-05-01 00:00:00
pay_1268971,sub_646802,cust_438977,199,USD,2024-06-01,credit_card,succeeded,2024-06-01 00:00:00
pay_2536829,sub_646802,cust_438977,199,USD,2024-07-01,wire,succeeded,2024-07-01 00:00:00
pay_3311443,sub_646802,cust_438977,199,USD,2024-08-01,credit_card,succeeded,2024-08-01 00:00:00
pay_5848379,sub_646802,cust_438977,199,USD,2024-09-01,credit_card,succeeded,2024-09-01 00:00:00
pay_7561267,sub_646802,cust_438977,199,USD,2024-10-01,credit_card,succeeded,2024-10-01 00:00:00
pay_6815832,sub_646802,cust_438977,199,USD,2024-11-01,wire,succeeded,2024-11-01 00:00:00
pay_9336274,sub_646802,cust_438977,199,USD,2024-12-01,credit_card,succeeded,2024-12-01 00:00:00
pay_3280748,sub_766478,cust_479353,79,USD,2024-09-29,ach,succeeded,2024-09-29 00:00:00
pay_7014816,sub_766478,cust_479353,79,USD,2024-10-01,credit_card,succeeded,2024-10-01 00:00:00
pay_3680486,sub_766478,cust_479353,79,USD,2024-11-01,credit_card,succeeded,2024-11-01 00:00:00
pay_8624134,sub_766478,cust_479353,79,USD,2024-12-01,credit_card,succeeded,2024-12-01 00:00:00
pay_2462804,sub_517589,cust_227324,199,USD,2023-01-30,credit_card,failed,2023-01-30 00:00:00
pay_3340240,sub_517589,cust_227324,199,USD,2023-02-01,wire,succeeded,2023-02-01 00:00:00
pay_2798230,sub_517589,cust_227324,199,USD,2023-03-01,wire,succeeded,2023-03-01 00:00:00
pay_8024165,sub_517589,cust_227324,199,USD,2023-04-01,credit_card,succeeded,2023-04-01 00:00:00
pay_6492256,sub_517589,cust_227324,199,USD,2023-05-01,credit_card,succeeded,2023-05-01 00:00:00
pay_5812790,sub_517589,cust_227324,199,USD,2023-06-01,ach,succeeded,2023-06-01 00:00:00
pay_1531957,sub_517589,cust_227324,199,USD,2023-07-01,credit_card,succeeded,2023-07-01 00:00:00
pay_3900663,sub_517589,cust_227324,199,USD,2023-08-01,credit_card,succeeded,2023-08-01 00:00:00
pay_8154988,sub_517589,cust_227324,199,USD,2023-09-01,ach,succeeded,2023-09-01 00:00:00
pay_2430308,sub_517589,cust_227324,199,USD,2023-10-01,credit_card,failed,2023-10-01 00:00:00
pay_9763941,sub_187275,cust_982277,1990,USD,2023-04-27,credit_card,succeeded,2023-04-27 00:00:00
pay_1497020,sub_187275,cust_982277,199,USD,2023-05-01,credit_card,succeeded,2023-05-01 00:00:00
pay_3949116,sub_187275,cust_982277,199,USD,2023-06-01,credit_card,succeeded,2023-06-01 00:00:00
pay_3133261,sub_187275,cust_982277,199,USD,2023-07-01,wire,succeeded,2023-07-01 00:00:00
pay_8167490,sub_187275,cust_982277,199,USD,2023-08-01,credit_card,succeeded,2023-08-01 00:00:00
pay_3098719,sub_187275,cust_982277,199,USD,2023-09-01,credit_card,succeeded,2023-09-01 00:00:00
pay_5437438,sub_187275,cust_982277,199,USD,2023-10-01,wire,succeeded,2023-10-01 00:00:00
pay_1193413,sub_187275,cust_982277,199,USD,2023-11-01,ach,succeeded,2023-11-01 00:00:00
pay_8301883,sub_187275,cust_982277,199,USD,2023-12-01,credit_card,succeeded,2023-12-01 00:00:00
pay_5337729,sub_187275,cust_982277,199,USD,2024-01-01,credit_card,succeeded,2024-01-01 00:00:00
pay_1771810,sub_187275,cust_982277,199,USD,2024-02-01,credit_card,succeeded,2024-02-01 00:00:00
pay_3421397,sub_187275,cust_982277,199,USD,2024-03-01,ach,succeeded,2024-03-01 00:00:00
pay_4670234,sub_187275,cust_982277,790,USD,2024-04-01,credit_card,succeeded,2024-04-01 00:00:00
pay_1422000,sub_187275,cust_982277,79,USD,2024-05-01,credit_card,succeeded,2024-05-01 00:00:00
pay_6585073,sub_187275,cust_982277,79,USD,2024-06-01,credit_card,succeeded,2024-06-01 00:00:00
pay_9375531,sub_187275,cust_982277,79,USD,2024-07-01,credit_card,failed,2024-07-01 00:00:00
pay_6186301,sub_492437,cust_975271,29,USD,2024-05-09,ach,succeeded,2024-05-09 00:00:00
pay_5353234,sub_492437,cust_975271,29,USD,2024-06-01,credit_card,succeeded,2024-06-01 00:00:00
pay_8077565,sub_492437,cust_975271,29,USD,2024-07-01,credit_card,succeeded,2024-07-01 00:00:00
pay_7875845,sub_492437,cust_975271,29,USD,2024-08-01,wire,succeeded,2024-08-01 00:00:00
pay_6332643,sub_492437,cust_975271,29,USD,2024-09-01,credit_card,succeeded,2024-09-01 00:00:00
pay_3117579,sub_492437,cust_975271,29,USD,2024-10-01,ach,succeeded,2024-10-01 00:00:00
pay_4074808,sub_492437,cust_975271,29,USD,2024-11-01,ach,succeeded,2024-11-01 00:00:00
pay_1063641,sub_492437,cust_975271,29,USD,2024-12-01,wire,succeeded,2024-12-01 00:00:00
pay_8018002,sub_528644,cust_173201,290,USD,2023-10-10,ach,succeeded,2023-10-10 00:00:00
pay_7714063,sub_528644,cust_173201,29,USD,2023-11-01,credit_card,succeeded,2023-11-01 00:00:00
pay_5631550,sub_528644,cust_173201,29,USD,2023-12-01,credit_card,succeeded,2023-12-01 00:00:00
pay_8414351,sub_528644,cust_173201,29,USD,2024-01-01,ach,succeeded,2024-01-01 00:00:00
pay_8415493,sub_528644,cust_173201,29,USD,2024-02-01,wire,succeeded,2024-02-01 00:00:00
pay_5522508,sub_528644,cust_173201,29,USD,2024-03-01,wire,succeeded,2024-03-01 00:00:00
pay_8836327,sub_528644,cust_173201,29,USD,2024-04-01,credit_card,succeeded,2024-04-01 00:00:00
pay_2008134,sub_528644,cust_173201,29,USD,2024-05-01,credit_card,succeeded,2024-05-01 00:00:00
pay_1612358,sub_528644,cust_173201,29,USD,2024-06-01,ach,succeeded,2024-06-01 00:00:00
pay_2826251,sub_528644,cust_173201,29,USD,2024-07-01,wire,succeeded,2024-07-01 00:00:00
pay_9109646,sub_528644,cust_173201,29,USD,2024-08-01,credit_card,succeeded,2024-08-01 00:00:00
pay_3106447,sub_528644,cust_173201,29,USD,2024-09-01,credit_card,succeeded,2024-09-01 00:00:00
pay_5561309,sub_528644,cust_173201,290,USD,2024-10-01,credit_card,succeeded,2024-10-01 00:00:00
pay_6154607,sub_528644,cust_173201,29,USD,2024-11-01,ach,succeeded,2024-11-01 00:00:00
pay_7348560,sub_528644,cust_173201,29,USD,2024-12-01,wire,succeeded,2024-12-01 00:00:00
pay_2853259,sub_544638,cust_791998,290,USD,2024-05-16,credit_card,succeeded,2024-05-16 00:00:00
pay_8261575,sub_544638,cust_791998,29,USD,2024-06-01,credit_card,succeeded,2024-06-01 00:00:00
pay_6977392,sub_544638,cust_791998,29,USD,2024-07-01,credit_card,succeeded,2024-07-01 00:00:00
pay_3886814,sub_544638,cust_791998,29,USD,2024-08-01,credit_card,succeeded,2024-08-01 00:00:00
pay_5637428,sub_809283,cust_297816,79,USD,2023-09-02,credit_card,succeeded,2023-09-02 00:00:00
pay_2475412,sub_809283,cust_297816,79,USD,2023-10-01,credit_card,succeeded,2023-10-01 00:00:00
pay_9272134,sub_809283,cust_297816,79,USD,2023-11-01,credit_card,succeeded,2023-11-01 00:00:00
pay_2347342,sub_809283,cust_297816,79,USD,2023-12-01,wire,succeeded,2023-12-01 00:00:00
pay_5178829,sub_809283,cust_297816,79,USD,2024-01-01,credit_card,succeeded,2024-01-01 00:00:00
pay_8198004,sub_503017,cust_504832,199,USD,2024-11-10,credit_card,succeeded,2024-11-10 00:00:00
pay_6660014,sub_503017,cust_504832,199,USD,2024-12-01,wire,succeeded,2024-12-01 00:00:00
pay_9396036,sub_970055,cust_561694,199,USD,2023-04-13,wire,succeeded,2023-04-13 00:00:00
pay_2086708,sub_970055,cust_561694,199,USD,2023-05-01,wire,succeeded,2023-05-01 00:00:00
pay_8042663,sub_970055,cust_561694,199,USD,2023-06-01,wire,succeeded,2023-06-01 00:00:00
pay_7797319,sub_970055,cust_561694,199,USD,2023-07-01,ach,failed,2023-07-01 00:00:00
pay_1306797,sub_970055,cust_561694,199,USD,2023-08-01,credit_card,succeeded,2023-08-01 00:00:00
pay_2690413,sub_970055,cust_561694,199,USD,2023-09-01,credit_card,succeeded,2023-09-01 00:00:00
pay_3701095,sub_970055,cust_561694,199,USD,2023-10-01,credit_card,succeeded,2023-10-01 00:00:00
pay_5680271,sub_970055,cust_561694,199,USD,2023-11-01,credit_card,succeeded,2023-11-01 00:00:00
pay_4128751,sub_970055,cust_561694,199,USD,2023-12-01,credit_card,succeeded,2023-12-01 00:00:00
pay_2987493,sub_970055,cust_561694,199,USD,2024-01-01,ach,succeeded,2024-01-01 00:00:00
pay_9856567,sub_970055,cust_561694,79,USD,2024-02-01,ach,succeeded,2024-02-01 00:00:00
pay_5021791,sub_970055,cust_561694,79,USD,2024-03-01,ach,failed,2024-03-01 00:00:00
pay_9476460,sub_970055,cust_561694,79,USD,2024-04-01,ach,succeeded,2024-04-01 00:00:00
pay_1980698,sub_970055,cust_561694,79,USD,2024-05-01,credit_card,succeeded,2024-05-01 00:00:00
pay_4383032,sub_970055,cust_561694,79,USD,2024-06-01,credit_card,succeeded,2024-06-01 00:00:00
pay_1830449,sub_970055,cust_561694,79,USD,2024-07-01,credit_card,succeeded,2024-07-01 00:00:00
pay_5630888,sub_970055,cust_561694,79,USD,2024-08-01,credit_card,succeeded,2024-08-01 00:00:00
pay_4520809,sub_970055,cust_561694,79,USD,2024-09-01,credit_card,succeeded,2024-09-01 00:00:00
pay_8966558,sub_970055,cust_561694,79,USD,2024-10-01,credit_card,succeeded,2024-10-01 00:00:00
pay_9327907,sub_538136,cust_377896,199,USD,2023-12-13,credit_card,succeeded,2023-12-13 00:00:00
pay_8828832,sub_538136,cust_377896,199,USD,2024-01-01,wire,succeeded,2024-01-01 00:00:00
pay_2760974,sub_538136,cust_377896,199,USD,2024-02-01,ach,succeeded,2024-02-01 00:00:00
pay_3610334,sub_538136,cust_377896,199,USD,2024-03-01,credit_card,succeeded,2024-03-01 00:00:00
pay_1854439,sub_538136,cust_377896,199,USD,2024-04-01,wire,succeeded,2024-04-01 00:00:00
pay_5779750,sub_538136,cust_377896,199,USD,2024-05-01,ach,succeeded,2024-05-01 00:00:00
pay_6513945,sub_538136,cust_377896,199,USD,2024-06-01,credit_card,succeeded,2024-06-01 00:00:00
pay_3021324,sub_538136,cust_377896,199,USD,2024-07-01,credit_card,succeeded,2024-07-01 00:00:00
pay_8340862,sub_538136,cust_377896,199,USD,2024-08-01,credit_card,succeeded,2024-08-01 00:00:00
pay_9893755,sub_538136,cust_377896,199,USD,2024-09-01,credit_card,succeeded,2024-09-01 00:00:00
pay_1379732,sub_538136,cust_377896,199,USD,2024-10-01,ach,succeeded,2024-10-01 00:00:00
pay_9866499,sub_538136,cust_377896,199,USD,2024-11-01,ach,succeeded,2024-11-01 00:00:00
pay_1058101,sub_538136,cust_377896,199,USD,2024-12-01,ach,succeeded,2024-12-01 00:00:00
pay_8851435,sub_390206,cust_203225,199,USD,2024-10-10,wire,succeeded,2024-10-10 00:00:00
pay_4803354,sub_390206,cust_203225,199,USD,2024-11-01,ach,succeeded,2024-11-01 00:00:00
pay_7970962,sub_390206,cust_203225,199,USD,2024-12-01,credit_card,succeeded,2024-12-01 00:00:00
pay_9589694,sub_109968,cust_475876,29,USD,2024-01-19,credit_card,succeeded,2024-01-19 00:00:00
pay_8884983,sub_109968,cust_475876,29,USD,2024-02-01,credit_card,succeeded,2024-02-01 00:00:00
pay_4402463,sub_109968,cust_475876,79,USD,2024-03-01,wire,succeeded,2024-03-01 00:00:00
pay_7445760,sub_109968,cust_475876,79,USD,2024-04-01,credit_card,succeeded,2024-04-01 00:00:00
pay_3023574,sub_109968,cust_475876,79,USD,2024-05-01,wire,succeeded,2024-05-01 00:00:00
pay_6684926,sub_109968,cust_475876,79,USD,2024-06-01,credit_card,succeeded,2024-06-01 00:00:00
pay_8033433,sub_109968,cust_475876,79,USD,2024-07-01,wire,succeeded,2024-07-01 00:00:00
pay_1117006,sub_109968,cust_475876,79,USD,2024-08-01,credit_card,succeeded,2024-08-01 00:00:00
pay_1250389,sub_109968,cust_475876,79,USD,2024-09-01,wire,succeeded,2024-09-01 00:00:00
pay_6903868,sub_109968,cust_475876,79,USD,2024-10-01,ach,succeeded,2024-10-01 00:00:00
pay_9397018,sub_109968,cust_475876,79,USD,2024-11-01,credit_card,succeeded,2024-11-01 00:00:00
pay_5309952,sub_109968,cust_475876,79,USD,2024-12-01,credit_card,failed,2024-12-01 00:00:00
pay_3264143,sub_478756,cust_501126,79,USD,2024-09-26,credit_card,succeeded,2024-09-26 00:00:00
pay_4124302,sub_478756,cust_501126,79,USD,2024-10-01,credit_card,succeeded,2024-10-01 00:00:00
pay_3039130,sub_478756,cust_501126,79,USD,2024-11-01,ach,succeeded,2024-11-01 00:00:00
pay_7450030,sub_478756,cust_501126,79,USD,2024-12-01,wire,succeeded,2024-12-01 00:00:00
pay_7416055,sub_945435,cust_943718,79,USD,2024-04-21,wire,succeeded,2024-04-21 00:00:00
pay_8648613,sub_945435,cust_943718,79,USD,2024-05-01,credit_card,succeeded,2024-05-01 00:00:00
pay_8921527,sub_945435,cust_943718,79,USD,2024-06-01,credit_card,succeeded,2024-06-01 00:00:00
pay_8423649,sub_945435,cust_943718,79,USD,2024-07-01,credit_card,succeeded,2024-07-01 00:00:00
pay_2986324,sub_945435,cust_943718,79,USD,2024-08-01,credit_card,succeeded,2024-08-01 00:00:00
pay_7118266,sub_393042,cust_362246,290,USD,2024-04-12,credit_card,succeeded,2024-04-12 00:00:00
pay_1921383,sub_393042,cust_362246,29,USD,2024-05-01,credit_card,succeeded,2024-05-01 00:00:00
pay_6002828,sub_393042,cust_362246,29,USD,2024-06-01,credit_card,succeeded,2024-06-01 00:00:00
pay_1074018,sub_393042,cust_362246,29,USD,2024-07-01,ach,succeeded,2024-07-01 00:00:00
pay_4650480,sub_393042,cust_362246,29,USD,2024-08-01,credit_card,succeeded,2024-08-01 00:00:00
pay_9769144,sub_393042,cust_362246,29,USD,2024-09-01,credit_card,succeeded,2024-09-01 00:00:00
pay_3626317,sub_393042,cust_362246,29,USD,2024-10-01,credit_card,succeeded,2024-10-01 00:00:00
pay_2887541,sub_393042,cust_362246,29,USD,2024-11-01,wire,succeeded,2024-11-01 00:00:00
pay_4726746,sub_147976,cust_833247,1990,USD,2023-10-30,wire,succeeded,2023-10-30 00:00:00
pay_5912954,sub_147976,cust_833247,199,USD,2023-11-01,wire,succeeded,2023-11-01 00:00:00
pay_1395692,sub_147976,cust_833247,199,USD,2023-12-01,credit_card,succeeded,2023-12-01 00:00:00
pay_2797459,sub_147976,cust_833247,199,USD,2024-01-01,ach,succeeded,2024-01-01 00:00:00
pay_2251483,sub_147976,cust_833247,199,USD,2024-02-01,credit_card,succeeded,2024-02-01 00:00:00
pay_4835827,sub_147976,cust_833247,199,USD,2024-03-01,credit_card,succeeded,2024-03-01 00:00:00
pay_7179064,sub_147976,cust_833247,199,USD,2024-04-01,credit_card,succeeded,2024-04-01 00:00:00
pay_7119127,sub_147976,cust_833247,199,USD,2024-05-01,wire,succeeded,2024-05-01 00:00:00
pay_5878842,sub_147976,cust_833247,199,USD,2024-06-01,ach,succeeded,2024-06-01 00:00:00
pay_5111559,sub_147976,cust_833247,199,USD,2024-07-01,credit_card,succeeded,2024-07-01 00:00:00
pay_6536394,sub_147976,cust_833247,199,USD,2024-08-01,credit_card,succeeded,2024-08-01 00:00:00
pay_2521948,sub_147976,cust_833247,199,USD,2024-09-01,credit_card,succeeded,2024-09-01 00:00:00
pay_1286487,sub_147976,cust_833247,1990,USD,2024-10-01,credit_card,failed,2024-10-01 00:00:00
pay_5632814,sub_147976,cust_833247,199,USD,2024-11-01,ach,succeeded,2024-11-01 00:00:00
pay_3608321,sub_147976,cust_833247,199,USD,2024-12-01,ach,succeeded,2024-12-01 00:00:00
pay_8121698,sub_645316,cust_881369,790,USD,2024-05-23,credit_card,succeeded,2024-05-23 00:00:00
pay_5140313,sub_645316,cust_881369,79,USD,2024-06-01,wire,succeeded,2024-06-01 00:00:00
pay_2865074,sub_645316,cust_881369,199,USD,2024-07-01,credit_card,succeeded,2024-07-01 00:00:00
pay_2281108,sub_645316,cust_881369,199,USD,2024-08-01,ach,succeeded,2024-08-01 00:00:00
pay_6528357,sub_645316,cust_881369,199,USD,2024-09-01,credit_card,succeeded,2024-09-01 00:00:00
pay_7243070,sub_645316,cust_881369,199,USD,2024-10-01,wire,succeeded,2024-10-01 00:00:00
pay_2651924,sub_645316,cust_881369,199,USD,2024-11-01,credit_card,succeeded,2024-11-01 00:00:00
pay_3596517,sub_645316,cust_881369,79,USD,2024-12-01,ach,succeeded,2024-12-01 00:00:00
pay_1765283,sub_355177,cust_855948,199,USD,2024-11-06,wire,succeeded,2024-11-06 00:00:00
pay_4809816,sub_355177,cust_855948,199,USD,2024-12-01,ach,succeeded,2024-12-01 00:00:00
pay_5959945,sub_268018,cust_482584,790,USD,2023-05-15,credit_card,failed,2023-05-15 00:00:00
pay_7204411,sub_268018,cust_482584,79,USD,2023-06-01,credit_card,succeeded,2023-06-01 00:00:00
pay_8760737,sub_268018,cust_482584,79,USD,2023-07-01,ach,succeeded,2023-07-01 00:00:00
pay_7007972,sub_268018,cust_482584,79,USD,2023-08-01,credit_card,succeeded,2023-08-01 00:00:00
pay_1458294,sub_268018,cust_482584,79,USD,2023-09-01,ach,succeeded,2023-09-01 00:00:00
pay_9389283,sub_268018,cust_482584,79,USD,2023-10-01,ach,succeeded,2023-10-01 00:00:00
pay_7447049,sub_268018,cust_482584,79,USD,2023-11-01,credit_card,succeeded,2023-11-01 00:00:00
pay_9064545,sub_268018,cust_482584,79,USD,2023-12-01,wire,succeeded,2023-12-01 00:00:00
pay_4856748,sub_268018,cust_482584,79,USD,2024-01-01,ach,succeeded,2024-01-01 00:00:00
pay_2026789,sub_268018,cust_482584,79,USD,2024-02-01,credit_card,succeeded,2024-02-01 00:00:00
pay_6335996,sub_268018,cust_482584,79,USD,2024-03-01,credit_card,succeeded,2024-03-01 00:00:00
pay_9893204,sub_268018,cust_482584,79,USD,2024-04-01,credit_card,succeeded,2024-04-01 00:00:00
pay_8420570,sub_268018,cust_482584,1990,USD,2024-05-01,credit_card,succeeded,2024-05-01 00:00:00
pay_6061922,sub_268018,cust_482584,199,USD,2024-06-01,wire,succeeded,2024-06-01 00:00:00
pay_8701056,sub_268018,cust_482584,199,USD,2024-07-01,credit_card,succeeded,2024-07-01 00:00:00
pay_3717869,sub_268018,cust_482584,199,USD,2024-08-01,wire,succeeded,2024-08-01 00:00:00
pay_5354696,sub_268018,cust_482584,199,USD,2024-09-01,ach,succeeded,2024-09-01 00:00:00
pay_7758309,sub_268018,cust_482584,199,USD,2024-10-01,credit_card,succeeded,2024-10-01 00:00:00
pay_4119496,sub_268018,cust_482584,199,USD,2024-11-01,wire,succeeded,2024-11-01 00:00:00
pay_6037482,sub_268018,cust_482584,199,USD,2024-12-01,credit_card,succeeded,2024-12-01 00:00:00
pay_8190895,sub_947718,cust_626169,29,USD,2024-01-01,credit_card,succeeded,2024-01-01 00:00:00
pay_8471222,sub_947718,cust_626169,29,USD,2024-02-01,ach,succeeded,2024-02-01 00:00:00
pay_3412846,sub_947718,cust_626169,29,USD,2024-03-01,ach,succeeded,2024-03-01 00:00:00
pay_4464951,sub_947718,cust_626169,29,USD,2024-04-01,credit_card,succeeded,2024-04-01 00:00:00
pay_7725763,sub_947718,cust_626169,29,USD,2024-05-01,ach,succeeded,2024-05-01 00:00:00
pay_3321348,sub_947718,cust_626169,29,USD,2024-06-01,credit_card,succeeded,2024-06-01 00:00:00
pay_4655555,sub_947718,cust_626169,29,USD,2024-07-01,wire,succeeded,2024-07-01 00:00:00
pay_9454872,sub_947718,cust_626169,29,USD,2024-08-01,ach,succeeded,2024-08-01 00:00:00
pay_7818880,sub_947718,cust_626169,29,USD,2024-09-01,credit_card,succeeded,2024-09-01 00:00:00
pay_9674029,sub_947718,cust_626169,29,USD,2024-10-01,wire,succeeded,2024-10-01 00:00:00
pay_4921774,sub_947718,cust_626169,29,USD,2024-11-01,credit_card,succeeded,2024-11-01 00:00:00
pay_6613805,sub_947718,cust_626169,29,USD,2024-12-01,credit_card,succeeded,2024-12-01 00:00:00
pay_5357181,sub_936258,cust_591081,29,USD,2023-03-19,credit_card,succeeded,2023-03-19 00:00:00
pay_1426130,sub_936258,cust_591081,29,USD,2023-04-01,wire,succeeded,2023-04-01 00:00:00
pay_3429177,sub_936258,cust_591081,29,USD,2023-05-01,ach,succeeded,2023-05-01 00:00:00
pay_8014890,sub_936258,cust_591081,79,USD,2023-06-01,credit_card,succeeded,2023-06-01 00:00:00
pay_6492388,sub_936258,cust_591081,79,USD,2023-07-01,wire,succeeded,2023-07-01 00:00:00
pay_8198504,sub_936258,cust_591081,79,USD,2023-08-01,credit_card,succeeded,2023-08-01 00:00:00
pay_6272585,sub_936258,cust_591081,79,USD,2023-09-01,credit_card,succeeded,2023-09-01 00:00:00
pay_6396710,sub_936258,cust_591081,79,USD,2023-10-01,ach,succeeded,2023-10-01 00:00:00
pay_8947199,sub_936258,cust_591081,79,USD,2023-11-01,wire,succeeded,2023-11-01 00:00:00
pay_8774115,sub_936258,cust_591081,79,USD,2023-12-01,ach,succeeded,2023-12-01 00:00:00
pay_6775756,sub_936258,cust_591081,79,USD,2024-01-01,credit_card,succeeded,2024-01-01 00:00:00
pay_2291416,sub_936258,cust_591081,79,USD,2024-02-01,wire,succeeded,2024-02-01 00:00:00
pay_1463407,sub_936258,cust_591081,79,USD,2024-03-01,credit_card,succeeded,2024-03-01 00:00:00
pay_9841068,sub_936258,cust_591081,79,USD,2024-04-01,credit_card,succeeded,2024-04-01 00:00:00
pay_4035462,sub_936258,cust_591081,79,USD,2024-05-01,ach,succeeded,2024-05-01 00:00:00
pay_7751842,sub_936258,cust_591081,79,USD,2024-06-01,credit_card,succeeded,2024-06-01 00:00:00
pay_4460167,sub_936258,cust_591081,79,USD,2024-07-01,credit_card,succeeded,2024-07-01 00:00:00
pay_3953859,sub_936258,cust_591081,79,USD,2024-08-01,credit_card,succeeded,2024-08-01 00:00:00
pay_3470026,sub_936258,cust_591081,79,USD,2024-09-01,ach,succeeded,2024-09-01 00:00:00
pay_2258480,sub_936258,cust_591081,79,USD,2024-10-01,ach,succeeded,2024-10-01 00:00:00
pay_9222442,sub_936258,cust_591081,79,USD,2024-11-01,ach,succeeded,2024-11-01 00:00:00
pay_9251367,sub_936258,cust_591081,79,USD,2024-12-01,credit_card,succeeded,2024-12-01 00:00:00
pay_1959760,sub_161669,cust_114594,290,USD,2023-09-28,credit_card,succeeded,2023-09-28 00:00:00
pay_7240267,sub_161669,cust_114594,29,USD,2023-10-01,credit_card,succeeded,2023-10-01 00:00:00
pay_7780483,sub_161669,cust_114594,29,USD,2023-11-01,wire,succeeded,2023-11-01 00:00:00
pay_1543278,sub_161669,cust_114594,29,USD,2023-12-01,credit_card,succeeded,2023-12-01 00:00:00
pay_2737538,sub_161669,cust_114594,29,USD,2024-01-01,ach,succeeded,2024-01-01 00:00:00
pay_1131929,sub_161669,cust_114594,29,USD,2024-02-01,credit_card,succeeded,2024-02-01 00:00:00
pay_4005993,sub_161669,cust_114594,29,USD,2024-03-01,credit_card,succeeded,2024-03-01 00:00:00
pay_4022966,sub_161669,cust_114594,29,USD,2024-04-01,ach,failed,2024-04-01 00:00:00
pay_1233441,sub_161669,cust_114594,29,USD,2024-05-01,credit_card,succeeded,2024-05-01 00:00:00
pay_5465106,sub_161669,cust_114594,29,USD,2024-06-01,credit_card,succeeded,2024-06-01 00:00:00
pay_5506991,sub_161669,cust_114594,29,USD,2024-07-01,ach,succeeded,2024-07-01 00:00:00
pay_2015860,sub_161669,cust_114594,29,USD,2024-08-01,ach,succeeded,2024-08-01 00:00:00
pay_2198780,sub_161669,cust_114594,290,USD,2024-09-01,ach,succeeded,2024-09-01 00:00:00
pay_1324249,sub_161669,cust_114594,29,USD,2024-10-01,credit_card,succeeded,2024-10-01 00:00:00
pay_2348637,sub_161669,cust_114594,29,USD,2024-11-01,ach,succeeded,2024-11-01 00:00:00
pay_8476736,sub_161669,cust_114594,29,USD,2024-12-01,credit_card,succeeded,2024-12-01 00:00:00
pay_1180863,sub_465226,cust_213609,290,USD,2024-11-22,credit_card,succeeded,2024-11-22 00:00:00
pay_4326662,sub_465226,cust_213609,29,USD,2024-12-01,credit_card,succeeded,2024-12-01 00:00:00
pay_8698024,sub_396080,cust_586819,79,USD,2023-11-06,credit_card,succeeded,2023-11-06 00:00:00
pay_5691966,sub_396080,cust_586819,79,USD,2023-12-01,ach,succeeded,2023-12-01 00:00:00
pay_2898047,sub_396080,cust_586819,79,USD,2024-01-01,ach,succeeded,2024-01-01 00:00:00
pay_5674754,sub_396080,cust_586819,199,USD,2024-02-01,ach,succeeded,2024-02-01 00:00:00
pay_5054482,sub_396080,cust_586819,199,USD,2024-03-01,wire,succeeded,2024-03-01 00:00:00
pay_4729447,sub_396080,cust_586819,199,USD,2024-04-01,wire,failed,2024-04-01 00:00:00
pay_7672274,sub_396080,cust_586819,199,USD,2024-05-01,credit_card,succeeded,2024-05-01 00:00:00
pay_3621838,sub_396080,cust_586819,199,USD,2024-06-01,credit_card,succeeded,2024-06-01 00:00:00
pay_6453433,sub_396080,cust_586819,199,USD,2024-07-01,credit_card,succeeded,2024-07-01 00:00:00
pay_4673938,sub_396080,cust_586819,199,USD,2024-08-01,wire,succeeded,2024-08-01 00:00:00
pay_8751364,sub_396080,cust_586819,199,USD,2024-09-01,credit_card,succeeded,2024-09-01 00:00:00
pay_9275467,sub_396080,cust_586819,199,USD,2024-10-01,credit_card,succeeded,2024-10-01 00:00:00
pay_2459729,sub_396080,cust_586819,199,USD,2024-11-01,credit_card,succeeded,2024-11-01 00:00:00
pay_2977579,sub_396080,cust_586819,199,USD,2024-12-01,ach,succeeded,2024-12-01 00:00:00
pay_1801246,sub_871037,cust_242254,29,USD,2024-02-02,credit_card,succeeded,2024-02-02 00:00:00
pay_8201418,sub_871037,cust_242254,29,USD,2024-03-01,credit_card,succeeded,2024-03-01 00:00:00
pay_8221703,sub_871037,cust_242254,29,USD,2024-04-01,ach,succeeded,2024-04-01 00:00:00
pay_6555400,sub_871037,cust_242254,29,USD,2024-05-01,credit_card,succeeded,2024-05-01 00:00:00
pay_3788447,sub_871037,cust_242254,29,USD,2024-06-01,wire,succeeded,2024-06-01 00:00:00
pay_6970972,sub_871037,cust_242254,29,USD,2024-07-01,credit_card,succeeded,2024-07-01 00:00:00
pay_5442187,sub_871037,cust_242254,29,USD,2024-08-01,wire,succeeded,2024-08-01 00:00:00
pay_7268550,sub_871037,cust_242254,29,USD,2024-09-01,credit_card,succeeded,2024-09-01 00:00:00
pay_1009572,sub_871037,cust_242254,29,USD,2024-10-01,wire,succeeded,2024-10-01 00:00:00
pay_8295556,sub_871037,cust_242254,29,USD,2024-11-01,credit_card,succeeded,2024-11-01 00:00:00
pay_8024550,sub_871037,cust_242254,29,USD,2024-12-01,ach,succeeded,2024-12-01 00:00:00
pay_7925354,sub_640472,cust_535037,79,USD,2024-11-01,credit_card,succeeded,2024-11-01 00:00:00
pay_1171623,sub_640472,cust_535037,79,USD,2024-12-01,credit_card,succeeded,2024-12-01 00:00:00
pay_3881610,sub_356902,cust_997004,199,USD,2024-01-07,wire,succeeded,2024-01-07 00:00:00
pay_4123427,sub_356902,cust_997004,199,USD,2024-02-01,credit_card,succeeded,2024-02-01 00:00:00
pay_6021304,sub_356902,cust_997004,199,USD,2024-03-01,credit_card,succeeded,2024-03-01 00:00:00
pay_5689111,sub_356902,cust_997004,199,USD,2024-04-01,credit_card,succeeded,2024-04-01 00:00:00
pay_1580404,sub_356902,cust_997004,199,USD,2024-05-01,wire,succeeded,2024-05-01 00:00:00
pay_3631966,sub_356902,cust_997004,199,USD,2024-06-01,credit_card,succeeded,2024-06-01 00:00:00
pay_5148438,sub_356902,cust_997004,199,USD,2024-07-01,credit_card,succeeded,2024-07-01 00:00:00
pay_3814759,sub_356902,cust_997004,199,USD,2024-08-01,credit_card,succeeded,2024-08-01 00:00:00
pay_1683453,sub_356902,cust_997004,199,USD,2024-09-01,credit_card,succeeded,2024-09-01 00:00:00
pay_6559713,sub_356902,cust_997004,199,USD,2024-10-01,credit_card,succeeded,2024-10-01 00:00:00
pay_1996223,sub_356902,cust_997004,199,USD,2024-11-01,credit_card,succeeded,2024-11-01 00:00:00
pay_4795712,sub_356902,cust_997004,199,USD,2024-12-01,credit_card,succeeded,2024-12-01 00:00:00
pay_1560195,sub_485166,cust_228093,29,USD,2024-04-10,credit_card,succeeded,2024-04-10 00:00:00
pay_9460643,sub_485166,cust_228093,29,USD,2024-05-01,wire,succeeded,2024-05-01 00:00:00
pay_5778772,sub_485166,cust_228093,79,USD,2024-06-01,credit_card,succeeded,2024-06-01 00:00:00
pay_5120538,sub_485166,cust_228093,79,USD,2024-07-01,credit_card,succeeded,2024-07-01 00:00:00
pay_5941615,sub_881565,cust_692002,79,USD,2023-07-30,credit_card,succeeded,2023-07-30 00:00:00
pay_3738232,sub_881565,cust_692002,79,USD,2023-08-01,wire,succeeded,2023-08-01 00:00:00
pay_1121508,sub_881565,cust_692002,79,USD,2023-09-01,wire,succeeded,2023-09-01 00:00:00
pay_4867004,sub_881565,cust_692002,79,USD,2023-10-01,credit_card,failed,2023-10-01 00:00:00
pay_5520885,sub_881565,cust_692002,79,USD,2023-11-01,credit_card,succeeded,2023-11-01 00:00:00
pay_1965230,sub_881565,cust_692002,79,USD,2023-12-01,ach,succeeded,2023-12-01 00:00:00
pay_7590456,sub_881565,cust_692002,79,USD,2024-01-01,credit_card,succeeded,2024-01-01 00:00:00
pay_3246423,sub_881565,cust_692002,79,USD,2024-02-01,credit_card,succeeded,2024-02-01 00:00:00
pay_5072280,sub_881565,cust_692002,199,USD,2024-03-01,ach,succeeded,2024-03-01 00:00:00
pay_2262551,sub_881565,cust_692002,199,USD,2024-04-01,ach,succeeded,2024-04-01 00:00:00
pay_7236011,sub_881565,cust_692002,199,USD,2024-05-01,credit_card,succeeded,2024-05-01 00:00:00
pay_1249770,sub_881565,cust_692002,199,USD,2024-06-01,ach,succeeded,2024-06-01 00:00:00
pay_5499677,sub_881565,cust_692002,199,USD,2024-07-01,credit_card,succeeded,2024-07-01 00:00:00
pay_8518486,sub_881565,cust_692002,79,USD,2024-08-01,credit_card,succeeded,2024-08-01 00:00:00
pay_2640625,sub_881565,cust_692002,79,USD,2024-09-01,wire,succeeded,2024-09-01 00:00:00
pay_7635778,sub_881565,cust_692002,79,USD,2024-10-01,ach,succeeded,2024-10-01 00:00:00
pay_4843324,sub_881565,cust_692002,79,USD,2024-11-01,credit_card,succeeded,2024-11-01 00:00:00
pay_4894312,sub_881565,cust_692002,79,USD,2024-12-01,ach,succeeded,2024-12-01 00:00:00
pay_8106026,sub_229022,cust_724932,199,USD,2023-01-03,credit_card,succeeded,2023-01-03 00:00:00
pay_3535788,sub_229022,cust_724932,199,USD,2023-02-01,wire,succeeded,2023-02-01 00:00:00
pay_7688099,sub_229022,cust_724932,79,USD,2023-03-01,credit_card,succeeded,2023-03-01 00:00:00
pay_3380133,sub_229022,cust_724932,199,USD,2023-04-01,credit_card,succeeded,2023-04-01 00:00:00
pay_8142454,sub_229022,cust_724932,199,USD,2023-05-01,credit_card,succeeded,2023-05-01 00:00:00
pay_4834745,sub_229022,cust_724932,199,USD,2023-06-01,credit_card,succeeded,2023-06-01 00:00:00
pay_3656490,sub_229022,cust_724932,199,USD,2023-07-01,wire,failed,2023-07-01 00:00:00
pay_6291618,sub_229022,cust_724932,199,USD,2023-08-01,credit_card,succeeded,2023-08-01 00:00:00
pay_4205318,sub_229022,cust_724932,199,USD,2023-09-01,credit_card,succeeded,2023-09-01 00:00:00
pay_2053518,sub_229022,cust_724932,199,USD,2023-10-01,credit_card,succeeded,2023-10-01 00:00:00
pay_6567769,sub_229022,cust_724932,199,USD,2023-11-01,credit_card,succeeded,2023-11-01 00:00:00
pay_2578520,sub_229022,cust_724932,199,USD,2023-12-01,credit_card,failed,2023-12-01 00:00:00
pay_3341663,sub_229022,cust_724932,199,USD,2024-01-01,credit_card,succeeded,2024-01-01 00:00:00
pay_2762739,sub_229022,cust_724932,199,USD,2024-02-01,credit_card,succeeded,2024-02-01 00:00:00
pay_1828280,sub_229022,cust_724932,79,USD,2024-03-01,wire,succeeded,2024-03-01 00:00:00
pay_9138870,sub_229022,cust_724932,79,USD,2024-04-01,wire,succeeded,2024-04-01 00:00:00
pay_3343065,sub_229022,cust_724932,79,USD,2024-05-01,credit_card,succeeded,2024-05-01 00:00:00
pay_3128186,sub_229022,cust_724932,79,USD,2024-06-01,credit_card,succeeded,2024-06-01 00:00:00
pay_5216521,sub_229022,cust_724932,79,USD,2024-07-01,credit_card,succeeded,2024-07-01 00:00:00
pay_2567399,sub_229022,cust_724932,79,USD,2024-08-01,wire,succeeded,2024-08-01 00:00:00
pay_5267659,sub_229022,cust_724932,79,USD,2024-09-01,credit_card,succeeded,2024-09-01 00:00:00
pay_2836456,sub_229022,cust_724932,79,USD,2024-10-01,wire,succeeded,2024-10-01 00:00:00
pay_1124548,sub_229022,cust_724932,79,USD,2024-11-01,credit_card,succeeded,2024-11-01 00:00:00
pay_9105115,sub_229022,cust_724932,79,USD,2024-12-01,ach,succeeded,2024-12-01 00:00:00
pay_9266290,sub_248548,cust_115582,29,USD,2024-01-02,ach,succeeded,2024-01-02 00:00:00
pay_4326490,sub_248548,cust_115582,29,USD,2024-02-01,credit_card,succeeded,2024-02-01 00:00:00
pay_3854736,sub_248548,cust_115582,29,USD,2024-03-01,wire,succeeded,2024-03-01 00:00:00
pay_8214175,sub_248548,cust_115582,29,USD,2024-04-01,credit_card,succeeded,2024-04-01 00:00:00
pay_1958982,sub_248548,cust_115582,29,USD,2024-05-01,credit_card,succeeded,2024-05-01 00:00:00
pay_5862643,sub_248548,cust_115582,29,USD,2024-06-01,ach,succeeded,2024-06-01 00:00:00
pay_9720215,sub_248548,cust_115582,79,USD,2024-07-01,credit_card,succeeded,2024-07-01 00:00:00
pay_7027672,sub_248548,cust_115582,79,USD,2024-08-01,wire,succeeded,2024-08-01 00:00:00
pay_3882262,sub_248548,cust_115582,79,USD,2024-09-01,credit_card,succeeded,2024-09-01 00:00:00
pay_9016589,sub_248548,cust_115582,79,USD,2024-10-01,credit_card,succeeded,2024-10-01 00:00:00
pay_3884021,sub_248548,cust_115582,79,USD,2024-11-01,credit_card,succeeded,2024-11-01 00:00:00
pay_5464844,sub_248548,cust_115582,79,USD,2024-12-01,ach,succeeded,2024-12-01 00:00:00
pay_3823299,sub_828252,cust_599380,79,USD,2024-04-04,credit_card,succeeded,2024-04-04 00:00:00
pay_4635731,sub_828252,cust_599380,79,USD,2024-05-01,credit_card,succeeded,2024-05-01 00:00:00
pay_2344745,sub_828252,cust_599380,79,USD,2024-06-01,wire,succeeded,2024-06-01 00:00:00
pay_3667979,sub_828252,cust_599380,79,USD,2024-07-01,credit_card,succeeded,2024-07-01 00:00:00
pay_6878116,sub_828252,cust_599380,79,USD,2024-08-01,credit_card,succeeded,2024-08-01 00:00:00
pay_9947014,sub_828252,cust_599380,79,USD,2024-09-01,credit_card,succeeded,2024-09-01 00:00:00
pay_7807103,sub_828252,cust_599380,79,USD,2024-10-01,credit_card,succeeded,2024-10-01 00:00:00
pay_6031079,sub_828252,cust_599380,79,USD,2024-11-01,ach,succeeded,2024-11-01 00:00:00
pay_7898609,sub_828252,cust_599380,79,USD,2024-12-01,credit_card,succeeded,2024-12-01 00:00:00
pay_5227053,sub_657286,cust_790909,29,USD,2024-11-01,credit_card,succeeded,2024-11-01 00:00:00
pay_2520681,sub_657286,cust_790909,29,USD,2024-12-01,credit_card,succeeded,2024-12-01 00:00:00
pay_5121891,sub_169163,cust_565108,29,USD,2023-08-01,credit_card,succeeded,2023-08-01 00:00:00
pay_3936064,sub_169163,cust_565108,29,USD,2023-09-01,wire,succeeded,2023-09-01 00:00:00
pay_1225565,sub_333020,cust_726410,79,USD,2024-06-27,wire,failed,2024-06-27 00:00:00
pay_8004579,sub_333020,cust_726410,79,USD,2024-07-01,ach,succeeded,2024-07-01 00:00:00
pay_8438749,sub_333020,cust_726410,79,USD,2024-08-01,credit_card,succeeded,2024-08-01 00:00:00
pay_7685752,sub_333020,cust_726410,29,USD,2024-09-01,credit_card,succeeded,2024-09-01 00:00:00
pay_6749403,sub_333020,cust_726410,29,USD,2024-10-01,credit_card,succeeded,2024-10-01 00:00:00
pay_7061717,sub_333020,cust_726410,79,USD,2024-11-01,ach,succeeded,2024-11-01 00:00:00
pay_2119934,sub_333020,cust_726410,79,USD,2024-12-01,ach,succeeded,2024-12-01 00:00:00
pay_1659984,sub_678333,cust_855855,79,USD,2023-08-09,credit_card,succeeded,2023-08-09 00:00:00
pay_2256129,sub_678333,cust_855855,79,USD,2023-09-01,credit_card,succeeded,2023-09-01 00:00:00
pay_2416033,sub_678333,cust_855855,29,USD,2023-10-01,wire,succeeded,2023-10-01 00:00:00
pay_7219910,sub_678333,cust_855855,29,USD,2023-11-01,credit_card,succeeded,2023-11-01 00:00:00
pay_3980247,sub_678333,cust_855855,29,USD,2023-12-01,credit_card,succeeded,2023-12-01 00:00:00
pay_8779265,sub_678333,cust_855855,29,USD,2024-01-01,credit_card,succeeded,2024-01-01 00:00:00
pay_4727776,sub_678333,cust_855855,29,USD,2024-02-01,ach,succeeded,2024-02-01 00:00:00
pay_1784786,sub_678333,cust_855855,29,USD,2024-03-01,ach,succeeded,2024-03-01 00:00:00
pay_9873077,sub_678333,cust_855855,29,USD,2024-04-01,credit_card,succeeded,2024-04-01 00:00:00
pay_1625318,sub_678333,cust_855855,29,USD,2024-05-01,credit_card,succeeded,2024-05-01 00:00:00
pay_7714800,sub_678333,cust_855855,29,USD,2024-06-01,credit_card,succeeded,2024-06-01 00:00:00
pay_8012629,sub_678333,cust_855855,79,USD,2024-07-01,credit_card,succeeded,2024-07-01 00:00:00
pay_8313632,sub_678333,cust_855855,79,USD,2024-08-01,credit_card,succeeded,2024-08-01 00:00:00
pay_4663953,sub_678333,cust_855855,79,USD,2024-09-01,wire,succeeded,2024-09-01 00:00:00
pay_6938942,sub_678333,cust_855855,79,USD,2024-10-01,credit_card,succeeded,2024-10-01 00:00:00
pay_6462064,sub_678333,cust_855855,79,USD,2024-11-01,credit_card,failed,2024-11-01 00:00:00
pay_4353517,sub_678333,cust_855855,79,USD,2024-12-01,credit_card,succeeded,2024-12-01 00:00:00
pay_8460708,sub_841119,cust_427704,29,USD,2024-11-12,ach,succeeded,2024-11-12 00:00:00
pay_4740168,sub_841119,cust_427704,29,USD,2024-12-01,credit_card,succeeded,2024-12-01 00:00:00
pay_4325703,sub_937255,cust_874683,29,USD,2024-01-17,ach,succeeded,2024-01-17 00:00:00
pay_5344883,sub_937255,cust_874683,29,USD,2024-02-01,credit_card,succeeded,2024-02-01 00:00:00
pay_8302666,sub_937255,cust_874683,29,USD,2024-03-01,credit_card,succeeded,2024-03-01 00:00:00
pay_4356275,sub_937255,cust_874683,29,USD,2024-04-01,credit_card,succeeded,2024-04-01 00:00:00
pay_5630877,sub_937255,cust_874683,29,USD,2024-05-01,credit_card,succeeded,2024-05-01 00:00:00
pay_4298860,sub_937255,cust_874683,29,USD,2024-06-01,ach,succeeded,2024-06-01 00:00:00
pay_8883082,sub_937255,cust_874683,29,USD,2024-07-01,ach,succeeded,2024-07-01 00:00:00
pay_8996168,sub_937255,cust_874683,29,USD,2024-08-01,ach,succeeded,2024-08-01 00:00:00
pay_1530933,sub_937255,cust_874683,29,USD,2024-09-01,ach,succeeded,2024-09-01 00:00:00
pay_4496845,sub_937255,cust_874683,29,USD,2024-10-01,credit_card,succeeded,2024-10-01 00:00:00
pay_4020918,sub_937255,cust_874683,29,USD,2024-11-01,wire,succeeded,2024-11-01 00:00:00
pay_5654724,sub_937255,cust_874683,29,USD,2024-12-01,ach,succeeded,2024-12-01 00:00:00
pay_8942023,sub_879521,cust_886730,29,USD,2024-03-09,credit_card,succeeded,2024-03-09 00:00:00
pay_2679177,sub_879521,cust_886730,29,USD,2024-04-01,wire,succeeded,2024-04-01 00:00:00
pay_1331732,sub_879521,cust_886730,29,USD,2024-05-01,credit_card,succeeded,2024-05-01 00:00:00
pay_9294894,sub_879521,cust_886730,29,USD,2024-06-01,wire,succeeded,2024-06-01 00:00:00
pay_4167297,sub_879521,cust_886730,29,USD,2024-07-01,credit_card,succeeded,2024-07-01 00:00:00
pay_4066071,sub_879521,cust_886730,29,USD,2024-08-01,credit_card,succeeded,2024-08-01 00:00:00
pay_5815583,sub_879521,cust_886730,29,USD,2024-09-01,wire,succeeded,2024-09-01 00:00:00
pay_6161551,sub_879521,cust_886730,29,USD,2024-10-01,credit_card,succeeded,2024-10-01 00:00:00
pay_2304754,sub_879521,cust_886730,29,USD,2024-11-01,ach,succeeded,2024-11-01 00:00:00
pay_5507505,sub_879521,cust_886730,29,USD,2024-12-01,credit_card,succeeded,2024-12-01 00:00:00
pay_6624412,sub_971783,cust_335137,790,USD,2023-04-21,credit_card,succeeded,2023-04-21 00:00:00
pay_7521659,sub_971783,cust_335137,79,USD,2023-05-01,wire,succeeded,2023-05-01 00:00:00
pay_1180862,sub_971783,cust_335137,79,USD,2023-06-01,credit_card,succeeded,2023-06-01 00:00:00
pay_5922802,sub_971783,cust_335137,79,USD,2023-07-01,wire,succeeded,2023-07-01 00:00:00
pay_4781492,sub_971783,cust_335137,79,USD,2023-08-01,ach,succeeded,2023-08-01 00:00:00
pay_3295382,sub_971783,cust_335137,79,USD,2023-09-01,ach,succeeded,2023-09-01 00:00:00
pay_1695624,sub_971783,cust_335137,79,USD,2023-10-01,credit_card,succeeded,2023-10-01 00:00:00
pay_3901730,sub_971783,cust_335137,79,USD,2023-11-01,credit_card,succeeded,2023-11-01 00:00:00
pay_5466437,sub_971783,cust_335137,79,USD,2023-12-01,credit_card,succeeded,2023-12-01 00:00:00
pay_1053903,sub_971783,cust_335137,79,USD,2024-01-01,wire,succeeded,2024-01-01 00:00:00
pay_9403033,sub_971783,cust_335137,79,USD,2024-02-01,credit_card,succeeded,2024-02-01 00:00:00
pay_6250468,sub_971783,cust_335137,79,USD,2024-03-01,ach,succeeded,2024-03-01 00:00:00
pay_5494899,sub_971783,cust_335137,790,USD,2024-04-01,credit_card,succeeded,2024-04-01 00:00:00
pay_5672909,sub_971783,cust_335137,79,USD,2024-05-01,credit_card,succeeded,2024-05-01 00:00:00
pay_1268493,sub_971783,cust_335137,79,USD,2024-06-01,credit_card,succeeded,2024-06-01 00:00:00
pay_4697270,sub_971783,cust_335137,79,USD,2024-07-01,ach,succeeded,2024-07-01 00:00:00
pay_5393118,sub_971783,cust_335137,79,USD,2024-08-01,ach,succeeded,2024-08-01 00:00:00
pay_9199507,sub_971783,cust_335137,79,USD,2024-09-01,ach,succeeded,2024-09-01 00:00:00
pay_5925790,sub_971783,cust_335137,79,USD,2024-10-01,credit_card,succeeded,2024-10-01 00:00:00
pay_9766939,sub_971783,cust_335137,79,USD,2024-11-01,credit_card,succeeded,2024-11-01 00:00:00
pay_8667798,sub_971783,cust_335137,79,USD,2024-12-01,credit_card,succeeded,2024-12-01 00:00:00
pay_7294416,sub_407804,cust_958182,199,USD,2024-09-28,credit_card,succeeded,2024-09-28 00:00:00
pay_8572769,sub_407804,cust_958182,199,USD,2024-10-01,credit_card,succeeded,2024-10-01 00:00:00
pay_5301799,sub_407804,cust_958182,199,USD,2024-11-01,ach,succeeded,2024-11-01 00:00:00
pay_3204083,sub_407804,cust_958182,199,USD,2024-12-01,ach,succeeded,2024-12-01 00:00:00
pay_7780212,sub_774206,cust_899444,29,USD,2023-11-13,wire,succeeded,2023-11-13 00:00:00
pay_2126482,sub_774206,cust_899444,29,USD,2023-12-01,credit_card,succeeded,2023-12-01 00:00:00
pay_2461763,sub_774206,cust_899444,29,USD,2024-01-01,wire,succeeded,2024-01-01 00:00:00
pay_9682699,sub_774206,cust_899444,29,USD,2024-02-01,wire,succeeded,2024-02-01 00:00:00
pay_2003453,sub_774206,cust_899444,29,USD,2024-03-01,credit_card,succeeded,2024-03-01 00:00:00
pay_3800740,sub_774206,cust_899444,29,USD,2024-04-01,wire,succeeded,2024-04-01 00:00:00
pay_1186109,sub_774206,cust_899444,29,USD,2024-05-01,wire,succeeded,2024-05-01 00:00:00
pay_1688028,sub_444511,cust_132146,79,USD,2023-04-04,ach,succeeded,2023-04-04 00:00:00
pay_7460213,sub_444511,cust_132146,79,USD,2023-05-01,credit_card,succeeded,2023-05-01 00:00:00
pay_4962575,sub_444511,cust_132146,79,USD,2023-06-01,credit_card,succeeded,2023-06-01 00:00:00
pay_8187437,sub_444511,cust_132146,79,USD,2023-07-01,credit_card,succeeded,2023-07-01 00:00:00
pay_1612451,sub_444511,cust_132146,199,USD,2023-08-01,credit_card,succeeded,2023-08-01 00:00:00
pay_8452557,sub_444511,cust_132146,79,USD,2023-09-01,credit_card,succeeded,2023-09-01 00:00:00
pay_9542892,sub_444511,cust_132146,79,USD,2023-10-01,credit_card,succeeded,2023-10-01 00:00:00
pay_7649784,sub_444511,cust_132146,79,USD,2023-11-01,ach,succeeded,2023-11-01 00:00:00
pay_4539830,sub_444511,cust_132146,79,USD,2023-12-01,credit_card,succeeded,2023-12-01 00:00:00
pay_8902122,sub_444511,cust_132146,79,USD,2024-01-01,credit_card,succeeded,2024-01-01 00:00:00
pay_3275650,sub_514563,cust_695164,79,USD,2024-09-02,credit_card,succeeded,2024-09-02 00:00:00
pay_8056995,sub_514563,cust_695164,79,USD,2024-10-01,ach,succeeded,2024-10-01 00:00:00
pay_8975467,sub_514563,cust_695164,79,USD,2024-11-01,wire,succeeded,2024-11-01 00:00:00
pay_2363690,sub_514563,cust_695164,79,USD,2024-12-01,wire,succeeded,2024-12-01 00:00:00
pay_9588269,sub_213974,cust_609253,290,USD,2024-09-13,ach,failed,2024-09-13 00:00:00
pay_9507167,sub_213974,cust_609253,29,USD,2024-10-01,ach,succeeded,2024-10-01 00:00:00
pay_9428560,sub_213974,cust_609253,79,USD,2024-11-01,credit_card,succeeded,2024-11-01 00:00:00
pay_1783342,sub_213974,cust_609253,79,USD,2024-12-01,ach,succeeded,2024-12-01 00:00:00
pay_4443459,sub_216041,cust_610271,79,USD,2024-06-23,wire,succeeded,2024-06-23 00:00:00
pay_6111680,sub_216041,cust_610271,79,USD,2024-07-01,credit_card,succeeded,2024-07-01 00:00:00
pay_9450935,sub_216041,cust_610271,79,USD,2024-08-01,ach,succeeded,2024-08-01 00:00:00
pay_1403834,sub_216041,cust_610271,79,USD,2024-09-01,credit_card,succeeded,2024-09-01 00:00:00
pay_6413216,sub_216041,cust_610271,79,USD,2024-10-01,credit_card,succeeded,2024-10-01 00:00:00
pay_6078183,sub_216041,cust_610271,79,USD,2024-11-01,wire,succeeded,2024-11-01 00:00:00
pay_2978843,sub_216041,cust_610271,79,USD,2024-12-01,ach,succeeded,2024-12-01 00:00:00
pay_8089840,sub_797557,cust_901280,290,USD,2023-09-19,credit_card,succeeded,2023-09-19 00:00:00
pay_7735594,sub_797557,cust_901280,29,USD,2023-10-01,ach,succeeded,2023-10-01 00:00:00
pay_7555766,sub_797557,cust_901280,29,USD,2023-11-01,credit_card,failed,2023-11-01 00:00:00
pay_2026635,sub_797557,cust_901280,29,USD,2023-12-01,credit_card,succeeded,2023-12-01 00:00:00
pay_3732325,sub_797557,cust_901280,29,USD,2024-01-01,wire,succeeded,2024-01-01 00:00:00
pay_1248806,sub_797557,cust_901280,29,USD,2024-02-01,ach,succeeded,2024-02-01 00:00:00
pay_3974790,sub_797557,cust_901280,29,USD,2024-03-01,wire,succeeded,2024-03-01 00:00:00
pay_2343722,sub_797557,cust_901280,29,USD,2024-04-01,wire,succeeded,2024-04-01 00:00:00
pay_3679963,sub_797557,cust_901280,29,USD,2024-05-01,ach,succeeded,2024-05-01 00:00:00
pay_3582323,sub_797557,cust_901280,29,USD,2024-06-01,ach,succeeded,2024-06-01 00:00:00
pay_4423785,sub_797557,cust_901280,29,USD,2024-07-01,credit_card,succeeded,2024-07-01 00:00:00
pay_8676266,sub_797557,cust_901280,29,USD,2024-08-01,credit_card,succeeded,2024-08-01 00:00:00
pay_6166727,sub_797557,cust_901280,290,USD,2024-09-01,wire,succeeded,2024-09-01 00:00:00
pay_7798549,sub_797557,cust_901280,79,USD,2024-10-01,wire,succeeded,2024-10-01 00:00:00
pay_1506789,sub_797557,cust_901280,199,USD,2024-11-01,credit_card,succeeded,2024-11-01 00:00:00
pay_9985243,sub_797557,cust_901280,199,USD,2024-12-01,credit_card,succeeded,2024-12-01 00:00:00
pay_2461262,sub_550536,cust_701253,1990,USD,2024-02-19,credit_card,succeeded,2024-02-19 00:00:00
pay_6074887,sub_550536,cust_701253,199,USD,2024-03-01,wire,succeeded,2024-03-01 00:00:00
pay_2895065,sub_550536,cust_701253,199,USD,2024-04-01,credit_card,succeeded,2024-04-01 00:00:00
pay_8022049,sub_550536,cust_701253,199,USD,2024-05-01,ach,succeeded,2024-05-01 00:00:00
pay_7381740,sub_550536,cust_701253,199,USD,2024-06-01,wire,failed,2024-06-01 00:00:00
pay_6703894,sub_550536,cust_701253,199,USD,2024-07-01,wire,succeeded,2024-07-01 00:00:00
pay_1033416,sub_550536,cust_701253,199,USD,2024-08-01,credit_card,succeeded,2024-08-01 00:00:00
pay_9900345,sub_550536,cust_701253,199,USD,2024-09-01,credit_card,succeeded,2024-09-01 00:00:00
pay_5555926,sub_550536,cust_701253,199,USD,2024-10-01,credit_card,succeeded,2024-10-01 00:00:00
pay_9600498,sub_550536,cust_701253,199,USD,2024-11-01,credit_card,succeeded,2024-11-01 00:00:00
pay_5116418,sub_550536,cust_701253,199,USD,2024-12-01,credit_card,succeeded,2024-12-01 00:00:00
pay_2264074,sub_376331,cust_972442,290,USD,2024-01-06,ach,succeeded,2024-01-06 00:00:00
pay_2873109,sub_376331,cust_972442,29,USD,2024-02-01,ach,succeeded,2024-02-01 00:00:00
pay_1093623,sub_376331,cust_972442,29,USD,2024-03-01,ach,succeeded,2024-03-01 00:00:00
pay_5547956,sub_376331,cust_972442,29,USD,2024-04-01,credit_card,succeeded,2024-04-01 00:00:00
pay_6766997,sub_376331,cust_972442,29,USD,2024-05-01,wire,succeeded,2024-05-01 00:00:00
pay_1869144,sub_376331,cust_972442,29,USD,2024-06-01,credit_card,succeeded,2024-06-01 00:00:00
pay_5237886,sub_376331,cust_972442,29,USD,2024-07-01,wire,succeeded,2024-07-01 00:00:00
pay_3380969,sub_376331,cust_972442,29,USD,2024-08-01,wire,succeeded,2024-08-01 00:00:00
pay_1024707,sub_376331,cust_972442,29,USD,2024-09-01,credit_card,succeeded,2024-09-01 00:00:00
pay_1778149,sub_376331,cust_972442,29,USD,2024-10-01,credit_card,succeeded,2024-10-01 00:00:00
pay_3618519,sub_376331,cust_972442,29,USD,2024-11-01,ach,succeeded,2024-11-01 00:00:00
pay_1713556,sub_376331,cust_972442,29,USD,2024-12-01,ach,succeeded,2024-12-01 00:00:00
pay_4415624,sub_301512,cust_456005,790,USD,2023-08-15,credit_card,succeeded,2023-08-15 00:00:00
pay_1527567,sub_301512,cust_456005,79,USD,2023-09-01,wire,succeeded,2023-09-01 00:00:00
pay_2100417,sub_301512,cust_456005,79,USD,2023-10-01,ach,succeeded,2023-10-01 00:00:00
pay_3520317,sub_301512,cust_456005,79,USD,2023-11-01,wire,succeeded,2023-11-01 00:00:00
pay_7956154,sub_301512,cust_456005,79,USD,2023-12-01,wire,succeeded,2023-12-01 00:00:00
pay_5965761,sub_301512,cust_456005,79,USD,2024-01-01,credit_card,succeeded,2024-01-01 00:00:00
pay_6473549,sub_301512,cust_456005,79,USD,2024-02-01,credit_card,succeeded,2024-02-01 00:00:00
pay_1322802,sub_301512,cust_456005,79,USD,2024-03-01,ach,succeeded,2024-03-01 00:00:00
pay_9516825,sub_301512,cust_456005,79,USD,2024-04-01,wire,succeeded,2024-04-01 00:00:00
pay_4084503,sub_301512,cust_456005,79,USD,2024-05-01,ach,succeeded,2024-05-01 00:00:00
pay_2490107,sub_301512,cust_456005,79,USD,2024-06-01,credit_card,succeeded,2024-06-01 00:00:00
pay_1036611,sub_301512,cust_456005,79,USD,2024-07-01,ach,succeeded,2024-07-01 00:00:00
pay_2884639,sub_301512,cust_456005,790,USD,2024-08-01,wire,succeeded,2024-08-01 00:00:00
pay_7457188,sub_301512,cust_456005,79,USD,2024-09-01,credit_card,succeeded,2024-09-01 00:00:00
pay_8923004,sub_301512,cust_456005,79,USD,2024-10-01,ach,succeeded,2024-10-01 00:00:00
pay_1260986,sub_301512,cust_456005,79,USD,2024-11-01,wire,succeeded,2024-11-01 00:00:00
pay_3239236,sub_301512,cust_456005,79,USD,2024-12-01,credit_card,succeeded,2024-12-01 00:00:00
pay_3014052,sub_358965,cust_758452,79,USD,2024-05-20,ach,succeeded,2024-05-20 00:00:00
pay_3939875,sub_358965,cust_758452,79,USD,2024-06-01,ach,succeeded,2024-06-01 00:00:00
pay_5438623,sub_358965,cust_758452,79,USD,2024-07-01,credit_card,succeeded,2024-07-01 00:00:00
pay_6470438,sub_437263,cust_757685,29,USD,2023-11-20,wire,succeeded,2023-11-20 00:00:00
pay_4085001,sub_437263,cust_757685,29,USD,2023-12-01,credit_card,succeeded,2023-12-01 00:00:00
pay_9756375,sub_437263,cust_757685,29,USD,2024-01-01,ach,succeeded,2024-01-01 00:00:00
pay_2362695,sub_437263,cust_757685,29,USD,2024-02-01,credit_card,succeeded,2024-02-01 00:00:00
pay_5953222,sub_437263,cust_757685,29,USD,2024-03-01,credit_card,failed,2024-03-01 00:00:00
pay_7273588,sub_437263,cust_757685,29,USD,2024-04-01,credit_card,succeeded,2024-04-01 00:00:00
pay_1311508,sub_437263,cust_757685,29,USD,2024-05-01,wire,succeeded,2024-05-01 00:00:00
pay_3620770,sub_437263,cust_757685,29,USD,2024-06-01,credit_card,succeeded,2024-06-01 00:00:00
pay_5171554,sub_437263,cust_757685,29,USD,2024-07-01,credit_card,succeeded,2024-07-01 00:00:00
pay_5467103,sub_437263,cust_757685,29,USD,2024-08-01,wire,succeeded,2024-08-01 00:00:00
pay_1986479,sub_437263,cust_757685,79,USD,2024-09-01,credit_card,succeeded,2024-09-01 00:00:00
pay_8530609,sub_437263,cust_757685,79,USD,2024-10-01,credit_card,succeeded,2024-10-01 00:00:00
pay_5926528,sub_437263,cust_757685,79,USD,2024-11-01,credit_card,succeeded,2024-11-01 00:00:00
pay_3230658,sub_437263,cust_757685,79,USD,2024-12-01,credit_card,succeeded,2024-12-01 00:00:00
pay_6953559,sub_597233,cust_708519,1990,USD,2024-07-21,credit_card,succeeded,2024-07-21 00:00:00
pay_8128878,sub_597233,cust_708519,199,USD,2024-08-01,credit_card,succeeded,2024-08-01 00:00:00
pay_2328070,sub_597233,cust_708519,199,USD,2024-09-01,wire,succeeded,2024-09-01 00:00:00
pay_7160874,sub_597233,cust_708519,79,USD,2024-10-01,credit_card,succeeded,2024-10-01 00:00:00
pay_5078064,sub_597233,cust_708519,79,USD,2024-11-01,ach,succeeded,2024-11-01 00:00:00
pay_5563021,sub_597233,cust_708519,79,USD,2024-12-01,wire,succeeded,2024-12-01 00:00:00
pay_2994080,sub_896241,cust_164879,790,USD,2024-04-06,credit_card,succeeded,2024-04-06 00:00:00
pay_8579433,sub_896241,cust_164879,79,USD,2024-05-01,ach,succeeded,2024-05-01 00:00:00
pay_7198152,sub_896241,cust_164879,79,USD,2024-06-01,credit_card,succeeded,2024-06-01 00:00:00
pay_7711989,sub_896241,cust_164879,79,USD,2024-07-01,ach,succeeded,2024-07-01 00:00:00
pay_4314934,sub_896241,cust_164879,79,USD,2024-08-01,credit_card,succeeded,2024-08-01 00:00:00
pay_1644922,sub_896241,cust_164879,79,USD,2024-09-01,ach,succeeded,2024-09-01 00:00:00
pay_8777795,sub_896241,cust_164879,79,USD,2024-10-01,wire,succeeded,2024-10-01 00:00:00
pay_9874133,sub_896241,cust_164879,79,USD,2024-11-01,ach,succeeded,2024-11-01 00:00:00
pay_2236315,sub_896241,cust_164879,79,USD,2024-12-01,credit_card,succeeded,2024-12-01 00:00:00
pay_6207848,sub_728258,cust_560767,199,USD,2024-06-20,wire,succeeded,2024-06-20 00:00:00
pay_3922248,sub_728258,cust_560767,199,USD,2024-07-01,credit_card,succeeded,2024-07-01 00:00:00
pay_5304568,sub_728258,cust_560767,199,USD,2024-08-01,credit_card,succeeded,2024-08-01 00:00:00
pay_7491970,sub_728258,cust_560767,79,USD,2024-09-01,credit_card,succeeded,2024-09-01 00:00:00
pay_7890888,sub_728258,cust_560767,79,USD,2024-10-01,wire,succeeded,2024-10-01 00:00:00
pay_1185885,sub_728258,cust_560767,79,USD,2024-11-01,ach,succeeded,2024-11-01 00:00:00
pay_2219224,sub_728258,cust_560767,79,USD,2024-12-01,ach,succeeded,2024-12-01 00:00:00
pay_7848147,sub_689822,cust_731977,29,USD,2023-09-01,credit_card,succeeded,2023-09-01 00:00:00
pay_6783989,sub_689822,cust_731977,29,USD,2023-10-01,ach,succeeded,2023-10-01 00:00:00
pay_3589058,sub_689822,cust_731977,29,USD,2023-11-01,wire,succeeded,2023-11-01 00:00:00
pay_5159882,sub_689822,cust_731977,29,USD,2023-12-01,credit_card,succeeded,2023-12-01 00:00:00
pay_9010436,sub_689822,cust_731977,29,USD,2024-01-01,ach,succeeded,2024-01-01 00:00:00
pay_8784482,sub_689822,cust_731977,29,USD,2024-02-01,ach,succeeded,2024-02-01 00:00:00
pay_4142222,sub_689822,cust_731977,29,USD,2024-03-01,credit_card,succeeded,2024-03-01 00:00:00
pay_8278431,sub_689822,cust_731977,29,USD,2024-04-01,credit_card,succeeded,2024-04-01 00:00:00
pay_5144963,sub_689822,cust_731977,29,USD,2024-05-01,credit_card,succeeded,2024-05-01 00:00:00
pay_1819663,sub_689822,cust_731977,290,USD,2024-06-01,wire,succeeded,2024-06-01 00:00:00
pay_5218944,sub_689822,cust_731977,29,USD,2024-07-01,wire,succeeded,2024-07-01 00:00:00
pay_2604667,sub_689822,cust_731977,29,USD,2024-08-01,credit_card,succeeded,2024-08-01 00:00:00
pay_9856360,sub_689822,cust_731977,29,USD,2024-09-01,credit_card,succeeded,2024-09-01 00:00:00
pay_2419986,sub_689822,cust_731977,29,USD,2024-10-01,credit_card,succeeded,2024-10-01 00:00:00
pay_7752006,sub_689822,cust_731977,29,USD,2024-11-01,credit_card,succeeded,2024-11-01 00:00:00
pay_2115660,sub_689822,cust_731977,29,USD,2024-12-01,credit_card,failed,2024-12-01 00:00:00
pay_8825067,sub_929026,cust_843266,79,USD,2023-03-28,ach,succeeded,2023-03-28 00:00:00
pay_2129757,sub_929026,cust_843266,79,USD,2023-04-01,credit_card,succeeded,2023-04-01 00:00:00
pay_4805556,sub_929026,cust_843266,79,USD,2023-05-01,credit_card,succeeded,2023-05-01 00:00:00
pay_2186433,sub_929026,cust_843266,79,USD,2023-06-01,credit_card,succeeded,2023-06-01 00:00:00
pay_1279888,sub_929026,cust_843266,79,USD,2023-07-01,credit_card,succeeded,2023-07-01 00:00:00
pay_9316569,sub_929026,cust_843266,79,USD,2023-08-01,credit_card,succeeded,2023-08-01 00:00:00
pay_8886588,sub_929026,cust_843266,79,USD,2023-09-01,credit_card,succeeded,2023-09-01 00:00:00
pay_8294376,sub_929026,cust_843266,79,USD,2023-10-01,credit_card,succeeded,2023-10-01 00:00:00
pay_7438163,sub_929026,cust_843266,79,USD,2023-11-01,credit_card,succeeded,2023-11-01 00:00:00
pay_3272177,sub_929026,cust_843266,79,USD,2023-12-01,credit_card,succeeded,2023-12-01 00:00:00
pay_6528202,sub_929026,cust_843266,79,USD,2024-01-01,wire,succeeded,2024-01-01 00:00:00
pay_3538924,sub_929026,cust_843266,79,USD,2024-02-01,credit_card,succeeded,2024-02-01 00:00:00
pay_4918020,sub_929026,cust_843266,79,USD,2024-03-01,credit_card,succeeded,2024-03-01 00:00:00
pay_1519762,sub_929026,cust_843266,79,USD,2024-04-01,wire,succeeded,2024-04-01 00:00:00
pay_8157599,sub_929026,cust_843266,79,USD,2024-05-01,ach,succeeded,2024-05-01 00:00:00
pay_2716391,sub_929026,cust_843266,79,USD,2024-06-01,wire,succeeded,2024-06-01 00:00:00
pay_7722274,sub_929026,cust_843266,79,USD,2024-07-01,credit_card,succeeded,2024-07-01 00:00:00
pay_1569674,sub_929026,cust_843266,79,USD,2024-08-01,credit_card,succeeded,2024-08-01 00:00:00
pay_3209703,sub_929026,cust_843266,29,USD,2024-09-01,credit_card,succeeded,2024-09-01 00:00:00
pay_7115217,sub_929026,cust_843266,29,USD,2024-10-01,credit_card,succeeded,2024-10-01 00:00:00
pay_1046609,sub_929026,cust_843266,29,USD,2024-11-01,ach,succeeded,2024-11-01 00:00:00
pay_7862554,sub_929026,cust_843266,29,USD,2024-12-01,credit_card,succeeded,2024-12-01 00:00:00
pay_8224494,sub_756649,cust_818709,29,USD,2024-06-23,wire,succeeded,2024-06-23 00:00:00
pay_9057960,sub_756649,cust_818709,29,USD,2024-07-01,credit_card,succeeded,2024-07-01 00:00:00
pay_5871762,sub_756649,cust_818709,29,USD,2024-08-01,credit_card,succeeded,2024-08-01 00:00:00
pay_6156538,sub_756649,cust_818709,29,USD,2024-09-01,ach,succeeded,2024-09-01 00:00:00
pay_3740840,sub_756649,cust_818709,29,USD,2024-10-01,credit_card,succeeded,2024-10-01 00:00:00
pay_2217062,sub_756649,cust_818709,29,USD,2024-11-01,credit_card,succeeded,2024-11-01 00:00:00
pay_6297381,sub_756649,cust_818709,29,USD,2024-12-01,ach,succeeded,2024-12-01 00:00:00
pay_1869559,sub_263201,cust_903373,29,USD,2024-08-01,ach,succeeded,2024-08-01 00:00:00
pay_4295872,sub_263201,cust_903373,29,USD,2024-09-01,credit_card,succeeded,2024-09-01 00:00:00
pay_6865513,sub_263201,cust_903373,29,USD,2024-10-01,credit_card,succeeded,2024-10-01 00:00:00
pay_2445541,sub_263201,cust_903373,29,USD,2024-11-01,wire,succeeded,2024-11-01 00:00:00
pay_4008803,sub_697329,cust_652108,79,USD,2023-02-08,credit_card,succeeded,2023-02-08 00:00:00
pay_6595636,sub_697329,cust_652108,79,USD,2023-03-01,wire,succeeded,2023-03-01 00:00:00
pay_2190891,sub_697329,cust_652108,79,USD,2023-04-01,wire,succeeded,2023-04-01 00:00:00
pay_9124857,sub_957210,cust_755087,79,USD,2023-06-19,credit_card,succeeded,2023-06-19 00:00:00
pay_1676369,sub_957210,cust_755087,79,USD,2023-07-01,credit_card,succeeded,2023-07-01 00:00:00
pay_4084465,sub_957210,cust_755087,29,USD,2023-08-01,credit_card,succeeded,2023-08-01 00:00:00
pay_6209474,sub_957210,cust_755087,29,USD,2023-09-01,credit_card,succeeded,2023-09-01 00:00:00
pay_5808537,sub_957210,cust_755087,29,USD,2023-10-01,wire,succeeded,2023-10-01 00:00:00
pay_5545511,sub_957210,cust_755087,29,USD,2023-11-01,ach,succeeded,2023-11-01 00:00:00
pay_8447933,sub_957210,cust_755087,79,USD,2023-12-01,wire,succeeded,2023-12-01 00:00:00
pay_3158737,sub_957210,cust_755087,79,USD,2024-01-01,credit_card,succeeded,2024-01-01 00:00:00
pay_2102077,sub_957210,cust_755087,79,USD,2024-02-01,credit_card,succeeded,2024-02-01 00:00:00
pay_8892606,sub_957210,cust_755087,79,USD,2024-03-01,ach,succeeded,2024-03-01 00:00:00
pay_2196088,sub_957210,cust_755087,79,USD,2024-04-01,ach,succeeded,2024-04-01 00:00:00
pay_6994162,sub_957210,cust_755087,79,USD,2024-05-01,credit_card,succeeded,2024-05-01 00:00:00
pay_5007947,sub_957210,cust_755087,79,USD,2024-06-01,credit_card,succeeded,2024-06-01 00:00:00
pay_6823594,sub_957210,cust_755087,199,USD,2024-07-01,credit_card,succeeded,2024-07-01 00:00:00
pay_7434509,sub_957210,cust_755087,199,USD,2024-08-01,credit_card,succeeded,2024-08-01 00:00:00
pay_1621418,sub_957210,cust_755087,79,USD,2024-09-01,wire,succeeded,2024-09-01 00:00:00
pay_6939432,sub_957210,cust_755087,79,USD,2024-10-01,wire,succeeded,2024-10-01 00:00:00
pay_6810230,sub_957210,cust_755087,79,USD,2024-11-01,wire,failed,2024-11-01 00:00:00
pay_2601153,sub_957210,cust_755087,79,USD,2024-12-01,credit_card,succeeded,2024-12-01 00:00:00
pay_8581485,sub_207548,cust_570735,29,USD,2024-12-01,credit_card,succeeded,2024-12-01 00:00:00
pay_7583389,sub_248724,cust_561999,79,USD,2024-04-17,credit_card,succeeded,2024-04-17 00:00:00
pay_2962483,sub_248724,cust_561999,79,USD,2024-05-01,ach,succeeded,2024-05-01 00:00:00
pay_9252661,sub_248724,cust_561999,79,USD,2024-06-01,ach,succeeded,2024-06-01 00:00:00
pay_5782453,sub_248724,cust_561999,79,USD,2024-07-01,credit_card,failed,2024-07-01 00:00:00
pay_1211417,sub_248724,cust_561999,29,USD,2024-08-01,credit_card,succeeded,2024-08-01 00:00:00
pay_6230435,sub_248724,cust_561999,29,USD,2024-09-01,credit_card,succeeded,2024-09-01 00:00:00
pay_1308281,sub_248724,cust_561999,29,USD,2024-10-01,credit_card,succeeded,2024-10-01 00:00:00
pay_3510061,sub_248724,cust_561999,29,USD,2024-11-01,credit_card,succeeded,2024-11-01 00:00:00
pay_1404895,sub_248724,cust_561999,29,USD,2024-12-01,credit_card,succeeded,2024-12-01 00:00:00
pay_7604455,sub_615711,cust_772324,79,USD,2024-05-07,credit_card,succeeded,2024-05-07 00:00:00
pay_1669504,sub_615711,cust_772324,79,USD,2024-06-01,credit_card,succeeded,2024-06-01 00:00:00
pay_7699816,sub_615711,cust_772324,199,USD,2024-07-01,credit_card,succeeded,2024-07-01 00:00:00
pay_1353022,sub_615711,cust_772324,199,USD,2024-08-01,ach,succeeded,2024-08-01 00:00:00
pay_1208835,sub_615711,cust_772324,199,USD,2024-09-01,credit_card,succeeded,2024-09-01 00:00:00
pay_3641536,sub_615711,cust_772324,79,USD,2024-10-01,wire,succeeded,2024-10-01 00:00:00
pay_2519059,sub_615711,cust_772324,79,USD,2024-11-01,ach,succeeded,2024-11-01 00:00:00
pay_8337169,sub_615711,cust_772324,79,USD,2024-12-01,wire,succeeded,2024-12-01 00:00:00
pay_4417916,sub_286717,cust_571145,79,USD,2024-06-09,credit_card,succeeded,2024-06-09 00:00:00
pay_8004884,sub_286717,cust_571145,79,USD,2024-07-01,credit_card,succeeded,2024-07-01 00:00:00
pay_4185548,sub_286717,cust_571145,79,USD,2024-08-01,wire,succeeded,2024-08-01 00:00:00
pay_6032846,sub_286717,cust_571145,79,USD,2024-09-01,credit_card,succeeded,2024-09-01 00:00:00
pay_9441247,sub_286717,cust_571145,79,USD,2024-10-01,wire,succeeded,2024-10-01 00:00:00
pay_8247800,sub_286717,cust_571145,79,USD,2024-11-01,ach,succeeded,2024-11-01 00:00:00
pay_9102857,sub_286717,cust_571145,79,USD,2024-12-01,credit_card,succeeded,2024-12-01 00:00:00
pay_1688306,sub_465308,cust_515712,290,USD,2024-05-29,credit_card,succeeded,2024-05-29 00:00:00
pay_2554516,sub_465308,cust_515712,29,USD,2024-06-01,wire,succeeded,2024-06-01 00:00:00
pay_5733649,sub_465308,cust_515712,29,USD,2024-07-01,credit_card,succeeded,2024-07-01 00:00:00
pay_4350278,sub_465308,cust_515712,29,USD,2024-08-01,credit_card,succeeded,2024-08-01 00:00:00
pay_7351389,sub_465308,cust_515712,29,USD,2024-09-01,credit_card,succeeded,2024-09-01 00:00:00
pay_5625093,sub_465308,cust_515712,29,USD,2024-10-01,wire,succeeded,2024-10-01 00:00:00
pay_1789295,sub_465308,cust_515712,29,USD,2024-11-01,credit_card,succeeded,2024-11-01 00:00:00
pay_7699825,sub_465308,cust_515712,29,USD,2024-12-01,credit_card,succeeded,2024-12-01 00:00:00
pay_3001603,sub_915565,cust_929822,29,USD,2024-02-01,credit_card,succeeded,2024-02-01 00:00:00
pay_7765880,sub_538996,cust_183074,29,USD,2023-01-20,credit_card,succeeded,2023-01-20 00:00:00
pay_8630644,sub_538996,cust_183074,29,USD,2023-02-01,credit_card,succeeded,2023-02-01 00:00:00
pay_6260319,sub_538996,cust_183074,29,USD,2023-03-01,credit_card,succeeded,2023-03-01 00:00:00
pay_8891729,sub_538996,cust_183074,29,USD,2023-04-01,credit_card,succeeded,2023-04-01 00:00:00
pay_5574086,sub_538996,cust_183074,29,USD,2023-05-01,credit_card,succeeded,2023-05-01 00:00:00
pay_5970516,sub_538996,cust_183074,29,USD,2023-06-01,ach,succeeded,2023-06-01 00:00:00
pay_1951354,sub_538996,cust_183074,29,USD,2023-07-01,wire,succeeded,2023-07-01 00:00:00
pay_3308320,sub_538996,cust_183074,29,USD,2023-08-01,credit_card,succeeded,2023-08-01 00:00:00
pay_2065746,sub_538996,cust_183074,29,USD,2023-09-01,credit_card,succeeded,2023-09-01 00:00:00
pay_2231929,sub_538996,cust_183074,29,USD,2023-10-01,wire,succeeded,2023-10-01 00:00:00
pay_5091641,sub_538996,cust_183074,29,USD,2023-11-01,wire,succeeded,2023-11-01 00:00:00
pay_9152344,sub_538996,cust_183074,29,USD,2023-12-01,ach,succeeded,2023-12-01 00:00:00
pay_3219131,sub_538996,cust_183074,29,USD,2024-01-01,ach,succeeded,2024-01-01 00:00:00
pay_6481399,sub_538996,cust_183074,29,USD,2024-02-01,wire,succeeded,2024-02-01 00:00:00
pay_1046574,sub_538996,cust_183074,29,USD,2024-03-01,credit_card,succeeded,2024-03-01 00:00:00
pay_1228328,sub_538996,cust_183074,29,USD,2024-04-01,credit_card,succeeded,2024-04-01 00:00:00
pay_2236018,sub_538996,cust_183074,29,USD,2024-05-01,wire,succeeded,2024-05-01 00:00:00
pay_3176673,sub_538996,cust_183074,29,USD,2024-06-01,credit_card,succeeded,2024-06-01 00:00:00
pay_8523312,sub_538996,cust_183074,29,USD,2024-07-01,credit_card,succeeded,2024-07-01 00:00:00
pay_7513948,sub_884447,cust_702980,29,USD,2023-09-05,wire,succeeded,2023-09-05 00:00:00
pay_6547287,sub_884447,cust_702980,29,USD,2023-10-01,credit_card,succeeded,2023-10-01 00:00:00
pay_1696757,sub_884447,cust_702980,29,USD,2023-11-01,ach,succeeded,2023-11-01 00:00:00
pay_8280853,sub_884447,cust_702980,29,USD,2023-12-01,credit_card,succeeded,2023-12-01 00:00:00
pay_3168718,sub_884447,cust_702980,29,USD,2024-01-01,wire,succeeded,2024-01-01 00:00:00
pay_2471865,sub_884447,cust_702980,29,USD,2024-02-01,ach,succeeded,2024-02-01 00:00:00
pay_1134457,sub_884447,cust_702980,29,USD,2024-03-01,wire,succeeded,2024-03-01 00:00:00
pay_3024725,sub_884447,cust_702980,29,USD,2024-04-01,credit_card,succeeded,2024-04-01 00:00:00
pay_1734871,sub_282012,cust_648913,199,USD,2024-01-05,wire,succeeded,2024-01-05 00:00:00
pay_3766710,sub_282012,cust_648913,199,USD,2024-02-01,credit_card,succeeded,2024-02-01 00:00:00
pay_4980521,sub_282012,cust_648913,199,USD,2024-03-01,credit_card,succeeded,2024-03-01 00:00:00
pay_3269212,sub_282012,cust_648913,199,USD,2024-04-01,credit_card,succeeded,2024-04-01 00:00:00
pay_6686912,sub_282012,cust_648913,199,USD,2024-05-01,credit_card,succeeded,2024-05-01 00:00:00
pay_8718660,sub_282012,cust_648913,199,USD,2024-06-01,credit_card,succeeded,2024-06-01 00:00:00
pay_7151669,sub_282012,cust_648913,199,USD,2024-07-01,credit_card,succeeded,2024-07-01 00:00:00
pay_4131852,sub_282012,cust_648913,199,USD,2024-08-01,ach,succeeded,2024-08-01 00:00:00
pay_9949741,sub_282012,cust_648913,199,USD,2024-09-01,ach,succeeded,2024-09-01 00:00:00
pay_8775711,sub_282012,cust_648913,199,USD,2024-10-01,credit_card,succeeded,2024-10-01 00:00:00
pay_9271111,sub_282012,cust_648913,199,USD,2024-11-01,credit_card,succeeded,2024-11-01 00:00:00
pay_5324991,sub_282012,cust_648913,199,USD,2024-12-01,credit_card,succeeded,2024-12-01 00:00:00
pay_3299522,sub_385031,cust_766549,290,USD,2024-02-01,credit_card,succeeded,2024-02-01 00:00:00
pay_5723052,sub_385031,cust_766549,29,USD,2024-03-01,credit_card,succeeded,2024-03-01 00:00:00
pay_4777038,sub_385031,cust_766549,29,USD,2024-04-01,wire,succeeded,2024-04-01 00:00:00
pay_1273300,sub_385031,cust_766549,29,USD,2024-05-01,wire,succeeded,2024-05-01 00:00:00
pay_7531196,sub_385031,cust_766549,29,USD,2024-06-01,credit_card,succeeded,2024-06-01 00:00:00
pay_9881732,sub_385031,cust_766549,29,USD,2024-07-01,credit_card,succeeded,2024-07-01 00:00:00
pay_5747786,sub_385031,cust_766549,29,USD,2024-08-01,credit_card,succeeded,2024-08-01 00:00:00
pay_7813972,sub_385031,cust_766549,29,USD,2024-09-01,credit_card,succeeded,2024-09-01 00:00:00
pay_7224257,sub_385031,cust_766549,29,USD,2024-10-01,credit_card,succeeded,2024-10-01 00:00:00
pay_9305419,sub_385031,cust_766549,29,USD,2024-11-01,credit_card,succeeded,2024-11-01 00:00:00
pay_7835058,sub_385031,cust_766549,29,USD,2024-12-01,ach,succeeded,2024-12-01 00:00:00
pay_7851627,sub_205909,cust_425138,199,USD,2024-06-11,credit_card,failed,2024-06-11 00:00:00
pay_3341088,sub_205909,cust_425138,199,USD,2024-07-01,credit_card,succeeded,2024-07-01 00:00:00
pay_1511425,sub_205909,cust_425138,199,USD,2024-08-01,ach,succeeded,2024-08-01 00:00:00
pay_8531455,sub_205909,cust_425138,199,USD,2024-09-01,credit_card,failed,2024-09-01 00:00:00
pay_7813311,sub_205909,cust_425138,199,USD,2024-10-01,credit_card,succeeded,2024-10-01 00:00:00
pay_6927716,sub_205909,cust_425138,199,USD,2024-11-01,credit_card,succeeded,2024-11-01 00:00:00
pay_7126467,sub_205909,cust_425138,199,USD,2024-12-01,credit_card,succeeded,2024-12-01 00:00:00
pay_4339467,sub_756359,cust_150126,29,USD,2024-11-02,credit_card,succeeded,2024-11-02 00:00:00
pay_4865461,sub_756359,cust_150126,29,USD,2024-12-01,credit_card,succeeded,2024-12-01 00:00:00
pay_2575202,sub_906172,cust_295892,790,USD,2024-05-23,credit_card,succeeded,2024-05-23 00:00:00
pay_6819361,sub_906172,cust_295892,79,USD,2024-06-01,wire,succeeded,2024-06-01 00:00:00
pay_2037475,sub_906172,cust_295892,79,USD,2024-07-01,credit_card,succeeded,2024-07-01 00:00:00
pay_5289264,sub_906172,cust_295892,79,USD,2024-08-01,credit_card,succeeded,2024-08-01 00:00:00
pay_5115366,sub_906172,cust_295892,79,USD,2024-09-01,wire,succeeded,2024-09-01 00:00:00
pay_8421194,sub_906172,cust_295892,79,USD,2024-10-01,wire,succeeded,2024-10-01 00:00:00
pay_7297767,sub_906172,cust_295892,79,USD,2024-11-01,credit_card,succeeded,2024-11-01 00:00:00
pay_7129838,sub_906172,cust_295892,79,USD,2024-12-01,credit_card,succeeded,2024-12-01 00:00:00
pay_6366594,sub_141956,cust_962287,790,USD,2023-07-04,ach,succeeded,2023-07-04 00:00:00
pay_6357265,sub_141956,cust_962287,79,USD,2023-08-01,ach,succeeded,2023-08-01 00:00:00
pay_2341370,sub_141956,cust_962287,79,USD,2023-09-01,wire,succeeded,2023-09-01 00:00:00
pay_9917377,sub_141956,cust_962287,79,USD,2023-10-01,ach,succeeded,2023-10-01 00:00:00
pay_6038940,sub_141956,cust_962287,79,USD,2023-11-01,ach,succeeded,2023-11-01 00:00:00
pay_8208921,sub_141956,cust_962287,79,USD,2023-12-01,credit_card,succeeded,2023-12-01 00:00:00
pay_3064526,sub_141956,cust_962287,199,USD,2024-01-01,wire,succeeded,2024-01-01 00:00:00
pay_6406778,sub_141956,cust_962287,199,USD,2024-02-01,wire,succeeded,2024-02-01 00:00:00
pay_8717621,sub_141956,cust_962287,199,USD,2024-03-01,ach,succeeded,2024-03-01 00:00:00
pay_1116024,sub_141956,cust_962287,199,USD,2024-04-01,credit_card,succeeded,2024-04-01 00:00:00
pay_1825036,sub_141956,cust_962287,199,USD,2024-05-01,credit_card,succeeded,2024-05-01 00:00:00
pay_9024017,sub_141956,cust_962287,199,USD,2024-06-01,ach,succeeded,2024-06-01 00:00:00
pay_2488175,sub_141956,cust_962287,1990,USD,2024-07-01,wire,succeeded,2024-07-01 00:00:00
pay_1100313,sub_141956,cust_962287,199,USD,2024-08-01,credit_card,succeeded,2024-08-01 00:00:00
pay_3750497,sub_141956,cust_962287,199,USD,2024-09-01,credit_card,succeeded,2024-09-01 00:00:00
pay_8255921,sub_141956,cust_962287,199,USD,2024-10-01,ach,succeeded,2024-10-01 00:00:00
pay_4181861,sub_141956,cust_962287,79,USD,2024-11-01,credit_card,succeeded,2024-11-01 00:00:00
pay_9037259,sub_141956,cust_962287,79,USD,2024-12-01,credit_card,succeeded,2024-12-01 00:00:00
pay_3235755,sub_287890,cust_823270,290,USD,2024-03-30,credit_card,succeeded,2024-03-30 00:00:00
pay_7792633,sub_287890,cust_823270,29,USD,2024-04-01,credit_card,succeeded,2024-04-01 00:00:00
pay_4121288,sub_287890,cust_823270,29,USD,2024-05-01,wire,succeeded,2024-05-01 00:00:00
pay_6404948,sub_287890,cust_823270,29,USD,2024-06-01,credit_card,succeeded,2024-06-01 00:00:00
pay_7623361,sub_287890,cust_823270,29,USD,2024-07-01,ach,succeeded,2024-07-01 00:00:00
pay_4134515,sub_287890,cust_823270,29,USD,2024-08-01,credit_card,succeeded,2024-08-01 00:00:00
pay_8942296,sub_287890,cust_823270,29,USD,2024-09-01,credit_card,succeeded,2024-09-01 00:00:00
pay_3675188,sub_287890,cust_823270,29,USD,2024-10-01,credit_card,succeeded,2024-10-01 00:00:00
pay_6673177,sub_287890,cust_823270,29,USD,2024-11-01,credit_card,succeeded,2024-11-01 00:00:00
pay_4997984,sub_287890,cust_823270,29,USD,2024-12-01,credit_card,succeeded,2024-12-01 00:00:00
pay_2575728,sub_141515,cust_160144,199,USD,2023-03-18,credit_card,failed,2023-03-18 00:00:00
pay_1002231,sub_141515,cust_160144,199,USD,2023-04-01,credit_card,succeeded,2023-04-01 00:00:00
pay_4169197,sub_141515,cust_160144,199,USD,2023-05-01,credit_card,succeeded,2023-05-01 00:00:00
pay_3939153,sub_141515,cust_160144,199,USD,2023-06-01,wire,succeeded,2023-06-01 00:00:00
pay_3320290,sub_141515,cust_160144,199,USD,2023-07-01,credit_card,succeeded,2023-07-01 00:00:00
pay_9298749,sub_141515,cust_160144,199,USD,2023-08-01,credit_card,succeeded,2023-08-01 00:00:00
pay_9812589,sub_141515,cust_160144,199,USD,2023-09-01,credit_card,succeeded,2023-09-01 00:00:00
pay_1152551,sub_141515,cust_160144,199,USD,2023-10-01,ach,succeeded,2023-10-01 00:00:00
pay_6386864,sub_141515,cust_160144,199,USD,2023-11-01,credit_card,succeeded,2023-11-01 00:00:00
pay_5508524,sub_141515,cust_160144,199,USD,2023-12-01,credit_card,succeeded,2023-12-01 00:00:00
pay_7526404,sub_141515,cust_160144,199,USD,2024-01-01,credit_card,succeeded,2024-01-01 00:00:00
pay_8425018,sub_141515,cust_160144,199,USD,2024-02-01,credit_card,succeeded,2024-02-01 00:00:00
pay_2165010,sub_141515,cust_160144,199,USD,2024-03-01,credit_card,succeeded,2024-03-01 00:00:00
pay_4710067,sub_141515,cust_160144,199,USD,2024-04-01,credit_card,succeeded,2024-04-01 00:00:00
pay_7599278,sub_141515,cust_160144,199,USD,2024-05-01,credit_card,failed,2024-05-01 00:00:00
pay_4580997,sub_141515,cust_160144,199,USD,2024-06-01,credit_card,succeeded,2024-06-01 00:00:00
pay_8256078,sub_141515,cust_160144,199,USD,2024-07-01,credit_card,succeeded,2024-07-01 00:00:00
pay_9267193,sub_141515,cust_160144,199,USD,2024-08-01,ach,succeeded,2024-08-01 00:00:00
pay_4663203,sub_141515,cust_160144,199,USD,2024-09-01,credit_card,succeeded,2024-09-01 00:00:00
pay_7948577,sub_141515,cust_160144,199,USD,2024-10-01,wire,succeeded,2024-10-01 00:00:00
pay_1566565,sub_141515,cust_160144,199,USD,2024-11-01,ach,succeeded,2024-11-01 00:00:00
pay_6011987,sub_141515,cust_160144,199,USD,2024-12-01,ach,succeeded,2024-12-01 00:00:00
pay_8431465,sub_333886,cust_919264,29,USD,2024-11-01,credit_card,failed,2024-11-01 00:00:00
pay_7065068,sub_333886,cust_919264,29,USD,2024-12-01,credit_card,succeeded,2024-12-01 00:00:00
pay_1579706,sub_905533,cust_571778,29,USD,2024-01-15,credit_card,succeeded,2024-01-15 00:00:00
pay_3843162,sub_905533,cust_571778,29,USD,2024-02-01,wire,succeeded,2024-02-01 00:00:00
pay_6104224,sub_905533,cust_571778,29,USD,2024-03-01,credit_card,succeeded,2024-03-01 00:00:00
pay_2422948,sub_609917,cust_218959,29,USD,2023-01-27,credit_card,succeeded,2023-01-27 00:00:00
pay_5991409,sub_609917,cust_218959,29,USD,2023-02-01,credit_card,succeeded,2023-02-01 00:00:00
pay_9322488,sub_609917,cust_218959,29,USD,2023-03-01,credit_card,succeeded,2023-03-01 00:00:00
pay_8286828,sub_609917,cust_218959,29,USD,2023-04-01,ach,failed,2023-04-01 00:00:00
pay_7154283,sub_609917,cust_218959,29,USD,2023-05-01,wire,succeeded,2023-05-01 00:00:00
pay_8607512,sub_609917,cust_218959,29,USD,2023-06-01,ach,succeeded,2023-06-01 00:00:00
pay_1040606,sub_609917,cust_218959,79,USD,2023-07-01,ach,succeeded,2023-07-01 00:00:00
pay_1231414,sub_609917,cust_218959,79,USD,2023-08-01,credit_card,succeeded,2023-08-01 00:00:00
pay_7792054,sub_609917,cust_218959,79,USD,2023-09-01,credit_card,succeeded,2023-09-01 00:00:00
pay_6986616,sub_609917,cust_218959,79,USD,2023-10-01,ach,succeeded,2023-10-01 00:00:00
pay_5401874,sub_609917,cust_218959,79,USD,2023-11-01,ach,succeeded,2023-11-01 00:00:00
pay_5743330,sub_596405,cust_741599,199,USD,2023-10-20,wire,succeeded,2023-10-20 00:00:00
pay_6285851,sub_596405,cust_741599,199,USD,2023-11-01,wire,succeeded,2023-11-01 00:00:00
pay_4504186,sub_596405,cust_741599,199,USD,2023-12-01,credit_card,succeeded,2023-12-01 00:00:00
pay_4650543,sub_596405,cust_741599,199,USD,2024-01-01,wire,succeeded,2024-01-01 00:00:00
pay_9126971,sub_596405,cust_741599,199,USD,2024-02-01,wire,succeeded,2024-02-01 00:00:00
pay_5660649,sub_596405,cust_741599,199,USD,2024-03-01,wire,succeeded,2024-03-01 00:00:00
pay_5323278,sub_596405,cust_741599,79,USD,2024-04-01,wire,succeeded,2024-04-01 00:00:00
pay_9490715,sub_596405,cust_741599,79,USD,2024-05-01,ach,succeeded,2024-05-01 00:00:00
pay_6284723,sub_596405,cust_741599,79,USD,2024-06-01,credit_card,succeeded,2024-06-01 00:00:00
pay_5732779,sub_596405,cust_741599,79,USD,2024-07-01,wire,failed,2024-07-01 00:00:00
pay_4481895,sub_596405,cust_741599,79,USD,2024-08-01,credit_card,succeeded,2024-08-01 00:00:00
pay_8323566,sub_596405,cust_741599,79,USD,2024-09-01,credit_card,succeeded,2024-09-01 00:00:00
pay_3211036,sub_596405,cust_741599,79,USD,2024-10-01,credit_card,succeeded,2024-10-01 00:00:00
pay_5316105,sub_596405,cust_741599,79,USD,2024-11-01,ach,succeeded,2024-11-01 00:00:00
pay_2691886,sub_596405,cust_741599,79,USD,2024-12-01,credit_card,succeeded,2024-12-01 00:00:00
pay_9953454,sub_293020,cust_192055,790,USD,2024-11-29,credit_card,succeeded,2024-11-29 00:00:00
pay_2750356,sub_293020,cust_192055,79,USD,2024-12-01,credit_card,succeeded,2024-12-01 00:00:00
pay_6694761,sub_458633,cust_768676,790,USD,2023-06-28,credit_card,succeeded,2023-06-28 00:00:00
pay_1068514,sub_458633,cust_768676,79,USD,2023-07-01,credit_card,succeeded,2023-07-01 00:00:00
pay_8556961,sub_458633,cust_768676,79,USD,2023-08-01,ach,succeeded,2023-08-01 00:00:00
pay_3740542,sub_458633,cust_768676,79,USD,2023-09-01,credit_card,succeeded,2023-09-01 00:00:00
pay_9909616,sub_458633,cust_768676,79,USD,2023-10-01,credit_card,succeeded,2023-10-01 00:00:00
pay_6036037,sub_458633,cust_768676,79,USD,2023-11-01,credit_card,succeeded,2023-11-01 00:00:00
pay_3711456,sub_458633,cust_768676,79,USD,2023-12-01,credit_card,succeeded,2023-12-01 00:00:00
pay_8735892,sub_458633,cust_768676,79,USD,2024-01-01,wire,succeeded,2024-01-01 00:00:00
pay_2077331,sub_458633,cust_768676,79,USD,2024-02-01,wire,succeeded,2024-02-01 00:00:00
pay_9830779,sub_458633,cust_768676,79,USD,2024-03-01,credit_card,succeeded,2024-03-01 00:00:00
pay_3160366,sub_458633,cust_768676,79,USD,2024-04-01,credit_card,succeeded,2024-04-01 00:00:00
pay_9104718,sub_458633,cust_768676,79,USD,2024-05-01,credit_card,succeeded,2024-05-01 00:00:00
pay_5867457,sub_458633,cust_768676,790,USD,2024-06-01,credit_card,succeeded,2024-06-01 00:00:00
pay_1830067,sub_458633,cust_768676,79,USD,2024-07-01,ach,succeeded,2024-07-01 00:00:00
pay_4354243,sub_458633,cust_768676,199,USD,2024-08-01,credit_card,succeeded,2024-08-01 00:00:00
pay_7208876,sub_458633,cust_768676,199,USD,2024-09-01,ach,succeeded,2024-09-01 00:00:00
pay_5546937,sub_458633,cust_768676,199,USD,2024-10-01,ach,succeeded,2024-10-01 00:00:00
pay_6445335,sub_458633,cust_768676,199,USD,2024-11-01,wire,failed,2024-11-01 00:00:00
pay_8446110,sub_623706,cust_486831,290,USD,2024-04-23,wire,succeeded,2024-04-23 00:00:00
pay_7489772,sub_623706,cust_486831,29,USD,2024-05-01,credit_card,succeeded,2024-05-01 00:00:00
pay_5050722,sub_623706,cust_486831,29,USD,2024-06-01,credit_card,succeeded,2024-06-01 00:00:00
pay_8462069,sub_623706,cust_486831,29,USD,2024-07-01,credit_card,succeeded,2024-07-01 00:00:00
pay_3002028,sub_623706,cust_486831,29,USD,2024-08-01,credit_card,succeeded,2024-08-01 00:00:00
pay_1995794,sub_623706,cust_486831,29,USD,2024-09-01,wire,succeeded,2024-09-01 00:00:00
pay_7999133,sub_623706,cust_486831,29,USD,2024-10-01,credit_card,succeeded,2024-10-01 00:00:00
pay_3221445,sub_116977,cust_918164,79,USD,2024-07-18,credit_card,succeeded,2024-07-18 00:00:00
pay_6413194,sub_116977,cust_918164,79,USD,2024-08-01,credit_card,succeeded,2024-08-01 00:00:00
pay_8543348,sub_116977,cust_918164,79,USD,2024-09-01,wire,succeeded,2024-09-01 00:00:00
pay_5660426,sub_116977,cust_918164,79,USD,2024-10-01,credit_card,succeeded,2024-10-01 00:00:00
pay_9770096,sub_116977,cust_918164,79,USD,2024-11-01,ach,succeeded,2024-11-01 00:00:00
pay_7014194,sub_116977,cust_918164,79,USD,2024-12-01,ach,succeeded,2024-12-01 00:00:00
pay_3888162,sub_534166,cust_269834,79,USD,2023-11-27,credit_card,succeeded,2023-11-27 00:00:00
pay_5606976,sub_534166,cust_269834,79,USD,2023-12-01,credit_card,succeeded,2023-12-01 00:00:00
pay_7482964,sub_534166,cust_269834,79,USD,2024-01-01,wire,failed,2024-01-01 00:00:00
pay_9741256,sub_534166,cust_269834,79,USD,2024-02-01,ach,succeeded,2024-02-01 00:00:00
pay_3227887,sub_534166,cust_269834,79,USD,2024-03-01,credit_card,succeeded,2024-03-01 00:00:00
pay_6996400,sub_534166,cust_269834,79,USD,2024-04-01,credit_card,succeeded,2024-04-01 00:00:00
pay_6920683,sub_534166,cust_269834,199,USD,2024-05-01,credit_card,succeeded,2024-05-01 00:00:00
pay_3582118,sub_534166,cust_269834,199,USD,2024-06-01,credit_card,succeeded,2024-06-01 00:00:00
pay_6075721,sub_534166,cust_269834,199,USD,2024-07-01,credit_card,succeeded,2024-07-01 00:00:00
pay_9594836,sub_534166,cust_269834,199,USD,2024-08-01,wire,succeeded,2024-08-01 00:00:00
pay_5967836,sub_534166,cust_269834,199,USD,2024-09-01,credit_card,succeeded,2024-09-01 00:00:00
pay_4384241,sub_534166,cust_269834,199,USD,2024-10-01,credit_card,succeeded,2024-10-01 00:00:00
pay_9965922,sub_534166,cust_269834,199,USD,2024-11-01,ach,succeeded,2024-11-01 00:00:00
pay_4915486,sub_534166,cust_269834,199,USD,2024-12-01,credit_card,failed,2024-12-01 00:00:00
pay_1702907,sub_764909,cust_387782,79,USD,2023-05-09,credit_card,succeeded,2023-05-09 00:00:00
pay_5112941,sub_764909,cust_387782,79,USD,2023-06-01,ach,succeeded,2023-06-01 00:00:00
pay_6004627,sub_764909,cust_387782,79,USD,2023-07-01,credit_card,succeeded,2023-07-01 00:00:00
pay_4559466,sub_764909,cust_387782,199,USD,2023-08-01,wire,succeeded,2023-08-01 00:00:00
pay_2019436,sub_764909,cust_387782,199,USD,2023-09-01,credit_card,succeeded,2023-09-01 00:00:00
pay_6583198,sub_764909,cust_387782,199,USD,2023-10-01,credit_card,succeeded,2023-10-01 00:00:00
pay_9970343,sub_764909,cust_387782,79,USD,2023-11-01,credit_card,succeeded,2023-11-01 00:00:00
pay_5663680,sub_764909,cust_387782,79,USD,2023-12-01,credit_card,succeeded,2023-12-01 00:00:00
pay_1203272,sub_764909,cust_387782,79,USD,2024-01-01,wire,succeeded,2024-01-01 00:00:00
pay_2110878,sub_764909,cust_387782,79,USD,2024-02-01,wire,succeeded,2024-02-01 00:00:00
pay_9133442,sub_764909,cust_387782,79,USD,2024-03-01,wire,succeeded,2024-03-01 00:00:00
pay_3263740,sub_764909,cust_387782,79,USD,2024-04-01,credit_card,succeeded,2024-04-01 00:00:00
pay_3564507,sub_764909,cust_387782,79,USD,2024-05-01,wire,succeeded,2024-05-01 00:00:00
pay_4518935,sub_764909,cust_387782,79,USD,2024-06-01,credit_card,succeeded,2024-06-01 00:00:00
pay_5534911,sub_764909,cust_387782,79,USD,2024-07-01,wire,succeeded,2024-07-01 00:00:00
pay_6331349,sub_764909,cust_387782,79,USD,2024-08-01,credit_card,failed,2024-08-01 00:00:00
pay_6938085,sub_764909,cust_387782,79,USD,2024-09-01,ach,succeeded,2024-09-01 00:00:00
pay_9256789,sub_764909,cust_387782,79,USD,2024-10-01,credit_card,succeeded,2024-10-01 00:00:00
pay_1237577,sub_764909,cust_387782,79,USD,2024-11-01,wire,succeeded,2024-11-01 00:00:00
pay_4737494,sub_764909,cust_387782,79,USD,2024-12-01,wire,succeeded,2024-12-01 00:00:00
pay_1316057,sub_932308,cust_855638,790,USD,2024-09-11,credit_card,succeeded,2024-09-11 00:00:00
pay_1757615,sub_932308,cust_855638,79,USD,2024-10-01,credit_card,succeeded,2024-10-01 00:00:00
pay_8251052,sub_932308,cust_855638,79,USD,2024-11-01,credit_card,succeeded,2024-11-01 00:00:00
pay_5210656,sub_632216,cust_377511,29,USD,2024-10-28,credit_card,succeeded,2024-10-28 00:00:00
pay_1743148,sub_632216,cust_377511,29,USD,2024-11-01,credit_card,succeeded,2024-11-01 00:00:00
pay_6935346,sub_632216,cust_377511,29,USD,2024-12-01,wire,succeeded,2024-12-01 00:00:00
pay_3347334,sub_260825,cust_606404,29,USD,2024-01-01,credit_card,succeeded,2024-01-01 00:00:00
pay_1294645,sub_260825,cust_606404,29,USD,2024-02-01,ach,succeeded,2024-02-01 00:00:00
pay_6237492,sub_260825,cust_606404,29,USD,2024-03-01,credit_card,succeeded,2024-03-01 00:00:00
pay_2616804,sub_260825,cust_606404,29,USD,2024-04-01,wire,succeeded,2024-04-01 00:00:00
pay_8714773,sub_260825,cust_606404,29,USD,2024-05-01,ach,succeeded,2024-05-01 00:00:00
pay_8328059,sub_260825,cust_606404,29,USD,2024-06-01,ach,succeeded,2024-06-01 00:00:00
pay_7128711,sub_260825,cust_606404,29,USD,2024-07-01,credit_card,succeeded,2024-07-01 00:00:00
pay_2118934,sub_260825,cust_606404,29,USD,2024-08-01,wire,succeeded,2024-08-01 00:00:00
pay_5484630,sub_260825,cust_606404,290,USD,2024-09-01,wire,succeeded,2024-09-01 00:00:00
pay_4380048,sub_260825,cust_606404,29,USD,2024-10-01,credit_card,succeeded,2024-10-01 00:00:00
pay_3166549,sub_260825,cust_606404,29,USD,2024-11-01,wire,succeeded,2024-11-01 00:00:00
pay_9724147,sub_260825,cust_606404,29,USD,2024-12-01,ach,succeeded,2024-12-01 00:00:00
pay_5638123,sub_522700,cust_736129,1990,USD,2023-05-28,credit_card,succeeded,2023-05-28 00:00:00
pay_3670488,sub_522700,cust_736129,199,USD,2023-06-01,credit_card,succeeded,2023-06-01 00:00:00
pay_4687348,sub_522700,cust_736129,199,USD,2023-07-01,credit_card,succeeded,2023-07-01 00:00:00
pay_8203514,sub_522700,cust_736129,199,USD,2023-08-01,credit_card,succeeded,2023-08-01 00:00:00
pay_7049771,sub_522700,cust_736129,199,USD,2023-09-01,wire,succeeded,2023-09-01 00:00:00
pay_5696796,sub_522700,cust_736129,199,USD,2023-10-01,credit_card,succeeded,2023-10-01 00:00:00
pay_9062552,sub_522700,cust_736129,199,USD,2023-11-01,credit_card,succeeded,2023-11-01 00:00:00
pay_4519641,sub_522700,cust_736129,199,USD,2023-12-01,credit_card,succeeded,2023-12-01 00:00:00
pay_8439899,sub_522700,cust_736129,199,USD,2024-01-01,credit_card,succeeded,2024-01-01 00:00:00
pay_7441596,sub_522700,cust_736129,199,USD,2024-02-01,ach,succeeded,2024-02-01 00:00:00
pay_4584224,sub_522700,cust_736129,199,USD,2024-03-01,credit_card,succeeded,2024-03-01 00:00:00
pay_9885734,sub_522700,cust_736129,199,USD,2024-04-01,credit_card,succeeded,2024-04-01 00:00:00
pay_9399559,sub_522700,cust_736129,1990,USD,2024-05-01,credit_card,succeeded,2024-05-01 00:00:00
pay_3460905,sub_522700,cust_736129,79,USD,2024-06-01,ach,succeeded,2024-06-01 00:00:00
pay_6702336,sub_522700,cust_736129,79,USD,2024-07-01,wire,succeeded,2024-07-01 00:00:00
pay_1392646,sub_522700,cust_736129,79,USD,2024-08-01,ach,succeeded,2024-08-01 00:00:00
pay_4952151,sub_182598,cust_211341,29,USD,2023-11-23,credit_card,succeeded,2023-11-23 00:00:00
pay_3422826,sub_182598,cust_211341,29,USD,2023-12-01,credit_card,succeeded,2023-12-01 00:00:00
pay_2997279,sub_182598,cust_211341,29,USD,2024-01-01,ach,succeeded,2024-01-01 00:00:00
pay_1452563,sub_182598,cust_211341,29,USD,2024-02-01,credit_card,succeeded,2024-02-01 00:00:00
pay_4825188,sub_182598,cust_211341,29,USD,2024-03-01,ach,succeeded,2024-03-01 00:00:00
pay_1949825,sub_216320,cust_538446,79,USD,2023-09-12,credit_card,succeeded,2023-09-12 00:00:00
pay_8187582,sub_216320,cust_538446,79,USD,2023-10-01,credit_card,succeeded,2023-10-01 00:00:00
pay_8516545,sub_216320,cust_538446,29,USD,2023-11-01,credit_card,succeeded,2023-11-01 00:00:00
pay_5707149,sub_216320,cust_538446,29,USD,2023-12-01,ach,succeeded,2023-12-01 00:00:00
pay_6418382,sub_216320,cust_538446,79,USD,2024-01-01,credit_card,succeeded,2024-01-01 00:00:00
pay_8468713,sub_216320,cust_538446,79,USD,2024-02-01,ach,succeeded,2024-02-01 00:00:00
pay_6265940,sub_216320,cust_538446,79,USD,2024-03-01,credit_card,succeeded,2024-03-01 00:00:00
pay_2298454,sub_216320,cust_538446,79,USD,2024-04-01,wire,succeeded,2024-04-01 00:00:00
pay_1667591,sub_216320,cust_538446,79,USD,2024-05-01,ach,succeeded,2024-05-01 00:00:00
pay_8763973,sub_216320,cust_538446,79,USD,2024-06-01,wire,succeeded,2024-06-01 00:00:00
pay_2087196,sub_216320,cust_538446,79,USD,2024-07-01,credit_card,succeeded,2024-07-01 00:00:00
pay_1974389,sub_216320,cust_538446,79,USD,2024-08-01,wire,succeeded,2024-08-01 00:00:00
pay_7200756,sub_216320,cust_538446,79,USD,2024-09-01,wire,succeeded,2024-09-01 00:00:00
pay_7553290,sub_216320,cust_538446,199,USD,2024-10-01,credit_card,succeeded,2024-10-01 00:00:00
pay_4524857,sub_216320,cust_538446,199,USD,2024-11-01,wire,succeeded,2024-11-01 00:00:00
pay_9585344,sub_216320,cust_538446,199,USD,2024-12-01,ach,succeeded,2024-12-01 00:00:00
pay_9810112,sub_428817,cust_423528,29,USD,2024-09-01,credit_card,succeeded,2024-09-01 00:00:00
pay_1283437,sub_428817,cust_423528,29,USD,2024-10-01,ach,succeeded,2024-10-01 00:00:00
pay_3532314,sub_428817,cust_423528,29,USD,2024-11-01,credit_card,succeeded,2024-11-01 00:00:00
pay_2824928,sub_428817,cust_423528,29,USD,2024-12-01,credit_card,succeeded,2024-12-01 00:00:00
pay_1467368,sub_302212,cust_618934,199,USD,2024-09-03,credit_card,succeeded,2024-09-03 00:00:00
pay_2673834,sub_302212,cust_618934,199,USD,2024-10-01,credit_card,succeeded,2024-10-01 00:00:00
pay_9774395,sub_302212,cust_618934,199,USD,2024-11-01,ach,succeeded,2024-11-01 00:00:00
pay_2649056,sub_302212,cust_618934,199,USD,2024-12-01,wire,succeeded,2024-12-01 00:00:00
pay_1445483,sub_220364,cust_900961,29,USD,2024-05-01,ach,succeeded,2024-05-01 00:00:00
pay_7740917,sub_220364,cust_900961,29,USD,2024-06-01,ach,failed,2024-06-01 00:00:00
pay_1614850,sub_220364,cust_900961,29,USD,2024-07-01,credit_card,succeeded,2024-07-01 00:00:00
pay_3213840,sub_220364,cust_900961,29,USD,2024-08-01,credit_card,succeeded,2024-08-01 00:00:00
pay_3461797,sub_589730,cust_901535,790,USD,2024-07-17,wire,succeeded,2024-07-17 00:00:00
pay_7503221,sub_589730,cust_901535,79,USD,2024-08-01,wire,succeeded,2024-08-01 00:00:00
pay_4874996,sub_589730,cust_901535,79,USD,2024-09-01,credit_card,succeeded,2024-09-01 00:00:00
pay_9579547,sub_589730,cust_901535,79,USD,2024-10-01,ach,succeeded,2024-10-01 00:00:00
pay_8618893,sub_589730,cust_901535,79,USD,2024-11-01,credit_card,succeeded,2024-11-01 00:00:00
pay_6304667,sub_589730,cust_901535,79,USD,2024-12-01,credit_card,succeeded,2024-12-01 00:00:00
pay_6501310,sub_281361,cust_684929,29,USD,2024-04-01,ach,succeeded,2024-04-01 00:00:00
pay_7941836,sub_281361,cust_684929,29,USD,2024-05-01,wire,succeeded,2024-05-01 00:00:00
pay_4779679,sub_281361,cust_684929,29,USD,2024-06-01,credit_card,succeeded,2024-06-01 00:00:00
pay_8484166,sub_281361,cust_684929,29,USD,2024-07-01,credit_card,succeeded,2024-07-01 00:00:00
pay_8419877,sub_281361,cust_684929,29,USD,2024-08-01,credit_card,succeeded,2024-08-01 00:00:00
pay_3865691,sub_281361,cust_684929,29,USD,2024-09-01,credit_card,succeeded,2024-09-01 00:00:00
pay_6524227,sub_281361,cust_684929,29,USD,2024-10-01,credit_card,succeeded,2024-10-01 00:00:00
pay_6340049,sub_281361,cust_684929,29,USD,2024-11-01,ach,succeeded,2024-11-01 00:00:00
pay_1549194,sub_281361,cust_684929,29,USD,2024-12-01,credit_card,succeeded,2024-12-01 00:00:00
pay_2570584,sub_736795,cust_644559,29,USD,2024-04-12,wire,succeeded,2024-04-12 00:00:00
pay_4735341,sub_736795,cust_644559,29,USD,2024-05-01,wire,succeeded,2024-05-01 00:00:00
pay_5700249,sub_736795,cust_644559,29,USD,2024-06-01,credit_card,succeeded,2024-06-01 00:00:00
pay_7168050,sub_736795,cust_644559,29,USD,2024-07-01,wire,succeeded,2024-07-01 00:00:00
pay_2756081,sub_736795,cust_644559,29,USD,2024-08-01,credit_card,succeeded,2024-08-01 00:00:00
pay_6176924,sub_736795,cust_644559,29,USD,2024-09-01,ach,succeeded,2024-09-01 00:00:00
pay_2718032,sub_736795,cust_644559,29,USD,2024-10-01,credit_card,succeeded,2024-10-01 00:00:00
pay_6414076,sub_736795,cust_644559,29,USD,2024-11-01,credit_card,succeeded,2024-11-01 00:00:00
pay_9988463,sub_736795,cust_644559,29,USD,2024-12-01,ach,succeeded,2024-12-01 00:00:00
pay_7602571,sub_517654,cust_983532,79,USD,2023-11-03,wire,succeeded,2023-11-03 00:00:00
pay_1628717,sub_517654,cust_983532,79,USD,2023-12-01,wire,succeeded,2023-12-01 00:00:00
pay_8555354,sub_517654,cust_983532,79,USD,2024-01-01,wire,succeeded,2024-01-01 00:00:00
pay_1896520,sub_517654,cust_983532,79,USD,2024-02-01,credit_card,succeeded,2024-02-01 00:00:00
pay_6075999,sub_517654,cust_983532,79,USD,2024-03-01,credit_card,succeeded,2024-03-01 00:00:00
pay_9596278,sub_517654,cust_983532,79,USD,2024-04-01,credit_card,succeeded,2024-04-01 00:00:00
pay_8936104,sub_517654,cust_983532,79,USD,2024-05-01,wire,succeeded,2024-05-01 00:00:00
pay_1415063,sub_517654,cust_983532,79,USD,2024-06-01,credit_card,succeeded,2024-06-01 00:00:00
pay_8101098,sub_517654,cust_983532,79,USD,2024-07-01,ach,succeeded,2024-07-01 00:00:00
pay_1363209,sub_517654,cust_983532,79,USD,2024-08-01,credit_card,succeeded,2024-08-01 00:00:00
pay_3260101,sub_517654,cust_983532,199,USD,2024-09-01,wire,succeeded,2024-09-01 00:00:00
pay_4667999,sub_517654,cust_983532,199,USD,2024-10-01,ach,succeeded,2024-10-01 00:00:00
pay_4494905,sub_517654,cust_983532,199,USD,2024-11-01,credit_card,succeeded,2024-11-01 00:00:00
pay_9358735,sub_517654,cust_983532,199,USD,2024-12-01,credit_card,succeeded,2024-12-01 00:00:00
pay_3687155,sub_343949,cust_447329,199,USD,2024-11-20,wire,succeeded,2024-11-20 00:00:00
pay_3471319,sub_343949,cust_447329,199,USD,2024-12-01,ach,succeeded,2024-12-01 00:00:00
pay_9540340,sub_731035,cust_787436,79,USD,2024-08-15,ach,succeeded,2024-08-15 00:00:00
pay_4495991,sub_731035,cust_787436,79,USD,2024-09-01,credit_card,succeeded,2024-09-01 00:00:00
pay_2488612,sub_731035,cust_787436,79,USD,2024-10-01,credit_card,succeeded,2024-10-01 00:00:00
pay_6105303,sub_731035,cust_787436,79,USD,2024-11-01,credit_card,succeeded,2024-11-01 00:00:00
pay_4804546,sub_731035,cust_787436,79,USD,2024-12-01,credit_card,succeeded,2024-12-01 00:00:00
pay_2517838,sub_307775,cust_313795,199,USD,2024-02-25,ach,succeeded,2024-02-25 00:00:00
pay_7255356,sub_307775,cust_313795,199,USD,2024-03-01,credit_card,succeeded,2024-03-01 00:00:00
pay_5266269,sub_307775,cust_313795,199,USD,2024-04-01,wire,succeeded,2024-04-01 00:00:00
pay_8262193,sub_307775,cust_313795,199,USD,2024-05-01,ach,succeeded,2024-05-01 00:00:00
pay_8827641,sub_307775,cust_313795,79,USD,2024-06-01,credit_card,failed,2024-06-01 00:00:00
pay_7447495,sub_307775,cust_313795,79,USD,2024-07-01,ach,succeeded,2024-07-01 00:00:00
pay_7522582,sub_307775,cust_313795,79,USD,2024-08-01,credit_card,succeeded,2024-08-01 00:00:00
pay_6794463,sub_307775,cust_313795,199,USD,2024-09-01,wire,succeeded,2024-09-01 00:00:00
pay_5755257,sub_307775,cust_313795,199,USD,2024-10-01,credit_card,succeeded,2024-10-01 00:00:00
pay_9171446,sub_307775,cust_313795,199,USD,2024-11-01,credit_card,succeeded,2024-11-01 00:00:00
pay_2927778,sub_307775,cust_313795,199,USD,2024-12-01,ach,succeeded,2024-12-01 00:00:00
pay_1049281,sub_398882,cust_688132,79,USD,2023-11-29,credit_card,succeeded,2023-11-29 00:00:00
pay_3710559,sub_398882,cust_688132,79,USD,2023-12-01,credit_card,failed,2023-12-01 00:00:00
pay_2577785,sub_398882,cust_688132,79,USD,2024-01-01,ach,succeeded,2024-01-01 00:00:00
pay_2204692,sub_398882,cust_688132,79,USD,2024-02-01,credit_card,succeeded,2024-02-01 00:00:00
pay_2658962,sub_398882,cust_688132,79,USD,2024-03-01,credit_card,succeeded,2024-03-01 00:00:00
pay_6030679,sub_398882,cust_688132,79,USD,2024-04-01,credit_card,succeeded,2024-04-01 00:00:00
pay_7486138,sub_398882,cust_688132,79,USD,2024-05-01,credit_card,succeeded,2024-05-01 00:00:00
pay_5280631,sub_141020,cust_855944,199,USD,2024-11-28,wire,succeeded,2024-11-28 00:00:00
pay_9168044,sub_141020,cust_855944,199,USD,2024-12-01,ach,succeeded,2024-12-01 00:00:00
pay_3155226,sub_592718,cust_412071,79,USD,2023-10-23,wire,succeeded,2023-10-23 00:00:00
pay_3103442,sub_592718,cust_412071,79,USD,2023-11-01,wire,succeeded,2023-11-01 00:00:00
pay_5049416,sub_592718,cust_412071,79,USD,2023-12-01,credit_card,succeeded,2023-12-01 00:00:00
pay_1481032,sub_592718,cust_412071,79,USD,2024-01-01,credit_card,succeeded,2024-01-01 00:00:00
pay_6836472,sub_592718,cust_412071,79,USD,2024-02-01,credit_card,succeeded,2024-02-01 00:00:00
pay_7450350,sub_592718,cust_412071,79,USD,2024-03-01,credit_card,succeeded,2024-03-01 00:00:00
pay_4164310,sub_592718,cust_412071,79,USD,2024-04-01,ach,succeeded,2024-04-01 00:00:00
pay_8712145,sub_592718,cust_412071,79,USD,2024-05-01,credit_card,succeeded,2024-05-01 00:00:00
pay_7334303,sub_592718,cust_412071,79,USD,2024-06-01,ach,succeeded,2024-06-01 00:00:00
pay_2307943,sub_592718,cust_412071,79,USD,2024-07-01,credit_card,succeeded,2024-07-01 00:00:00
pay_6258777,sub_592718,cust_412071,79,USD,2024-08-01,ach,succeeded,2024-08-01 00:00:00
pay_5662134,sub_592718,cust_412071,79,USD,2024-09-01,credit_card,succeeded,2024-09-01 00:00:00
pay_1538072,sub_592718,cust_412071,79,USD,2024-10-01,credit_card,succeeded,2024-10-01 00:00:00
pay_3147583,sub_592718,cust_412071,79,USD,2024-11-01,credit_card,succeeded,2024-11-01 00:00:00
pay_4694011,sub_245473,cust_809489,199,USD,2024-07-10,credit_card,succeeded,2024-07-10 00:00:00
pay_1664676,sub_245473,cust_809489,199,USD,2024-08-01,credit_card,succeeded,2024-08-01 00:00:00
pay_4502357,sub_245473,cust_809489,199,USD,2024-09-01,ach,succeeded,2024-09-01 00:00:00
pay_4702852,sub_245473,cust_809489,199,USD,2024-10-01,ach,succeeded,2024-10-01 00:00:00
pay_1270874,sub_245473,cust_809489,199,USD,2024-11-01,credit_card,succeeded,2024-11-01 00:00:00
pay_8588997,sub_245473,cust_809489,199,USD,2024-12-01,wire,succeeded,2024-12-01 00:00:00
pay_3511883,sub_955792,cust_182868,790,USD,2023-12-21,credit_card,succeeded,2023-12-21 00:00:00
pay_7771374,sub_955792,cust_182868,79,USD,2024-01-01,credit_card,succeeded,2024-01-01 00:00:00
pay_1451336,sub_955792,cust_182868,79,USD,2024-02-01,wire,succeeded,2024-02-01 00:00:00
pay_5115673,sub_955792,cust_182868,199,USD,2024-03-01,credit_card,succeeded,2024-03-01 00:00:00
pay_6101036,sub_955792,cust_182868,199,USD,2024-04-01,ach,succeeded,2024-04-01 00:00:00
pay_8286026,sub_955792,cust_182868,199,USD,2024-05-01,credit_card,succeeded,2024-05-01 00:00:00
pay_7323234,sub_955792,cust_182868,199,USD,2024-06-01,credit_card,succeeded,2024-06-01 00:00:00
pay_7437922,sub_955792,cust_182868,199,USD,2024-07-01,credit_card,succeeded,2024-07-01 00:00:00
pay_3151521,sub_955792,cust_182868,199,USD,2024-08-01,ach,succeeded,2024-08-01 00:00:00
pay_6984503,sub_955792,cust_182868,199,USD,2024-09-01,ach,succeeded,2024-09-01 00:00:00
pay_6617936,sub_955792,cust_182868,199,USD,2024-10-01,credit_card,succeeded,2024-10-01 00:00:00
pay_3649973,sub_955792,cust_182868,79,USD,2024-11-01,credit_card,succeeded,2024-11-01 00:00:00
pay_8359688,sub_955792,cust_182868,790,USD,2024-12-01,ach,succeeded,2024-12-01 00:00:00
pay_5407512,sub_767841,cust_243941,199,USD,2023-04-22,credit_card,succeeded,2023-04-22 00:00:00
pay_1754659,sub_767841,cust_243941,199,USD,2023-05-01,credit_card,succeeded,2023-05-01 00:00:00
pay_6425355,sub_767841,cust_243941,199,USD,2023-06-01,credit_card,succeeded,2023-06-01 00:00:00
pay_6612357,sub_767841,cust_243941,199,USD,2023-07-01,credit_card,succeeded,2023-07-01 00:00:00
pay_4494463,sub_767841,cust_243941,199,USD,2023-08-01,credit_card,succeeded,2023-08-01 00:00:00
pay_5291913,sub_767841,cust_243941,199,USD,2023-09-01,wire,succeeded,2023-09-01 00:00:00
pay_3360249,sub_767841,cust_243941,199,USD,2023-10-01,credit_card,succeeded,2023-10-01 00:00:00
pay_9991642,sub_767841,cust_243941,199,USD,2023-11-01,credit_card,succeeded,2023-11-01 00:00:00
pay_6044742,sub_767841,cust_243941,199,USD,2023-12-01,ach,succeeded,2023-12-01 00:00:00
pay_4916224,sub_767841,cust_243941,199,USD,2024-01-01,credit_card,succeeded,2024-01-01 00:00:00
pay_7059883,sub_767841,cust_243941,199,USD,2024-02-01,credit_card,succeeded,2024-02-01 00:00:00
pay_2404119,sub_767841,cust_243941,199,USD,2024-03-01,credit_card,succeeded,2024-03-01 00:00:00
pay_5905837,sub_767841,cust_243941,199,USD,2024-04-01,wire,succeeded,2024-04-01 00:00:00
pay_3496733,sub_767841,cust_243941,199,USD,2024-05-01,credit_card,succeeded,2024-05-01 00:00:00
pay_5374061,sub_767841,cust_243941,199,USD,2024-06-01,wire,succeeded,2024-06-01 00:00:00
pay_9674804,sub_767841,cust_243941,199,USD,2024-07-01,ach,succeeded,2024-07-01 00:00:00
pay_6315276,sub_767841,cust_243941,199,USD,2024-08-01,credit_card,succeeded,2024-08-01 00:00:00
pay_1135513,sub_767841,cust_243941,199,USD,2024-09-01,credit_card,succeeded,2024-09-01 00:00:00
pay_6406133,sub_767841,cust_243941,199,USD,2024-10-01,credit_card,failed,2024-10-01 00:00:00
pay_9313900,sub_767841,cust_243941,199,USD,2024-11-01,ach,succeeded,2024-11-01 00:00:00
pay_9620683,sub_767841,cust_243941,199,USD,2024-12-01,credit_card,succeeded,2024-12-01 00:00:00
pay_9864015,sub_297045,cust_533377,79,USD,2023-12-05,credit_card,succeeded,2023-12-05 00:00:00
pay_2002850,sub_297045,cust_533377,79,USD,2024-01-01,credit_card,succeeded,2024-01-01 00:00:00
pay_9991137,sub_297045,cust_533377,79,USD,2024-02-01,ach,succeeded,2024-02-01 00:00:00
pay_2439050,sub_297045,cust_533377,79,USD,2024-03-01,credit_card,succeeded,2024-03-01 00:00:00
pay_2414449,sub_297045,cust_533377,79,USD,2024-04-01,credit_card,succeeded,2024-04-01 00:00:00
pay_2089225,sub_297045,cust_533377,79,USD,2024-05-01,credit_card,succeeded,2024-05-01 00:00:00
pay_9076234,sub_297045,cust_533377,79,USD,2024-06-01,wire,succeeded,2024-06-01 00:00:00
pay_2742896,sub_297045,cust_533377,79,USD,2024-07-01,credit_card,succeeded,2024-07-01 00:00:00
pay_2302184,sub_297045,cust_533377,79,USD,2024-08-01,wire,succeeded,2024-08-01 00:00:00
pay_1760633,sub_297045,cust_533377,79,USD,2024-09-01,wire,succeeded,2024-09-01 00:00:00
pay_9799742,sub_297045,cust_533377,79,USD,2024-10-01,credit_card,succeeded,2024-10-01 00:00:00
pay_3162145,sub_297045,cust_533377,79,USD,2024-11-01,credit_card,succeeded,2024-11-01 00:00:00
pay_1887163,sub_297045,cust_533377,79,USD,2024-12-01,ach,succeeded,2024-12-01 00:00:00
pay_1038580,sub_574409,cust_598807,290,USD,2024-05-03,credit_card,succeeded,2024-05-03 00:00:00
pay_4320590,sub_574409,cust_598807,29,USD,2024-06-01,credit_card,succeeded,2024-06-01 00:00:00
pay_2209670,sub_574409,cust_598807,29,USD,2024-07-01,credit_card,succeeded,2024-07-01 00:00:00
pay_4006575,sub_574409,cust_598807,29,USD,2024-08-01,credit_card,succeeded,2024-08-01 00:00:00
pay_1557680,sub_422066,cust_874568,290,USD,2023-02-08,credit_card,failed,2023-02-08 00:00:00
pay_1909825,sub_422066,cust_874568,29,USD,2023-03-01,credit_card,succeeded,2023-03-01 00:00:00
pay_8243348,sub_422066,cust_874568,29,USD,2023-04-01,credit_card,succeeded,2023-04-01 00:00:00
pay_6622669,sub_422066,cust_874568,29,USD,2023-05-01,credit_card,succeeded,2023-05-01 00:00:00
pay_3317024,sub_422066,cust_874568,29,USD,2023-06-01,credit_card,succeeded,2023-06-01 00:00:00
pay_2603506,sub_129974,cust_403528,29,USD,2023-10-01,credit_card,succeeded,2023-10-01 00:00:00
pay_3573667,sub_129974,cust_403528,29,USD,2023-11-01,credit_card,succeeded,2023-11-01 00:00:00
pay_9059768,sub_129974,cust_403528,29,USD,2023-12-01,credit_card,succeeded,2023-12-01 00:00:00
pay_2264798,sub_129974,cust_403528,29,USD,2024-01-01,credit_card,succeeded,2024-01-01 00:00:00
pay_3376786,sub_129974,cust_403528,29,USD,2024-02-01,credit_card,succeeded,2024-02-01 00:00:00
pay_7741007,sub_129974,cust_403528,29,USD,2024-03-01,ach,succeeded,2024-03-01 00:00:00
pay_4452862,sub_129974,cust_403528,79,USD,2024-04-01,wire,succeeded,2024-04-01 00:00:00
pay_3276390,sub_129974,cust_403528,79,USD,2024-05-01,credit_card,succeeded,2024-05-01 00:00:00
pay_1528602,sub_129974,cust_403528,29,USD,2024-06-01,credit_card,succeeded,2024-06-01 00:00:00
pay_3189287,sub_129974,cust_403528,29,USD,2024-07-01,credit_card,succeeded,2024-07-01 00:00:00
pay_1791742,sub_129974,cust_403528,29,USD,2024-08-01,credit_card,succeeded,2024-08-01 00:00:00
pay_1461898,sub_129974,cust_403528,79,USD,2024-09-01,credit_card,succeeded,2024-09-01 00:00:00
pay_1777742,sub_129974,cust_403528,79,USD,2024-10-01,credit_card,succeeded,2024-10-01 00:00:00
pay_4485207,sub_129974,cust_403528,79,USD,2024-11-01,credit_card,succeeded,2024-11-01 00:00:00
pay_4507711,sub_129974,cust_403528,79,USD,2024-12-01,credit_card,succeeded,2024-12-01 00:00:00
pay_4228659,sub_216478,cust_617904,79,USD,2023-05-18,credit_card,succeeded,2023-05-18 00:00:00
pay_7100484,sub_216478,cust_617904,79,USD,2023-06-01,credit_card,succeeded,2023-06-01 00:00:00
pay_2958634,sub_216478,cust_617904,79,USD,2023-07-01,credit_card,succeeded,2023-07-01 00:00:00
pay_5264147,sub_216478,cust_617904,79,USD,2023-08-01,credit_card,succeeded,2023-08-01 00:00:00
pay_7907522,sub_216478,cust_617904,199,USD,2023-09-01,credit_card,succeeded,2023-09-01 00:00:00
pay_4633581,sub_216478,cust_617904,199,USD,2023-10-01,credit_card,succeeded,2023-10-01 00:00:00
pay_7706319,sub_216478,cust_617904,199,USD,2023-11-01,credit_card,succeeded,2023-11-01 00:00:00
pay_5998755,sub_216478,cust_617904,199,USD,2023-12-01,wire,succeeded,2023-12-01 00:00:00
pay_1083492,sub_216478,cust_617904,199,USD,2024-01-01,credit_card,succeeded,2024-01-01 00:00:00
pay_9589914,sub_216478,cust_617904,199,USD,2024-02-01,ach,succeeded,2024-02-01 00:00:00
pay_5489963,sub_216478,cust_617904,199,USD,2024-03-01,credit_card,succeeded,2024-03-01 00:00:00
pay_6982910,sub_216478,cust_617904,199,USD,2024-04-01,credit_card,succeeded,2024-04-01 00:00:00
pay_8613786,sub_216478,cust_617904,199,USD,2024-05-01,ach,succeeded,2024-05-01 00:00:00
pay_5068524,sub_216478,cust_617904,199,USD,2024-06-01,credit_card,succeeded,2024-06-01 00:00:00
pay_7048575,sub_216478,cust_617904,199,USD,2024-07-01,credit_card,succeeded,2024-07-01 00:00:00
pay_4893209,sub_216478,cust_617904,199,USD,2024-08-01,credit_card,succeeded,2024-08-01 00:00:00
pay_2545435,sub_216478,cust_617904,199,USD,2024-09-01,credit_card,succeeded,2024-09-01 00:00:00
pay_7436550,sub_216478,cust_617904,199,USD,2024-10-01,ach,succeeded,2024-10-01 00:00:00
pay_6578686,sub_216478,cust_617904,199,USD,2024-11-01,wire,succeeded,2024-11-01 00:00:00
pay_5488091,sub_216478,cust_617904,199,USD,2024-12-01,ach,succeeded,2024-12-01 00:00:00
pay_7544569,sub_874992,cust_114768,79,USD,2023-12-12,credit_card,succeeded,2023-12-12 00:00:00
pay_5132031,sub_874992,cust_114768,79,USD,2024-01-01,wire,succeeded,2024-01-01 00:00:00
pay_7988644,sub_874992,cust_114768,79,USD,2024-02-01,ach,succeeded,2024-02-01 00:00:00
pay_5472823,sub_874992,cust_114768,29,USD,2024-03-01,ach,succeeded,2024-03-01 00:00:00
pay_7198743,sub_874992,cust_114768,29,USD,2024-04-01,credit_card,succeeded,2024-04-01 00:00:00
pay_7222167,sub_874992,cust_114768,29,USD,2024-05-01,credit_card,succeeded,2024-05-01 00:00:00
pay_8407668,sub_722859,cust_190951,29,USD,2024-02-15,credit_card,succeeded,2024-02-15 00:00:00
pay_7606979,sub_722859,cust_190951,29,USD,2024-03-01,ach,succeeded,2024-03-01 00:00:00
pay_4914547,sub_722859,cust_190951,29,USD,2024-04-01,credit_card,succeeded,2024-04-01 00:00:00
pay_7840442,sub_722859,cust_190951,29,USD,2024-05-01,credit_card,succeeded,2024-05-01 00:00:00
pay_6688883,sub_722859,cust_190951,29,USD,2024-06-01,credit_card,succeeded,2024-06-01 00:00:00
pay_4398191,sub_722859,cust_190951,29,USD,2024-07-01,ach,succeeded,2024-07-01 00:00:00
pay_3528906,sub_722859,cust_190951,29,USD,2024-08-01,credit_card,succeeded,2024-08-01 00:00:00
pay_8966175,sub_722859,cust_190951,29,USD,2024-09-01,credit_card,succeeded,2024-09-01 00:00:00
pay_8678370,sub_722859,cust_190951,29,USD,2024-10-01,ach,succeeded,2024-10-01 00:00:00
pay_4768255,sub_722859,cust_190951,29,USD,2024-11-01,credit_card,succeeded,2024-11-01 00:00:00
pay_5808672,sub_614496,cust_890371,290,USD,2023-10-01,ach,succeeded,2023-10-01 00:00:00
pay_9392152,sub_614496,cust_890371,29,USD,2023-11-01,ach,succeeded,2023-11-01 00:00:00
pay_1438459,sub_614496,cust_890371,29,USD,2023-12-01,ach,succeeded,2023-12-01 00:00:00
pay_7598418,sub_614496,cust_890371,29,USD,2024-01-01,wire,succeeded,2024-01-01 00:00:00
pay_8891816,sub_614496,cust_890371,29,USD,2024-02-01,wire,succeeded,2024-02-01 00:00:00
pay_2294596,sub_614496,cust_890371,29,USD,2024-03-01,ach,succeeded,2024-03-01 00:00:00
pay_4768219,sub_449950,cust_588002,290,USD,2023-11-11,wire,succeeded,2023-11-11 00:00:00
pay_7604374,sub_449950,cust_588002,29,USD,2023-12-01,wire,succeeded,2023-12-01 00:00:00
pay_8749473,sub_449950,cust_588002,29,USD,2024-01-01,credit_card,succeeded,2024-01-01 00:00:00
pay_1387913,sub_449950,cust_588002,79,USD,2024-02-01,ach,failed,2024-02-01 00:00:00
pay_8952128,sub_449950,cust_588002,79,USD,2024-03-01,credit_card,succeeded,2024-03-01 00:00:00
pay_8910966,sub_449950,cust_588002,79,USD,2024-04-01,credit_card,succeeded,2024-04-01 00:00:00
pay_1068231,sub_449950,cust_588002,79,USD,2024-05-01,credit_card,succeeded,2024-05-01 00:00:00
pay_8107034,sub_449950,cust_588002,79,USD,2024-06-01,ach,succeeded,2024-06-01 00:00:00
pay_1320427,sub_449950,cust_588002,79,USD,2024-07-01,wire,succeeded,2024-07-01 00:00:00
pay_7486029,sub_449950,cust_588002,79,USD,2024-08-01,credit_card,succeeded,2024-08-01 00:00:00
pay_2976769,sub_449950,cust_588002,79,USD,2024-09-01,credit_card,succeeded,2024-09-01 00:00:00
pay_5789475,sub_449950,cust_588002,79,USD,2024-10-01,ach,succeeded,2024-10-01 00:00:00
pay_5997097,sub_449950,cust_588002,790,USD,2024-11-01,ach,succeeded,2024-11-01 00:00:00
pay_6424321,sub_449950,cust_588002,79,USD,2024-12-01,credit_card,succeeded,2024-12-01 00:00:00
pay_3758975,sub_757343,cust_409369,79,USD,2024-01-12,ach,succeeded,2024-01-12 00:00:00
pay_5975077,sub_757343,cust_409369,79,USD,2024-02-01,credit_card,succeeded,2024-02-01 00:00:00
pay_4441255,sub_757343,cust_409369,79,USD,2024-03-01,credit_card,succeeded,2024-03-01 00:00:00
pay_8717678,sub_757343,cust_409369,79,USD,2024-04-01,credit_card,succeeded,2024-04-01 00:00:00
pay_6042815,sub_757343,cust_409369,79,USD,2024-05-01,credit_card,succeeded,2024-05-01 00:00:00
pay_5400067,sub_757343,cust_409369,79,USD,2024-06-01,wire,succeeded,2024-06-01 00:00:00
pay_2340899,sub_757343,cust_409369,79,USD,2024-07-01,credit_card,succeeded,2024-07-01 00:00:00
pay_7939248,sub_757343,cust_409369,79,USD,2024-08-01,ach,succeeded,2024-08-01 00:00:00
pay_8720280,sub_757343,cust_409369,79,USD,2024-09-01,credit_card,succeeded,2024-09-01 00:00:00
pay_8574876,sub_757343,cust_409369,79,USD,2024-10-01,credit_card,succeeded,2024-10-01 00:00:00
pay_4761391,sub_757343,cust_409369,79,USD,2024-11-01,credit_card,succeeded,2024-11-01 00:00:00
pay_2861223,sub_757343,cust_409369,79,USD,2024-12-01,credit_card,succeeded,2024-12-01 00:00:00
pay_7536896,sub_554515,cust_593699,1990,USD,2024-07-04,credit_card,succeeded,2024-07-04 00:00:00
pay_1462042,sub_554515,cust_593699,199,USD,2024-08-01,credit_card,succeeded,2024-08-01 00:00:00
pay_5142269,sub_554515,cust_593699,199,USD,2024-09-01,wire,succeeded,2024-09-01 00:00:00
pay_1568535,sub_554515,cust_593699,79,USD,2024-10-01,credit_card,succeeded,2024-10-01 00:00:00
pay_4886002,sub_554515,cust_593699,79,USD,2024-11-01,credit_card,succeeded,2024-11-01 00:00:00
pay_4614553,sub_554515,cust_593699,79,USD,2024-12-01,ach,succeeded,2024-12-01 00:00:00
pay_8034050,sub_167755,cust_563303,790,USD,2023-04-30,ach,succeeded,2023-04-30 00:00:00
pay_4441317,sub_167755,cust_563303,79,USD,2023-05-01,credit_card,succeeded,2023-05-01 00:00:00
pay_2684279,sub_167755,cust_563303,79,USD,2023-06-01,credit_card,succeeded,2023-06-01 00:00:00
pay_5451032,sub_167755,cust_563303,79,USD,2023-07-01,credit_card,succeeded,2023-07-01 00:00:00
pay_2193846,sub_229431,cust_578987,29,USD,2024-07-31,ach,succeeded,2024-07-31 00:00:00
pay_4632437,sub_229431,cust_578987,29,USD,2024-08-01,credit_card,succeeded,2024-08-01 00:00:00
pay_5211842,sub_229431,cust_578987,29,USD,2024-09-01,wire,succeeded,2024-09-01 00:00:00
pay_7718548,sub_397025,cust_706403,290,USD,2023-03-16,credit_card,succeeded,2023-03-16 00:00:00
pay_2393146,sub_397025,cust_706403,29,USD,2023-04-01,credit_card,succeeded,2023-04-01 00:00:00
pay_6226950,sub_397025,cust_706403,29,USD,2023-05-01,credit_card,succeeded,2023-05-01 00:00:00
pay_1648481,sub_397025,cust_706403,29,USD,2023-06-01,credit_card,succeeded,2023-06-01 00:00:00
pay_7999942,sub_397025,cust_706403,79,USD,2023-07-01,ach,succeeded,2023-07-01 00:00:00
pay_7781322,sub_397025,cust_706403,79,USD,2023-08-01,wire,succeeded,2023-08-01 00:00:00
pay_2213893,sub_397025,cust_706403,79,USD,2023-09-01,wire,succeeded,2023-09-01 00:00:00
pay_5134708,sub_397025,cust_706403,79,USD,2023-10-01,credit_card,succeeded,2023-10-01 00:00:00
pay_4365042,sub_397025,cust_706403,79,USD,2023-11-01,credit_card,succeeded,2023-11-01 00:00:00
pay_6521828,sub_397025,cust_706403,79,USD,2023-12-01,credit_card,succeeded,2023-12-01 00:00:00
pay_3616177,sub_397025,cust_706403,79,USD,2024-01-01,credit_card,succeeded,2024-01-01 00:00:00
pay_4313194,sub_397025,cust_706403,79,USD,2024-02-01,credit_card,succeeded,2024-02-01 00:00:00
pay_9020438,sub_397025,cust_706403,790,USD,2024-03-01,wire,succeeded,2024-03-01 00:00:00
pay_2613437,sub_397025,cust_706403,79,USD,2024-04-01,ach,succeeded,2024-04-01 00:00:00
pay_2672509,sub_397025,cust_706403,79,USD,2024-05-01,credit_card,succeeded,2024-05-01 00:00:00
pay_7411540,sub_397025,cust_706403,79,USD,2024-06-01,credit_card,succeeded,2024-06-01 00:00:00
pay_9062331,sub_397025,cust_706403,79,USD,2024-07-01,credit_card,succeeded,2024-07-01 00:00:00
pay_2449725,sub_397025,cust_706403,79,USD,2024-08-01,ach,succeeded,2024-08-01 00:00:00
pay_3268809,sub_397025,cust_706403,79,USD,2024-09-01,credit_card,succeeded,2024-09-01 00:00:00
pay_6191492,sub_397025,cust_706403,79,USD,2024-10-01,credit_card,succeeded,2024-10-01 00:00:00
pay_6091131,sub_397025,cust_706403,79,USD,2024-11-01,ach,succeeded,2024-11-01 00:00:00
pay_1072278,sub_397025,cust_706403,79,USD,2024-12-01,credit_card,succeeded,2024-12-01 00:00:00
pay_9736811,sub_362165,cust_906325,199,USD,2023-05-19,wire,succeeded,2023-05-19 00:00:00
pay_2480839,sub_362165,cust_906325,199,USD,2023-06-01,credit_card,succeeded,2023-06-01 00:00:00
pay_3223316,sub_362165,cust_906325,199,USD,2023-07-01,wire,succeeded,2023-07-01 00:00:00
pay_6017628,sub_362165,cust_906325,199,USD,2023-08-01,credit_card,succeeded,2023-08-01 00:00:00
pay_9129884,sub_362165,cust_906325,199,USD,2023-09-01,credit_card,succeeded,2023-09-01 00:00:00
pay_4575673,sub_362165,cust_906325,199,USD,2023-10-01,ach,succeeded,2023-10-01 00:00:00
pay_9557662,sub_362165,cust_906325,199,USD,2023-11-01,credit_card,succeeded,2023-11-01 00:00:00
pay_5941964,sub_362165,cust_906325,199,USD,2023-12-01,ach,succeeded,2023-12-01 00:00:00
pay_2203724,sub_362165,cust_906325,199,USD,2024-01-01,credit_card,succeeded,2024-01-01 00:00:00
pay_2336994,sub_362165,cust_906325,199,USD,2024-02-01,credit_card,succeeded,2024-02-01 00:00:00
pay_9377149,sub_362165,cust_906325,199,USD,2024-03-01,credit_card,succeeded,2024-03-01 00:00:00
pay_2865605,sub_362165,cust_906325,199,USD,2024-04-01,ach,succeeded,2024-04-01 00:00:00
pay_5802780,sub_362165,cust_906325,199,USD,2024-05-01,credit_card,succeeded,2024-05-01 00:00:00
pay_3545972,sub_362165,cust_906325,79,USD,2024-06-01,credit_card,succeeded,2024-06-01 00:00:00
pay_1803379,sub_362165,cust_906325,79,USD,2024-07-01,credit_card,succeeded,2024-07-01 00:00:00
pay_2382462,sub_362165,cust_906325,79,USD,2024-08-01,credit_card,succeeded,2024-08-01 00:00:00
pay_1862334,sub_362165,cust_906325,79,USD,2024-09-01,ach,succeeded,2024-09-01 00:00:00
pay_8270280,sub_362165,cust_906325,79,USD,2024-10-01,credit_card,succeeded,2024-10-01 00:00:00
pay_7820273,sub_362165,cust_906325,79,USD,2024-11-01,wire,succeeded,2024-11-01 00:00:00
pay_6777972,sub_362165,cust_906325,79,USD,2024-12-01,credit_card,succeeded,2024-12-01 00:00:00
pay_6421976,sub_591130,cust_493892,199,USD,2023-03-24,credit_card,succeeded,2023-03-24 00:00:00
pay_9335728,sub_591130,cust_493892,199,USD,2023-04-01,credit_card,succeeded,2023-04-01 00:00:00
pay_1033832,sub_591130,cust_493892,199,USD,2023-05-01,credit_card,succeeded,2023-05-01 00:00:00
pay_5747880,sub_591130,cust_493892,199,USD,2023-06-01,ach,succeeded,2023-06-01 00:00:00
pay_2090595,sub_591130,cust_493892,199,USD,2023-07-01,ach,succeeded,2023-07-01 00:00:00
pay_5629123,sub_591130,cust_493892,199,USD,2023-08-01,wire,succeeded,2023-08-01 00:00:00
pay_7021142,sub_591130,cust_493892,199,USD,2023-09-01,ach,succeeded,2023-09-01 00:00:00
pay_5736653,sub_541365,cust_654531,199,USD,2023-05-11,wire,succeeded,2023-05-11 00:00:00
pay_4706182,sub_541365,cust_654531,199,USD,2023-06-01,credit_card,succeeded,2023-06-01 00:00:00
pay_2777829,sub_541365,cust_654531,199,USD,2023-07-01,wire,succeeded,2023-07-01 00:00:00
pay_6716553,sub_541365,cust_654531,199,USD,2023-08-01,ach,succeeded,2023-08-01 00:00:00
pay_7742602,sub_541365,cust_654531,199,USD,2023-09-01,credit_card,succeeded,2023-09-01 00:00:00
pay_9470242,sub_541365,cust_654531,199,USD,2023-10-01,credit_card,succeeded,2023-10-01 00:00:00
pay_4090890,sub_541365,cust_654531,199,USD,2023-11-01,ach,succeeded,2023-11-01 00:00:00
pay_2449920,sub_541365,cust_654531,199,USD,2023-12-01,ach,succeeded,2023-12-01 00:00:00
pay_7781473,sub_541365,cust_654531,79,USD,2024-01-01,credit_card,succeeded,2024-01-01 00:00:00
pay_7067065,sub_541365,cust_654531,79,USD,2024-02-01,ach,succeeded,2024-02-01 00:00:00
pay_5345140,sub_541365,cust_654531,79,USD,2024-03-01,ach,succeeded,2024-03-01 00:00:00
pay_8992849,sub_541365,cust_654531,79,USD,2024-04-01,credit_card,succeeded,2024-04-01 00:00:00
pay_2392561,sub_541365,cust_654531,79,USD,2024-05-01,credit_card,succeeded,2024-05-01 00:00:00
pay_5604580,sub_541365,cust_654531,79,USD,2024-06-01,credit_card,succeeded,2024-06-01 00:00:00
pay_1085457,sub_541365,cust_654531,199,USD,2024-07-01,ach,succeeded,2024-07-01 00:00:00
pay_8062860,sub_541365,cust_654531,199,USD,2024-08-01,credit_card,succeeded,2024-08-01 00:00:00
pay_9589117,sub_541365,cust_654531,199,USD,2024-09-01,ach,succeeded,2024-09-01 00:00:00
pay_2721466,sub_541365,cust_654531,199,USD,2024-10-01,credit_card,succeeded,2024-10-01 00:00:00
pay_7909697,sub_541365,cust_654531,199,USD,2024-11-01,ach,failed,2024-11-01 00:00:00
pay_1989763,sub_541365,cust_654531,199,USD,2024-12-01,credit_card,succeeded,2024-12-01 00:00:00
pay_2682597,sub_876442,cust_657772,29,USD,2024-08-01,ach,succeeded,2024-08-01 00:00:00
pay_3360866,sub_876442,cust_657772,29,USD,2024-09-01,credit_card,succeeded,2024-09-01 00:00:00
pay_3826969,sub_876442,cust_657772,29,USD,2024-10-01,credit_card,succeeded,2024-10-01 00:00:00
pay_2867651,sub_876442,cust_657772,29,USD,2024-11-01,credit_card,succeeded,2024-11-01 00:00:00
pay_3706798,sub_876442,cust_657772,79,USD,2024-12-01,credit_card,succeeded,2024-12-01 00:00:00
pay_3484424,sub_733120,cust_744793,29,USD,2024-09-01,credit_card,succeeded,2024-09-01 00:00:00
pay_3600857,sub_733120,cust_744793,29,USD,2024-10-01,credit_card,succeeded,2024-10-01 00:00:00
pay_5659334,sub_733120,cust_744793,29,USD,2024-11-01,ach,failed,2024-11-01 00:00:00
pay_3609606,sub_733120,cust_744793,29,USD,2024-12-01,wire,succeeded,2024-12-01 00:00:00
pay_5985521,sub_799961,cust_146385,29,USD,2024-02-16,credit_card,succeeded,2024-02-16 00:00:00
pay_2548024,sub_799961,cust_146385,29,USD,2024-03-01,credit_card,failed,2024-03-01 00:00:00
pay_5495901,sub_799961,cust_146385,29,USD,2024-04-01,ach,succeeded,2024-04-01 00:00:00
pay_2943171,sub_799961,cust_146385,29,USD,2024-05-01,credit_card,succeeded,2024-05-01 00:00:00
pay_2707582,sub_799961,cust_146385,29,USD,2024-06-01,credit_card,succeeded,2024-06-01 00:00:00
pay_6822185,sub_799961,cust_146385,29,USD,2024-07-01,credit_card,succeeded,2024-07-01 00:00:00
pay_6275068,sub_799961,cust_146385,29,USD,2024-08-01,credit_card,succeeded,2024-08-01 00:00:00
pay_8432244,sub_799961,cust_146385,29,USD,2024-09-01,credit_card,succeeded,2024-09-01 00:00:00
pay_9902202,sub_799961,cust_146385,29,USD,2024-10-01,wire,succeeded,2024-10-01 00:00:00
pay_1128442,sub_799961,cust_146385,29,USD,2024-11-01,ach,succeeded,2024-11-01 00:00:00
pay_7029466,sub_799961,cust_146385,79,USD,2024-12-01,ach,succeeded,2024-12-01 00:00:00
pay_1686773,sub_225961,cust_867051,79,USD,2024-08-12,wire,succeeded,2024-08-12 00:00:00
pay_9794463,sub_225961,cust_867051,79,USD,2024-09-01,credit_card,succeeded,2024-09-01 00:00:00
pay_1288461,sub_225961,cust_867051,79,USD,2024-10-01,credit_card,failed,2024-10-01 00:00:00
pay_6034875,sub_997412,cust_149161,1990,USD,2023-12-19,credit_card,failed,2023-12-19 00:00:00
pay_6526890,sub_997412,cust_149161,199,USD,2024-01-01,credit_card,succeeded,2024-01-01 00:00:00
pay_6585409,sub_997412,cust_149161,199,USD,2024-02-01,credit_card,succeeded,2024-02-01 00:00:00
pay_9565416,sub_997412,cust_149161,199,USD,2024-03-01,credit_card,succeeded,2024-03-01 00:00:00
pay_5406317,sub_997412,cust_149161,199,USD,2024-04-01,credit_card,succeeded,2024-04-01 00:00:00
pay_7878497,sub_997412,cust_149161,199,USD,2024-05-01,ach,succeeded,2024-05-01 00:00:00
pay_3162462,sub_997412,cust_149161,199,USD,2024-06-01,wire,succeeded,2024-06-01 00:00:00
pay_2426104,sub_997412,cust_149161,199,USD,2024-07-01,wire,succeeded,2024-07-01 00:00:00
pay_4745893,sub_997412,cust_149161,199,USD,2024-08-01,credit_card,succeeded,2024-08-01 00:00:00
pay_6777282,sub_997412,cust_149161,199,USD,2024-09-01,ach,succeeded,2024-09-01 00:00:00
pay_1418381,sub_997412,cust_149161,199,USD,2024-10-01,credit_card,succeeded,2024-10-01 00:00:00
pay_2936236,sub_997412,cust_149161,199,USD,2024-11-01,credit_card,succeeded,2024-11-01 00:00:00
pay_8459700,sub_997412,cust_149161,1990,USD,2024-12-01,credit_card,succeeded,2024-12-01 00:00:00
pay_5018995,sub_513064,cust_664058,79,USD,2024-04-29,ach,succeeded,2024-04-29 00:00:00
pay_1230532,sub_513064,cust_664058,79,USD,2024-05-01,credit_card,succeeded,2024-05-01 00:00:00
pay_6421773,sub_513064,cust_664058,79,USD,2024-06-01,credit_card,succeeded,2024-06-01 00:00:00
pay_7242491,sub_513064,cust_664058,79,USD,2024-07-01,wire,succeeded,2024-07-01 00:00:00
pay_1349903,sub_513064,cust_664058,79,USD,2024-08-01,wire,succeeded,2024-08-01 00:00:00
pay_4130166,sub_513064,cust_664058,79,USD,2024-09-01,wire,succeeded,2024-09-01 00:00:00
pay_1011118,sub_513064,cust_664058,79,USD,2024-10-01,ach,succeeded,2024-10-01 00:00:00
pay_8212951,sub_513064,cust_664058,79,USD,2024-11-01,wire,succeeded,2024-11-01 00:00:00
pay_6000236,sub_513064,cust_664058,79,USD,2024-12-01,credit_card,succeeded,2024-12-01 00:00:00
pay_9721164,sub_235708,cust_684357,29,USD,2024-06-26,wire,succeeded,2024-06-26 00:00:00
pay_8199955,sub_235708,cust_684357,29,USD,2024-07-01,credit_card,succeeded,2024-07-01 00:00:00
pay_1813207,sub_235708,cust_684357,29,USD,2024-08-01,ach,succeeded,2024-08-01 00:00:00
pay_8712448,sub_235708,cust_684357,29,USD,2024-09-01,credit_card,succeeded,2024-09-01 00:00:00
pay_5586361,sub_266911,cust_299734,29,USD,2023-02-22,credit_card,succeeded,2023-02-22 00:00:00
pay_1725300,sub_266911,cust_299734,29,USD,2023-03-01,credit_card,succeeded,2023-03-01 00:00:00
pay_3414268,sub_266911,cust_299734,29,USD,2023-04-01,ach,succeeded,2023-04-01 00:00:00
pay_4735794,sub_266911,cust_299734,29,USD,2023-05-01,ach,succeeded,2023-05-01 00:00:00
pay_2159508,sub_266911,cust_299734,29,USD,2023-06-01,credit_card,succeeded,2023-06-01 00:00:00
pay_1982913,sub_266911,cust_299734,29,USD,2023-07-01,credit_card,succeeded,2023-07-01 00:00:00
pay_1343860,sub_266911,cust_299734,29,USD,2023-08-01,wire,succeeded,2023-08-01 00:00:00
pay_9034787,sub_266911,cust_299734,29,USD,2023-09-01,ach,succeeded,2023-09-01 00:00:00
pay_3696585,sub_266911,cust_299734,29,USD,2023-10-01,wire,succeeded,2023-10-01 00:00:00
pay_5962045,sub_266911,cust_299734,29,USD,2023-11-01,credit_card,succeeded,2023-11-01 00:00:00
pay_9370105,sub_266911,cust_299734,79,USD,2023-12-01,credit_card,succeeded,2023-12-01 00:00:00
pay_1153516,sub_266911,cust_299734,79,USD,2024-01-01,wire,succeeded,2024-01-01 00:00:00
pay_4090123,sub_266911,cust_299734,79,USD,2024-02-01,credit_card,succeeded,2024-02-01 00:00:00
pay_5203233,sub_266911,cust_299734,79,USD,2024-03-01,credit_card,succeeded,2024-03-01 00:00:00
pay_9594695,sub_266911,cust_299734,79,USD,2024-04-01,credit_card,succeeded,2024-04-01 00:00:00
pay_5595391,sub_266911,cust_299734,79,USD,2024-05-01,credit_card,succeeded,2024-05-01 00:00:00
pay_3114248,sub_266911,cust_299734,79,USD,2024-06-01,credit_card,succeeded,2024-06-01 00:00:00
pay_6553158,sub_266911,cust_299734,79,USD,2024-07-01,credit_card,succeeded,2024-07-01 00:00:00
pay_7682705,sub_492505,cust_602681,29,USD,2023-08-02,wire,succeeded,2023-08-02 00:00:00
pay_9968716,sub_492505,cust_602681,29,USD,2023-09-01,credit_card,succeeded,2023-09-01 00:00:00
pay_5727628,sub_492505,cust_602681,29,USD,2023-10-01,wire,succeeded,2023-10-01 00:00:00
pay_7445348,sub_492505,cust_602681,29,USD,2023-11-01,credit_card,succeeded,2023-11-01 00:00:00
pay_7355605,sub_492505,cust_602681,29,USD,2023-12-01,credit_card,succeeded,2023-12-01 00:00:00
pay_3760560,sub_492505,cust_602681,29,USD,2024-01-01,credit_card,succeeded,2024-01-01 00:00:00
pay_5012469,sub_492505,cust_602681,29,USD,2024-02-01,credit_card,succeeded,2024-02-01 00:00:00
pay_3422611,sub_492505,cust_602681,29,USD,2024-03-01,wire,succeeded,2024-03-01 00:00:00
pay_5884127,sub_492505,cust_602681,29,USD,2024-04-01,credit_card,succeeded,2024-04-01 00:00:00
pay_4728587,sub_492505,cust_602681,29,USD,2024-05-01,credit_card,succeeded,2024-05-01 00:00:00
pay_3337057,sub_492505,cust_602681,29,USD,2024-06-01,wire,succeeded,2024-06-01 00:00:00
pay_1773264,sub_492505,cust_602681,29,USD,2024-07-01,credit_card,succeeded,2024-07-01 00:00:00
pay_3345814,sub_492505,cust_602681,29,USD,2024-08-01,wire,failed,2024-08-01 00:00:00
pay_4084004,sub_492505,cust_602681,29,USD,2024-09-01,wire,succeeded,2024-09-01 00:00:00
pay_8425962,sub_492505,cust_602681,79,USD,2024-10-01,credit_card,succeeded,2024-10-01 00:00:00
pay_5957512,sub_492505,cust_602681,79,USD,2024-11-01,credit_card,succeeded,2024-11-01 00:00:00
pay_3198183,sub_492505,cust_602681,79,USD,2024-12-01,credit_card,succeeded,2024-12-01 00:00:00
pay_7832871,sub_912002,cust_354377,79,USD,2024-09-10,ach,succeeded,2024-09-10 00:00:00
pay_3966773,sub_912002,cust_354377,79,USD,2024-10-01,credit_card,succeeded,2024-10-01 00:00:00
pay_5038912,sub_912002,cust_354377,79,USD,2024-11-01,wire,succeeded,2024-11-01 00:00:00
pay_7813566,sub_912002,cust_354377,79,USD,2024-12-01,ach,succeeded,2024-12-01 00:00:00
pay_8966477,sub_299372,cust_423404,790,USD,2023-09-25,credit_card,succeeded,2023-09-25 00:00:00
pay_3117316,sub_299372,cust_423404,79,USD,2023-10-01,credit_card,succeeded,2023-10-01 00:00:00
pay_4614631,sub_299372,cust_423404,79,USD,2023-11-01,credit_card,succeeded,2023-11-01 00:00:00
pay_3632201,sub_299372,cust_423404,79,USD,2023-12-01,wire,succeeded,2023-12-01 00:00:00
pay_9919419,sub_299372,cust_423404,79,USD,2024-01-01,credit_card,succeeded,2024-01-01 00:00:00
pay_3537113,sub_299372,cust_423404,79,USD,2024-02-01,credit_card,failed,2024-02-01 00:00:00
pay_1817871,sub_299372,cust_423404,79,USD,2024-03-01,credit_card,succeeded,2024-03-01 00:00:00
pay_5085564,sub_299372,cust_423404,79,USD,2024-04-01,credit_card,succeeded,2024-04-01 00:00:00
pay_4786498,sub_299372,cust_423404,79,USD,2024-05-01,ach,succeeded,2024-05-01 00:00:00
pay_2421913,sub_299372,cust_423404,79,USD,2024-06-01,wire,succeeded,2024-06-01 00:00:00
pay_1975340,sub_299372,cust_423404,79,USD,2024-07-01,credit_card,succeeded,2024-07-01 00:00:00
pay_6730956,sub_299372,cust_423404,79,USD,2024-08-01,ach,succeeded,2024-08-01 00:00:00
pay_3453246,sub_299372,cust_423404,1990,USD,2024-09-01,credit_card,succeeded,2024-09-01 00:00:00
pay_7317845,sub_299372,cust_423404,199,USD,2024-10-01,credit_card,succeeded,2024-10-01 00:00:00
pay_2073579,sub_299372,cust_423404,79,USD,2024-11-01,wire,succeeded,2024-11-01 00:00:00
pay_6937412,sub_299372,cust_423404,79,USD,2024-12-01,wire,succeeded,2024-12-01 00:00:00
pay_8541309,sub_968376,cust_312994,29,USD,2024-01-15,wire,succeeded,2024-01-15 00:00:00
pay_3392875,sub_968376,cust_312994,29,USD,2024-02-01,credit_card,succeeded,2024-02-01 00:00:00
pay_6773521,sub_968376,cust_312994,29,USD,2024-03-01,credit_card,failed,2024-03-01 00:00:00
pay_4931452,sub_968376,cust_312994,29,USD,2024-04-01,credit_card,succeeded,2024-04-01 00:00:00
pay_8863868,sub_968376,cust_312994,29,USD,2024-05-01,ach,succeeded,2024-05-01 00:00:00
pay_9966996,sub_968376,cust_312994,29,USD,2024-06-01,credit_card,succeeded,2024-06-01 00:00:00
pay_7322401,sub_968376,cust_312994,29,USD,2024-07-01,credit_card,succeeded,2024-07-01 00:00:00
pay_5830829,sub_968376,cust_312994,29,USD,2024-08-01,credit_card,succeeded,2024-08-01 00:00:00
pay_2984236,sub_968376,cust_312994,29,USD,2024-09-01,wire,succeeded,2024-09-01 00:00:00
pay_6918058,sub_968376,cust_312994,29,USD,2024-10-01,credit_card,succeeded,2024-10-01 00:00:00
pay_2751710,sub_968376,cust_312994,29,USD,2024-11-01,credit_card,succeeded,2024-11-01 00:00:00
pay_9371046,sub_968376,cust_312994,29,USD,2024-12-01,ach,succeeded,2024-12-01 00:00:00
pay_8180834,sub_784963,cust_854987,29,USD,2024-03-03,credit_card,succeeded,2024-03-03 00:00:00
pay_3966130,sub_784963,cust_854987,29,USD,2024-04-01,ach,succeeded,2024-04-01 00:00:00
pay_8014394,sub_784963,cust_854987,29,USD,2024-05-01,credit_card,succeeded,2024-05-01 00:00:00
pay_3686384,sub_784963,cust_854987,29,USD,2024-06-01,wire,succeeded,2024-06-01 00:00:00
pay_6388039,sub_784963,cust_854987,29,USD,2024-07-01,ach,succeeded,2024-07-01 00:00:00
pay_7824626,sub_784963,cust_854987,29,USD,2024-08-01,credit_card,succeeded,2024-08-01 00:00:00
pay_2004520,sub_784963,cust_854987,79,USD,2024-09-01,credit_card,succeeded,2024-09-01 00:00:00
pay_2161779,sub_784963,cust_854987,79,USD,2024-10-01,credit_card,succeeded,2024-10-01 00:00:00
pay_8412157,sub_784963,cust_854987,79,USD,2024-11-01,credit_card,succeeded,2024-11-01 00:00:00
pay_9016545,sub_784963,cust_854987,79,USD,2024-12-01,ach,succeeded,2024-12-01 00:00:00
pay_5128444,sub_536459,cust_453961,199,USD,2023-09-21,credit_card,succeeded,2023-09-21 00:00:00
pay_9158666,sub_536459,cust_453961,199,USD,2023-10-01,credit_card,succeeded,2023-10-01 00:00:00
pay_3605709,sub_536459,cust_453961,199,USD,2023-11-01,credit_card,succeeded,2023-11-01 00:00:00
pay_7351028,sub_536459,cust_453961,199,USD,2023-12-01,wire,succeeded,2023-12-01 00:00:00
pay_9600483,sub_536459,cust_453961,199,USD,2024-01-01,credit_card,succeeded,2024-01-01 00:00:00
pay_9354721,sub_536459,cust_453961,199,USD,2024-02-01,credit_card,succeeded,2024-02-01 00:00:00
pay_3553859,sub_536459,cust_453961,199,USD,2024-03-01,wire,succeeded,2024-03-01 00:00:00
pay_1361942,sub_660134,cust_612036,79,USD,2023-12-01,credit_card,succeeded,2023-12-01 00:00:00
pay_5107753,sub_660134,cust_612036,79,USD,2024-01-01,ach,failed,2024-01-01 00:00:00
pay_5121459,sub_660134,cust_612036,79,USD,2024-02-01,wire,succeeded,2024-02-01 00:00:00
pay_3491461,sub_660134,cust_612036,79,USD,2024-03-01,credit_card,succeeded,2024-03-01 00:00:00
pay_2227246,sub_660134,cust_612036,79,USD,2024-04-01,credit_card,succeeded,2024-04-01 00:00:00
pay_8337578,sub_660134,cust_612036,79,USD,2024-05-01,credit_card,succeeded,2024-05-01 00:00:00
pay_9425599,sub_660134,cust_612036,79,USD,2024-06-01,ach,succeeded,2024-06-01 00:00:00
pay_4501267,sub_660134,cust_612036,79,USD,2024-07-01,credit_card,succeeded,2024-07-01 00:00:00
pay_9982062,sub_660134,cust_612036,199,USD,2024-08-01,credit_card,succeeded,2024-08-01 00:00:00
pay_4384055,sub_660134,cust_612036,199,USD,2024-09-01,ach,succeeded,2024-09-01 00:00:00
pay_2200885,sub_660134,cust_612036,199,USD,2024-10-01,credit_card,succeeded,2024-10-01 00:00:00
pay_9787786,sub_660134,cust_612036,199,USD,2024-11-01,credit_card,succeeded,2024-11-01 00:00:00
pay_2650237,sub_660134,cust_612036,199,USD,2024-12-01,credit_card,succeeded,2024-12-01 00:00:00
pay_1508917,sub_854793,cust_746467,79,USD,2024-05-09,ach,succeeded,2024-05-09 00:00:00
pay_3745884,sub_854793,cust_746467,79,USD,2024-06-01,ach,succeeded,2024-06-01 00:00:00
pay_4086825,sub_854793,cust_746467,199,USD,2024-07-01,ach,succeeded,2024-07-01 00:00:00
pay_4696506,sub_854793,cust_746467,199,USD,2024-08-01,credit_card,succeeded,2024-08-01 00:00:00
pay_3424306,sub_854793,cust_746467,199,USD,2024-09-01,ach,succeeded,2024-09-01 00:00:00
pay_5691746,sub_854793,cust_746467,199,USD,2024-10-01,credit_card,succeeded,2024-10-01 00:00:00
pay_4701177,sub_854793,cust_746467,199,USD,2024-11-01,credit_card,succeeded,2024-11-01 00:00:00
pay_7130921,sub_854793,cust_746467,199,USD,2024-12-01,ach,succeeded,2024-12-01 00:00:00
pay_7474375,sub_735566,cust_400614,199,USD,2023-01-18,wire,succeeded,2023-01-18 00:00:00
pay_7890951,sub_735566,cust_400614,199,USD,2023-02-01,credit_card,succeeded,2023-02-01 00:00:00
pay_9578346,sub_735566,cust_400614,79,USD,2023-03-01,credit_card,succeeded,2023-03-01 00:00:00
pay_3680038,sub_735566,cust_400614,79,USD,2023-04-01,credit_card,succeeded,2023-04-01 00:00:00
pay_5831487,sub_735566,cust_400614,79,USD,2023-05-01,credit_card,succeeded,2023-05-01 00:00:00
pay_1363733,sub_735566,cust_400614,79,USD,2023-06-01,credit_card,succeeded,2023-06-01 00:00:00
pay_3316762,sub_735566,cust_400614,79,USD,2023-07-01,credit_card,succeeded,2023-07-01 00:00:00
pay_7933616,sub_735566,cust_400614,79,USD,2023-08-01,wire,failed,2023-08-01 00:00:00
pay_8026409,sub_735566,cust_400614,79,USD,2023-09-01,credit_card,succeeded,2023-09-01 00:00:00
pay_6600282,sub_735566,cust_400614,79,USD,2023-10-01,credit_card,succeeded,2023-10-01 00:00:00
pay_1909939,sub_735566,cust_400614,79,USD,2023-11-01,ach,succeeded,2023-11-01 00:00:00
pay_8504617,sub_735566,cust_400614,79,USD,2023-12-01,ach,succeeded,2023-12-01 00:00:00
pay_4008542,sub_735566,cust_400614,79,USD,2024-01-01,wire,succeeded,2024-01-01 00:00:00
pay_6361607,sub_735566,cust_400614,79,USD,2024-02-01,credit_card,succeeded,2024-02-01 00:00:00
pay_4615672,sub_735566,cust_400614,79,USD,2024-03-01,credit_card,succeeded,2024-03-01 00:00:00
pay_5517951,sub_735566,cust_400614,79,USD,2024-04-01,credit_card,succeeded,2024-04-01 00:00:00
pay_2849638,sub_735566,cust_400614,79,USD,2024-05-01,credit_card,succeeded,2024-05-01 00:00:00
pay_7228508,sub_735566,cust_400614,79,USD,2024-06-01,credit_card,succeeded,2024-06-01 00:00:00
pay_4286381,sub_735566,cust_400614,79,USD,2024-07-01,credit_card,succeeded,2024-07-01 00:00:00
pay_8742166,sub_735566,cust_400614,79,USD,2024-08-01,wire,succeeded,2024-08-01 00:00:00
pay_1104897,sub_735566,cust_400614,199,USD,2024-09-01,credit_card,succeeded,2024-09-01 00:00:00
pay_9266916,sub_735566,cust_400614,199,USD,2024-10-01,wire,succeeded,2024-10-01 00:00:00
pay_3297477,sub_735566,cust_400614,199,USD,2024-11-01,credit_card,succeeded,2024-11-01 00:00:00
pay_9719998,sub_735566,cust_400614,199,USD,2024-12-01,credit_card,succeeded,2024-12-01 00:00:00
pay_1871401,sub_393374,cust_352674,79,USD,2023-07-16,ach,succeeded,2023-07-16 00:00:00
pay_4861750,sub_393374,cust_352674,79,USD,2023-08-01,wire,failed,2023-08-01 00:00:00
pay_2570468,sub_393374,cust_352674,79,USD,2023-09-01,credit_card,succeeded,2023-09-01 00:00:00
pay_3416225,sub_393374,cust_352674,79,USD,2023-10-01,credit_card,succeeded,2023-10-01 00:00:00
pay_3618252,sub_393374,cust_352674,199,USD,2023-11-01,credit_card,succeeded,2023-11-01 00:00:00
pay_5525254,sub_393374,cust_352674,199,USD,2023-12-01,credit_card,succeeded,2023-12-01 00:00:00
pay_7622093,sub_393374,cust_352674,199,USD,2024-01-01,ach,succeeded,2024-01-01 00:00:00
pay_8470341,sub_393374,cust_352674,199,USD,2024-02-01,credit_card,succeeded,2024-02-01 00:00:00
pay_7828262,sub_393374,cust_352674,199,USD,2024-03-01,credit_card,succeeded,2024-03-01 00:00:00
pay_9727843,sub_393374,cust_352674,199,USD,2024-04-01,ach,succeeded,2024-04-01 00:00:00
pay_2892868,sub_393374,cust_352674,199,USD,2024-05-01,credit_card,succeeded,2024-05-01 00:00:00
pay_3542565,sub_393374,cust_352674,199,USD,2024-06-01,credit_card,succeeded,2024-06-01 00:00:00
pay_1822257,sub_393374,cust_352674,199,USD,2024-07-01,wire,succeeded,2024-07-01 00:00:00
pay_5503370,sub_393374,cust_352674,199,USD,2024-08-01,credit_card,succeeded,2024-08-01 00:00:00
pay_5246770,sub_393374,cust_352674,199,USD,2024-09-01,wire,succeeded,2024-09-01 00:00:00
pay_4565431,sub_393374,cust_352674,199,USD,2024-10-01,ach,succeeded,2024-10-01 00:00:00
pay_7392549,sub_393374,cust_352674,79,USD,2024-11-01,credit_card,succeeded,2024-11-01 00:00:00
pay_9548139,sub_393374,cust_352674,79,USD,2024-12-01,credit_card,succeeded,2024-12-01 00:00:00
pay_7802685,sub_119764,cust_355021,790,USD,2023-08-20,ach,succeeded,2023-08-20 00:00:00
pay_2439383,sub_119764,cust_355021,79,USD,2023-09-01,credit_card,succeeded,2023-09-01 00:00:00
pay_6629899,sub_119764,cust_355021,79,USD,2023-10-01,credit_card,succeeded,2023-10-01 00:00:00
pay_5798959,sub_119764,cust_355021,79,USD,2023-11-01,ach,succeeded,2023-11-01 00:00:00
pay_3232725,sub_791982,cust_679549,29,USD,2024-05-02,credit_card,succeeded,2024-05-02 00:00:00
pay_7215482,sub_791982,cust_679549,29,USD,2024-06-01,ach,succeeded,2024-06-01 00:00:00
pay_1872391,sub_791982,cust_679549,29,USD,2024-07-01,credit_card,succeeded,2024-07-01 00:00:00
pay_3442281,sub_738309,cust_999636,1990,USD,2023-04-08,credit_card,succeeded,2023-04-08 00:00:00
pay_2570040,sub_738309,cust_999636,199,USD,2023-05-01,wire,succeeded,2023-05-01 00:00:00
pay_7278041,sub_738309,cust_999636,199,USD,2023-06-01,credit_card,succeeded,2023-06-01 00:00:00
pay_1015341,sub_738309,cust_999636,199,USD,2023-07-01,credit_card,succeeded,2023-07-01 00:00:00
pay_6566718,sub_738309,cust_999636,199,USD,2023-08-01,credit_card,succeeded,2023-08-01 00:00:00
pay_8972423,sub_738309,cust_999636,199,USD,2023-09-01,credit_card,succeeded,2023-09-01 00:00:00
pay_9901929,sub_738309,cust_999636,199,USD,2023-10-01,credit_card,succeeded,2023-10-01 00:00:00
pay_1818519,sub_738309,cust_999636,199,USD,2023-11-01,credit_card,succeeded,2023-11-01 00:00:00
pay_9549184,sub_738309,cust_999636,199,USD,2023-12-01,wire,succeeded,2023-12-01 00:00:00
pay_1599321,sub_738309,cust_999636,199,USD,2024-01-01,credit_card,succeeded,2024-01-01 00:00:00
pay_2143161,sub_738309,cust_999636,199,USD,2024-02-01,credit_card,succeeded,2024-02-01 00:00:00
pay_5562383,sub_738309,cust_999636,199,USD,2024-03-01,credit_card,succeeded,2024-03-01 00:00:00
pay_7805960,sub_738309,cust_999636,1990,USD,2024-04-01,ach,succeeded,2024-04-01 00:00:00
pay_6703086,sub_738309,cust_999636,199,USD,2024-05-01,credit_card,succeeded,2024-05-01 00:00:00
pay_6539379,sub_738309,cust_999636,199,USD,2024-06-01,credit_card,succeeded,2024-06-01 00:00:00
pay_2728520,sub_738309,cust_999636,199,USD,2024-07-01,credit_card,succeeded,2024-07-01 00:00:00
pay_4644707,sub_738309,cust_999636,199,USD,2024-08-01,ach,succeeded,2024-08-01 00:00:00
pay_6363991,sub_738309,cust_999636,199,USD,2024-09-01,credit_card,succeeded,2024-09-01 00:00:00
pay_4306537,sub_738309,cust_999636,199,USD,2024-10-01,credit_card,succeeded,2024-10-01 00:00:00
pay_1201699,sub_738309,cust_999636,79,USD,2024-11-01,credit_card,succeeded,2024-11-01 00:00:00
pay_9662405,sub_738309,cust_999636,79,USD,2024-12-01,credit_card,succeeded,2024-12-01 00:00:00
pay_8505768,sub_881853,cust_817675,790,USD,2023-10-15,credit_card,succeeded,2023-10-15 00:00:00
pay_8563218,sub_881853,cust_817675,79,USD,2023-11-01,wire,succeeded,2023-11-01 00:00:00
pay_2530257,sub_881853,cust_817675,79,USD,2023-12-01,wire,succeeded,2023-12-01 00:00:00
pay_8760966,sub_881853,cust_817675,79,USD,2024-01-01,credit_card,succeeded,2024-01-01 00:00:00
pay_9843526,sub_881853,cust_817675,79,USD,2024-02-01,wire,succeeded,2024-02-01 00:00:00
pay_4426007,sub_881853,cust_817675,79,USD,2024-03-01,ach,succeeded,2024-03-01 00:00:00
pay_8313716,sub_881853,cust_817675,199,USD,2024-04-01,credit_card,succeeded,2024-04-01 00:00:00
pay_9656320,sub_881853,cust_817675,199,USD,2024-05-01,ach,succeeded,2024-05-01 00:00:00
pay_9679845,sub_881853,cust_817675,199,USD,2024-06-01,ach,succeeded,2024-06-01 00:00:00
pay_8885674,sub_881853,cust_817675,199,USD,2024-07-01,ach,succeeded,2024-07-01 00:00:00
pay_9746235,sub_881853,cust_817675,199,USD,2024-08-01,credit_card,succeeded,2024-08-01 00:00:00
pay_3681525,sub_985339,cust_892313,199,USD,2023-05-24,ach,succeeded,2023-05-24 00:00:00
pay_1699348,sub_985339,cust_892313,199,USD,2023-06-01,credit_card,succeeded,2023-06-01 00:00:00
pay_6584119,sub_985339,cust_892313,199,USD,2023-07-01,wire,succeeded,2023-07-01 00:00:00
pay_4180814,sub_985339,cust_892313,199,USD,2023-08-01,credit_card,succeeded,2023-08-01 00:00:00
pay_2123634,sub_985339,cust_892313,199,USD,2023-09-01,wire,succeeded,2023-09-01 00:00:00
pay_6488650,sub_985339,cust_892313,199,USD,2023-10-01,ach,succeeded,2023-10-01 00:00:00
pay_7201152,sub_985339,cust_892313,199,USD,2023-11-01,credit_card,succeeded,2023-11-01 00:00:00
pay_5016724,sub_985339,cust_892313,199,USD,2023-12-01,credit_card,succeeded,2023-12-01 00:00:00
pay_9542620,sub_985339,cust_892313,199,USD,2024-01-01,credit_card,succeeded,2024-01-01 00:00:00
pay_7507820,sub_985339,cust_892313,199,USD,2024-02-01,ach,succeeded,2024-02-01 00:00:00
pay_2581493,sub_985339,cust_892313,199,USD,2024-03-01,ach,succeeded,2024-03-01 00:00:00
pay_9086246,sub_985339,cust_892313,199,USD,2024-04-01,credit_card,succeeded,2024-04-01 00:00:00
pay_2116286,sub_985339,cust_892313,199,USD,2024-05-01,credit_card,succeeded,2024-05-01 00:00:00
pay_5491003,sub_985339,cust_892313,79,USD,2024-06-01,ach,succeeded,2024-06-01 00:00:00
pay_9134892,sub_985339,cust_892313,79,USD,2024-07-01,wire,succeeded,2024-07-01 00:00:00
pay_1072149,sub_985339,cust_892313,79,USD,2024-08-01,credit_card,succeeded,2024-08-01 00:00:00
pay_9647622,sub_985339,cust_892313,79,USD,2024-09-01,credit_card,failed,2024-09-01 00:00:00
pay_8751508,sub_985339,cust_892313,79,USD,2024-10-01,credit_card,succeeded,2024-10-01 00:00:00
pay_7446622,sub_985339,cust_892313,79,USD,2024-11-01,ach,succeeded,2024-11-01 00:00:00
pay_4724182,sub_985339,cust_892313,79,USD,2024-12-01,credit_card,succeeded,2024-12-01 00:00:00
pay_7223933,sub_143993,cust_906360,79,USD,2024-09-20,credit_card,succeeded,2024-09-20 00:00:00
pay_3110270,sub_143993,cust_906360,79,USD,2024-10-01,wire,succeeded,2024-10-01 00:00:00
pay_6030215,sub_143993,cust_906360,79,USD,2024-11-01,ach,succeeded,2024-11-01 00:00:00
pay_5002258,sub_143993,cust_906360,79,USD,2024-12-01,credit_card,succeeded,2024-12-01 00:00:00
pay_8836901,sub_811341,cust_493663,290,USD,2024-03-18,credit_card,succeeded,2024-03-18 00:00:00
pay_1128413,sub_811341,cust_493663,29,USD,2024-04-01,wire,succeeded,2024-04-01 00:00:00
pay_8917191,sub_811341,cust_493663,29,USD,2024-05-01,credit_card,succeeded,2024-05-01 00:00:00
pay_1133760,sub_811341,cust_493663,29,USD,2024-06-01,ach,succeeded,2024-06-01 00:00:00
pay_4754074,sub_811341,cust_493663,79,USD,2024-07-01,wire,succeeded,2024-07-01 00:00:00
pay_3800406,sub_811341,cust_493663,79,USD,2024-08-01,ach,succeeded,2024-08-01 00:00:00
pay_8870908,sub_811341,cust_493663,79,USD,2024-09-01,ach,succeeded,2024-09-01 00:00:00
pay_2945379,sub_811341,cust_493663,199,USD,2024-10-01,credit_card,succeeded,2024-10-01 00:00:00
pay_9409792,sub_811341,cust_493663,199,USD,2024-11-01,credit_card,succeeded,2024-11-01 00:00:00
pay_3152041,sub_811341,cust_493663,199,USD,2024-12-01,ach,succeeded,2024-12-01 00:00:00
pay_7542039,sub_969414,cust_261712,1990,USD,2024-01-25,credit_card,succeeded,2024-01-25 00:00:00
pay_2031438,sub_969414,cust_261712,199,USD,2024-02-01,credit_card,failed,2024-02-01 00:00:00
pay_2391572,sub_969414,cust_261712,199,USD,2024-03-01,credit_card,succeeded,2024-03-01 00:00:00
pay_3374916,sub_969414,cust_261712,199,USD,2024-04-01,credit_card,succeeded,2024-04-01 00:00:00
pay_5952689,sub_969414,cust_261712,79,USD,2024-05-01,credit_card,succeeded,2024-05-01 00:00:00
pay_1869547,sub_969414,cust_261712,79,USD,2024-06-01,credit_card,succeeded,2024-06-01 00:00:00
pay_9110583,sub_969414,cust_261712,79,USD,2024-07-01,ach,succeeded,2024-07-01 00:00:00
pay_2575978,sub_969414,cust_261712,79,USD,2024-08-01,wire,succeeded,2024-08-01 00:00:00
pay_8167112,sub_969414,cust_261712,79,USD,2024-09-01,credit_card,succeeded,2024-09-01 00:00:00
pay_8964761,sub_969414,cust_261712,79,USD,2024-10-01,credit_card,succeeded,2024-10-01 00:00:00
pay_8289742,sub_969414,cust_261712,79,USD,2024-11-01,credit_card,succeeded,2024-11-01 00:00:00
pay_7755109,sub_969414,cust_261712,79,USD,2024-12-01,ach,succeeded,2024-12-01 00:00:00
pay_1682697,sub_752126,cust_477400,29,USD,2024-02-01,wire,succeeded,2024-02-01 00:00:00
pay_7335540,sub_752126,cust_477400,29,USD,2024-03-01,wire,succeeded,2024-03-01 00:00:00
pay_4267721,sub_752126,cust_477400,29,USD,2024-04-01,credit_card,succeeded,2024-04-01 00:00:00
pay_1269740,sub_752126,cust_477400,29,USD,2024-05-01,credit_card,succeeded,2024-05-01 00:00:00
pay_7151290,sub_752126,cust_477400,29,USD,2024-06-01,credit_card,succeeded,2024-06-01 00:00:00
pay_5723607,sub_752126,cust_477400,29,USD,2024-07-01,credit_card,succeeded,2024-07-01 00:00:00
pay_7373024,sub_752126,cust_477400,29,USD,2024-08-01,credit_card,succeeded,2024-08-01 00:00:00
pay_8698947,sub_752126,cust_477400,29,USD,2024-09-01,wire,succeeded,2024-09-01 00:00:00
pay_4058469,sub_752126,cust_477400,29,USD,2024-10-01,credit_card,succeeded,2024-10-01 00:00:00
pay_2274041,sub_752126,cust_477400,29,USD,2024-11-01,credit_card,succeeded,2024-11-01 00:00:00
pay_1222888,sub_752126,cust_477400,29,USD,2024-12-01,ach,succeeded,2024-12-01 00:00:00
pay_5773351,sub_499601,cust_681141,790,USD,2023-04-06,ach,failed,2023-04-06 00:00:00
pay_8068802,sub_499601,cust_681141,79,USD,2023-05-01,credit_card,succeeded,2023-05-01 00:00:00
pay_6613235,sub_499601,cust_681141,79,USD,2023-06-01,ach,succeeded,2023-06-01 00:00:00
pay_2917457,sub_499601,cust_681141,79,USD,2023-07-01,credit_card,succeeded,2023-07-01 00:00:00
pay_6515560,sub_499601,cust_681141,79,USD,2023-08-01,credit_card,succeeded,2023-08-01 00:00:00
pay_2613678,sub_499601,cust_681141,79,USD,2023-09-01,credit_card,succeeded,2023-09-01 00:00:00
pay_3539937,sub_499601,cust_681141,79,USD,2023-10-01,ach,succeeded,2023-10-01 00:00:00
pay_9454364,sub_499601,cust_681141,79,USD,2023-11-01,credit_card,failed,2023-11-01 00:00:00
pay_6849360,sub_499601,cust_681141,79,USD,2023-12-01,wire,succeeded,2023-12-01 00:00:00
pay_4505346,sub_499601,cust_681141,79,USD,2024-01-01,credit_card,succeeded,2024-01-01 00:00:00
pay_6641575,sub_499601,cust_681141,79,USD,2024-02-01,wire,succeeded,2024-02-01 00:00:00
pay_4410943,sub_499601,cust_681141,79,USD,2024-03-01,credit_card,succeeded,2024-03-01 00:00:00
pay_9516116,sub_499601,cust_681141,790,USD,2024-04-01,wire,succeeded,2024-04-01 00:00:00
pay_7008871,sub_499601,cust_681141,79,USD,2024-05-01,ach,succeeded,2024-05-01 00:00:00
pay_4135511,sub_499601,cust_681141,79,USD,2024-06-01,credit_card,succeeded,2024-06-01 00:00:00
pay_7759870,sub_499601,cust_681141,79,USD,2024-07-01,ach,succeeded,2024-07-01 00:00:00
pay_5230360,sub_499601,cust_681141,79,USD,2024-08-01,ach,succeeded,2024-08-01 00:00:00
pay_9478488,sub_499601,cust_681141,79,USD,2024-09-01,ach,succeeded,2024-09-01 00:00:00
pay_7498463,sub_499601,cust_681141,79,USD,2024-10-01,credit_card,succeeded,2024-10-01 00:00:00
pay_5027624,sub_499601,cust_681141,79,USD,2024-11-01,credit_card,succeeded,2024-11-01 00:00:00
pay_4484098,sub_499601,cust_681141,79,USD,2024-12-01,credit_card,failed,2024-12-01 00:00:00
pay_9302292,sub_826739,cust_686716,79,USD,2023-09-06,credit_card,succeeded,2023-09-06 00:00:00
pay_7839536,sub_826739,cust_686716,79,USD,2023-10-01,ach,succeeded,2023-10-01 00:00:00
pay_9698108,sub_826739,cust_686716,79,USD,2023-11-01,credit_card,succeeded,2023-11-01 00:00:00
pay_6588030,sub_826739,cust_686716,199,USD,2023-12-01,credit_card,succeeded,2023-12-01 00:00:00
pay_3792503,sub_826739,cust_686716,199,USD,2024-01-01,ach,succeeded,2024-01-01 00:00:00
pay_5867041,sub_826739,cust_686716,199,USD,2024-02-01,credit_card,succeeded,2024-02-01 00:00:00
pay_1576844,sub_826739,cust_686716,199,USD,2024-03-01,credit_card,succeeded,2024-03-01 00:00:00
pay_7561954,sub_826739,cust_686716,199,USD,2024-04-01,credit_card,failed,2024-04-01 00:00:00
pay_7324847,sub_826739,cust_686716,199,USD,2024-05-01,credit_card,succeeded,2024-05-01 00:00:00
pay_1404125,sub_826739,cust_686716,199,USD,2024-06-01,wire,succeeded,2024-06-01 00:00:00
pay_5694321,sub_826739,cust_686716,199,USD,2024-07-01,credit_card,succeeded,2024-07-01 00:00:00
pay_9313232,sub_826739,cust_686716,199,USD,2024-08-01,credit_card,succeeded,2024-08-01 00:00:00
pay_4404402,sub_826739,cust_686716,199,USD,2024-09-01,credit_card,succeeded,2024-09-01 00:00:00
pay_4324362,sub_826739,cust_686716,199,USD,2024-10-01,credit_card,succeeded,2024-10-01 00:00:00
pay_8059996,sub_826739,cust_686716,199,USD,2024-11-01,credit_card,succeeded,2024-11-01 00:00:00
pay_4368402,sub_826739,cust_686716,199,USD,2024-12-01,credit_card,succeeded,2024-12-01 00:00:00
pay_1976642,sub_806850,cust_555791,29,USD,2023-10-10,credit_card,succeeded,2023-10-10 00:00:00
pay_1879381,sub_806850,cust_555791,29,USD,2023-11-01,wire,succeeded,2023-11-01 00:00:00
pay_4939225,sub_806850,cust_555791,29,USD,2023-12-01,credit_card,succeeded,2023-12-01 00:00:00
pay_9741619,sub_806850,cust_555791,29,USD,2024-01-01,credit_card,succeeded,2024-01-01 00:00:00
pay_6196282,sub_806850,cust_555791,29,USD,2024-02-01,wire,succeeded,2024-02-01 00:00:00
pay_3910682,sub_806850,cust_555791,29,USD,2024-03-01,wire,succeeded,2024-03-01 00:00:00
pay_4869513,sub_806850,cust_555791,29,USD,2024-04-01,credit_card,succeeded,2024-04-01 00:00:00
pay_5675458,sub_806850,cust_555791,29,USD,2024-05-01,credit_card,succeeded,2024-05-01 00:00:00
pay_4015042,sub_806850,cust_555791,29,USD,2024-06-01,wire,succeeded,2024-06-01 00:00:00
pay_4860691,sub_806850,cust_555791,29,USD,2024-07-01,credit_card,succeeded,2024-07-01 00:00:00
pay_4701474,sub_806850,cust_555791,29,USD,2024-08-01,ach,succeeded,2024-08-01 00:00:00
pay_2485126,sub_806850,cust_555791,29,USD,2024-09-01,credit_card,succeeded,2024-09-01 00:00:00
pay_7608681,sub_806850,cust_555791,29,USD,2024-10-01,credit_card,succeeded,2024-10-01 00:00:00
pay_1414943,sub_806850,cust_555791,29,USD,2024-11-01,wire,succeeded,2024-11-01 00:00:00
pay_2381560,sub_806850,cust_555791,29,USD,2024-12-01,credit_card,succeeded,2024-12-01 00:00:00
pay_8198924,sub_125093,cust_450996,199,USD,2024-03-16,wire,succeeded,2024-03-16 00:00:00
pay_6085171,sub_125093,cust_450996,199,USD,2024-04-01,ach,succeeded,2024-04-01 00:00:00
pay_5302258,sub_125093,cust_450996,199,USD,2024-05-01,ach,succeeded,2024-05-01 00:00:00
pay_6829790,sub_125093,cust_450996,199,USD,2024-06-01,credit_card,succeeded,2024-06-01 00:00:00
pay_2481041,sub_125093,cust_450996,199,USD,2024-07-01,credit_card,succeeded,2024-07-01 00:00:00
pay_4558295,sub_125093,cust_450996,199,USD,2024-08-01,credit_card,succeeded,2024-08-01 00:00:00
pay_8258669,sub_125093,cust_450996,199,USD,2024-09-01,ach,failed,2024-09-01 00:00:00
pay_8513921,sub_125093,cust_450996,79,USD,2024-10-01,wire,succeeded,2024-10-01 00:00:00
pay_3340558,sub_125093,cust_450996,79,USD,2024-11-01,credit_card,succeeded,2024-11-01 00:00:00
pay_3093662,sub_125093,cust_450996,29,USD,2024-12-01,credit_card,succeeded,2024-12-01 00:00:00
pay_8083185,sub_177335,cust_517584,790,USD,2023-11-23,wire,succeeded,2023-11-23 00:00:00
pay_7848323,sub_177335,cust_517584,79,USD,2023-12-01,credit_card,succeeded,2023-12-01 00:00:00
pay_2742243,sub_177335,cust_517584,79,USD,2024-01-01,ach,succeeded,2024-01-01 00:00:00
pay_8166233,sub_177335,cust_517584,79,USD,2024-02-01,ach,succeeded,2024-02-01 00:00:00
pay_2649093,sub_177335,cust_517584,79,USD,2024-03-01,wire,succeeded,2024-03-01 00:00:00
pay_7679487,sub_177335,cust_517584,79,USD,2024-04-01,credit_card,succeeded,2024-04-01 00:00:00
pay_4636360,sub_177335,cust_517584,79,USD,2024-05-01,ach,succeeded,2024-05-01 00:00:00
pay_8255176,sub_177335,cust_517584,79,USD,2024-06-01,wire,succeeded,2024-06-01 00:00:00
pay_6998442,sub_177335,cust_517584,79,USD,2024-07-01,credit_card,succeeded,2024-07-01 00:00:00
pay_7652371,sub_177335,cust_517584,79,USD,2024-08-01,credit_card,succeeded,2024-08-01 00:00:00
pay_7736356,sub_177335,cust_517584,79,USD,2024-09-01,credit_card,succeeded,2024-09-01 00:00:00
pay_4088273,sub_177335,cust_517584,79,USD,2024-10-01,ach,succeeded,2024-10-01 00:00:00
pay_8446621,sub_177335,cust_517584,790,USD,2024-11-01,wire,succeeded,2024-11-01 00:00:00
pay_9638231,sub_177335,cust_517584,79,USD,2024-12-01,credit_card,succeeded,2024-12-01 00:00:00
pay_4266796,sub_187859,cust_482746,29,USD,2023-04-27,ach,succeeded,2023-04-27 00:00:00
pay_2436553,sub_187859,cust_482746,29,USD,2023-05-01,ach,succeeded,2023-05-01 00:00:00
pay_6450324,sub_187859,cust_482746,29,USD,2023-06-01,credit_card,succeeded,2023-06-01 00:00:00
pay_1011337,sub_187859,cust_482746,29,USD,2023-07-01,ach,succeeded,2023-07-01 00:00:00
pay_5057359,sub_187859,cust_482746,29,USD,2023-08-01,credit_card,succeeded,2023-08-01 00:00:00
pay_2781278,sub_187859,cust_482746,29,USD,2023-09-01,credit_card,succeeded,2023-09-01 00:00:00
pay_8996376,sub_187859,cust_482746,29,USD,2023-10-01,ach,succeeded,2023-10-01 00:00:00
pay_8278528,sub_187859,cust_482746,29,USD,2023-11-01,credit_card,succeeded,2023-11-01 00:00:00
pay_9321592,sub_187859,cust_482746,29,USD,2023-12-01,ach,succeeded,2023-12-01 00:00:00
pay_4153461,sub_250152,cust_842776,79,USD,2023-08-03,wire,succeeded,2023-08-03 00:00:00
pay_9928852,sub_250152,cust_842776,79,USD,2023-09-01,credit_card,succeeded,2023-09-01 00:00:00
pay_2215338,sub_250152,cust_842776,79,USD,2023-10-01,credit_card,succeeded,2023-10-01 00:00:00
pay_8395677,sub_250152,cust_842776,79,USD,2023-11-01,credit_card,succeeded,2023-11-01 00:00:00
pay_7501701,sub_250152,cust_842776,79,USD,2023-12-01,credit_card,succeeded,2023-12-01 00:00:00
pay_4162018,sub_250152,cust_842776,199,USD,2024-01-01,wire,succeeded,2024-01-01 00:00:00
pay_3333293,sub_250152,cust_842776,199,USD,2024-02-01,wire,succeeded,2024-02-01 00:00:00
pay_6913626,sub_250152,cust_842776,79,USD,2024-03-01,ach,succeeded,2024-03-01 00:00:00
pay_2557136,sub_250152,cust_842776,79,USD,2024-04-01,wire,succeeded,2024-04-01 00:00:00
pay_2346854,sub_250152,cust_842776,79,USD,2024-05-01,credit_card,succeeded,2024-05-01 00:00:00
pay_6173587,sub_250152,cust_842776,79,USD,2024-06-01,wire,succeeded,2024-06-01 00:00:00
pay_1940907,sub_250152,cust_842776,79,USD,2024-07-01,credit_card,succeeded,2024-07-01 00:00:00
pay_1073195,sub_250152,cust_842776,79,USD,2024-08-01,wire,succeeded,2024-08-01 00:00:00
pay_5525984,sub_250152,cust_842776,79,USD,2024-09-01,wire,succeeded,2024-09-01 00:00:00
pay_4035787,sub_250152,cust_842776,79,USD,2024-10-01,wire,succeeded,2024-10-01 00:00:00
pay_9242231,sub_250152,cust_842776,79,USD,2024-11-01,credit_card,succeeded,2024-11-01 00:00:00
pay_1835328,sub_250152,cust_842776,29,USD,2024-12-01,credit_card,succeeded,2024-12-01 00:00:00
pay_3370551,sub_891533,cust_353777,29,USD,2023-09-16,wire,succeeded,2023-09-16 00:00:00
pay_3071838,sub_891533,cust_353777,29,USD,2023-10-01,credit_card,succeeded,2023-10-01 00:00:00
pay_3515332,sub_891533,cust_353777,29,USD,2023-11-01,credit_card,succeeded,2023-11-01 00:00:00
pay_2070518,sub_617215,cust_906306,199,USD,2023-09-12,wire,succeeded,2023-09-12 00:00:00
pay_1606142,sub_617215,cust_906306,199,USD,2023-10-01,ach,succeeded,2023-10-01 00:00:00
pay_1385166,sub_617215,cust_906306,199,USD,2023-11-01,ach,succeeded,2023-11-01 00:00:00
pay_6781924,sub_617215,cust_906306,199,USD,2023-12-01,credit_card,succeeded,2023-12-01 00:00:00
pay_3718763,sub_617215,cust_906306,199,USD,2024-01-01,credit_card,succeeded,2024-01-01 00:00:00
pay_7846350,sub_617215,cust_906306,199,USD,2024-02-01,wire,succeeded,2024-02-01 00:00:00
pay_2997599,sub_617215,cust_906306,199,USD,2024-03-01,wire,succeeded,2024-03-01 00:00:00
pay_3821058,sub_617215,cust_906306,199,USD,2024-04-01,credit_card,failed,2024-04-01 00:00:00
pay_9363019,sub_617215,cust_906306,199,USD,2024-05-01,credit_card,failed,2024-05-01 00:00:00
pay_3283404,sub_617215,cust_906306,199,USD,2024-06-01,credit_card,failed,2024-06-01 00:00:00
pay_7457461,sub_617215,cust_906306,199,USD,2024-07-01,ach,succeeded,2024-07-01 00:00:00
pay_8570421,sub_617215,cust_906306,199,USD,2024-08-01,credit_card,succeeded,2024-08-01 00:00:00
pay_5836541,sub_617215,cust_906306,199,USD,2024-09-01,credit_card,succeeded,2024-09-01 00:00:00
pay_6479968,sub_617215,cust_906306,199,USD,2024-10-01,ach,succeeded,2024-10-01 00:00:00
pay_2543867,sub_617215,cust_906306,199,USD,2024-11-01,credit_card,succeeded,2024-11-01 00:00:00
pay_7165267,sub_617215,cust_906306,199,USD,2024-12-01,ach,succeeded,2024-12-01 00:00:00
pay_9322133,sub_592951,cust_492292,79,USD,2024-02-05,credit_card,succeeded,2024-02-05 00:00:00
pay_7382546,sub_592951,cust_492292,79,USD,2024-03-01,wire,succeeded,2024-03-01 00:00:00
pay_4494335,sub_592951,cust_492292,79,USD,2024-04-01,credit_card,succeeded,2024-04-01 00:00:00
pay_5247186,sub_592951,cust_492292,79,USD,2024-05-01,credit_card,succeeded,2024-05-01 00:00:00
pay_6541621,sub_592951,cust_492292,79,USD,2024-06-01,credit_card,succeeded,2024-06-01 00:00:00
pay_8199730,sub_592951,cust_492292,79,USD,2024-07-01,wire,succeeded,2024-07-01 00:00:00
pay_8026853,sub_592951,cust_492292,79,USD,2024-08-01,credit_card,succeeded,2024-08-01 00:00:00
pay_9625390,sub_592951,cust_492292,79,USD,2024-09-01,credit_card,succeeded,2024-09-01 00:00:00
pay_5490723,sub_740907,cust_190025,29,USD,2023-04-29,wire,succeeded,2023-04-29 00:00:00
pay_5977356,sub_740907,cust_190025,29,USD,2023-05-01,wire,succeeded,2023-05-01 00:00:00
pay_4835957,sub_740907,cust_190025,29,USD,2023-06-01,credit_card,succeeded,2023-06-01 00:00:00
pay_8196746,sub_740907,cust_190025,29,USD,2023-07-01,credit_card,succeeded,2023-07-01 00:00:00
pay_9296726,sub_740907,cust_190025,29,USD,2023-08-01,credit_card,succeeded,2023-08-01 00:00:00
pay_7570579,sub_740907,cust_190025,29,USD,2023-09-01,credit_card,succeeded,2023-09-01 00:00:00
pay_5032195,sub_740907,cust_190025,29,USD,2023-10-01,credit_card,succeeded,2023-10-01 00:00:00
pay_8729652,sub_740907,cust_190025,29,USD,2023-11-01,ach,failed,2023-11-01 00:00:00
pay_8902061,sub_740907,cust_190025,29,USD,2023-12-01,credit_card,succeeded,2023-12-01 00:00:00
pay_5877601,sub_740907,cust_190025,29,USD,2024-01-01,credit_card,succeeded,2024-01-01 00:00:00
pay_7853714,sub_740907,cust_190025,29,USD,2024-02-01,wire,succeeded,2024-02-01 00:00:00
pay_5224876,sub_740907,cust_190025,29,USD,2024-03-01,credit_card,succeeded,2024-03-01 00:00:00
pay_8224664,sub_740907,cust_190025,29,USD,2024-04-01,wire,succeeded,2024-04-01 00:00:00
pay_9985406,sub_740907,cust_190025,29,USD,2024-05-01,credit_card,succeeded,2024-05-01 00:00:00
pay_6127143,sub_740907,cust_190025,29,USD,2024-06-01,credit_card,succeeded,2024-06-01 00:00:00
pay_7059563,sub_740907,cust_190025,29,USD,2024-07-01,credit_card,succeeded,2024-07-01 00:00:00
pay_9925674,sub_740907,cust_190025,29,USD,2024-08-01,credit_card,succeeded,2024-08-01 00:00:00
pay_3771343,sub_740907,cust_190025,29,USD,2024-09-01,credit_card,succeeded,2024-09-01 00:00:00
pay_4306348,sub_740907,cust_190025,29,USD,2024-10-01,credit_card,succeeded,2024-10-01 00:00:00
pay_4290868,sub_740907,cust_190025,29,USD,2024-11-01,wire,succeeded,2024-11-01 00:00:00
pay_8842351,sub_740907,cust_190025,29,USD,2024-12-01,ach,succeeded,2024-12-01 00:00:00
pay_9221210,sub_217825,cust_857065,29,USD,2024-12-01,credit_card,succeeded,2024-12-01 00:00:00
pay_6280331,sub_792702,cust_876459,29,USD,2023-09-07,credit_card,succeeded,2023-09-07 00:00:00
pay_6794172,sub_792702,cust_876459,29,USD,2023-10-01,credit_card,succeeded,2023-10-01 00:00:00
pay_1479448,sub_792702,cust_876459,29,USD,2023-11-01,credit_card,succeeded,2023-11-01 00:00:00
pay_6621751,sub_792702,cust_876459,29,USD,2023-12-01,wire,succeeded,2023-12-01 00:00:00
pay_2844465,sub_792702,cust_876459,29,USD,2024-01-01,credit_card,succeeded,2024-01-01 00:00:00
pay_3225585,sub_792702,cust_876459,29,USD,2024-02-01,credit_card,succeeded,2024-02-01 00:00:00
pay_6762918,sub_792702,cust_876459,29,USD,2024-03-01,credit_card,succeeded,2024-03-01 00:00:00
pay_2580636,sub_792702,cust_876459,29,USD,2024-04-01,credit_card,succeeded,2024-04-01 00:00:00
pay_4808022,sub_792702,cust_876459,29,USD,2024-05-01,credit_card,succeeded,2024-05-01 00:00:00
pay_8784547,sub_792702,cust_876459,29,USD,2024-06-01,wire,succeeded,2024-06-01 00:00:00
pay_4901379,sub_992325,cust_295440,790,USD,2024-10-17,credit_card,succeeded,2024-10-17 00:00:00
pay_6546744,sub_992325,cust_295440,79,USD,2024-11-01,credit_card,succeeded,2024-11-01 00:00:00
pay_2687290,sub_992325,cust_295440,79,USD,2024-12-01,credit_card,succeeded,2024-12-01 00:00:00
pay_6915526,sub_531204,cust_325230,79,USD,2023-07-30,wire,succeeded,2023-07-30 00:00:00
pay_3799611,sub_531204,cust_325230,79,USD,2023-08-01,ach,failed,2023-08-01 00:00:00
pay_8729583,sub_531204,cust_325230,79,USD,2023-09-01,credit_card,succeeded,2023-09-01 00:00:00
pay_8283511,sub_531204,cust_325230,79,USD,2023-10-01,ach,succeeded,2023-10-01 00:00:00
pay_6770456,sub_531204,cust_325230,79,USD,2023-11-01,credit_card,succeeded,2023-11-01 00:00:00
pay_9784090,sub_531204,cust_325230,79,USD,2023-12-01,credit_card,succeeded,2023-12-01 00:00:00
pay_9867257,sub_531204,cust_325230,79,USD,2024-01-01,credit_card,succeeded,2024-01-01 00:00:00
pay_6873658,sub_531204,cust_325230,79,USD,2024-02-01,credit_card,succeeded,2024-02-01 00:00:00
pay_2346321,sub_531204,cust_325230,79,USD,2024-03-01,credit_card,succeeded,2024-03-01 00:00:00
pay_8237504,sub_531204,cust_325230,79,USD,2024-04-01,credit_card,succeeded,2024-04-01 00:00:00
pay_2355962,sub_531204,cust_325230,79,USD,2024-05-01,wire,succeeded,2024-05-01 00:00:00
pay_2573148,sub_531204,cust_325230,79,USD,2024-06-01,credit_card,succeeded,2024-06-01 00:00:00
pay_6107595,sub_531204,cust_325230,79,USD,2024-07-01,credit_card,succeeded,2024-07-01 00:00:00
pay_6245639,sub_531204,cust_325230,79,USD,2024-08-01,credit_card,succeeded,2024-08-01 00:00:00
pay_1524298,sub_531204,cust_325230,79,USD,2024-09-01,ach,succeeded,2024-09-01 00:00:00
pay_4128564,sub_531204,cust_325230,29,USD,2024-10-01,wire,succeeded,2024-10-01 00:00:00
pay_7974844,sub_531204,cust_325230,29,USD,2024-11-01,ach,succeeded,2024-11-01 00:00:00
pay_8419922,sub_531204,cust_325230,29,USD,2024-12-01,credit_card,succeeded,2024-12-01 00:00:00
pay_3355474,sub_469833,cust_219490,1990,USD,2023-09-26,credit_card,succeeded,2023-09-26 00:00:00
pay_8979708,sub_469833,cust_219490,199,USD,2023-10-01,credit_card,succeeded,2023-10-01 00:00:00
pay_3798207,sub_469833,cust_219490,199,USD,2023-11-01,ach,succeeded,2023-11-01 00:00:00
pay_2702948,sub_469833,cust_219490,199,USD,2023-12-01,credit_card,succeeded,2023-12-01 00:00:00
pay_1482300,sub_469833,cust_219490,199,USD,2024-01-01,wire,succeeded,2024-01-01 00:00:00
pay_2988574,sub_469833,cust_219490,199,USD,2024-02-01,wire,succeeded,2024-02-01 00:00:00
pay_8416795,sub_469833,cust_219490,199,USD,2024-03-01,ach,succeeded,2024-03-01 00:00:00
pay_1993391,sub_469833,cust_219490,199,USD,2024-04-01,ach,succeeded,2024-04-01 00:00:00
pay_2406539,sub_469833,cust_219490,199,USD,2024-05-01,wire,succeeded,2024-05-01 00:00:00
pay_5034902,sub_469833,cust_219490,199,USD,2024-06-01,credit_card,succeeded,2024-06-01 00:00:00
pay_4940487,sub_469833,cust_219490,199,USD,2024-07-01,wire,succeeded,2024-07-01 00:00:00
pay_2237380,sub_469833,cust_219490,199,USD,2024-08-01,ach,succeeded,2024-08-01 00:00:00
pay_1995162,sub_469833,cust_219490,1990,USD,2024-09-01,credit_card,succeeded,2024-09-01 00:00:00
pay_6535309,sub_469833,cust_219490,199,USD,2024-10-01,wire,succeeded,2024-10-01 00:00:00
pay_3396435,sub_469833,cust_219490,199,USD,2024-11-01,credit_card,succeeded,2024-11-01 00:00:00
pay_8025845,sub_469833,cust_219490,199,USD,2024-12-01,ach,succeeded,2024-12-01 00:00:00
pay_2677020,sub_986552,cust_469082,29,USD,2024-04-13,credit_card,succeeded,2024-04-13 00:00:00
pay_4612353,sub_986552,cust_469082,29,USD,2024-05-01,credit_card,succeeded,2024-05-01 00:00:00
pay_9908966,sub_986552,cust_469082,29,USD,2024-06-01,wire,succeeded,2024-06-01 00:00:00
pay_1645558,sub_986552,cust_469082,29,USD,2024-07-01,credit_card,succeeded,2024-07-01 00:00:00
pay_2517524,sub_986552,cust_469082,29,USD,2024-08-01,credit_card,succeeded,2024-08-01 00:00:00
pay_1959393,sub_971861,cust_294776,79,USD,2024-05-13,credit_card,succeeded,2024-05-13 00:00:00
pay_5064978,sub_971861,cust_294776,79,USD,2024-06-01,ach,succeeded,2024-06-01 00:00:00
pay_1775072,sub_971861,cust_294776,79,USD,2024-07-01,credit_card,succeeded,2024-07-01 00:00:00
pay_4985367,sub_971861,cust_294776,79,USD,2024-08-01,credit_card,succeeded,2024-08-01 00:00:00
pay_3223226,sub_971861,cust_294776,79,USD,2024-09-01,ach,succeeded,2024-09-01 00:00:00
pay_7225780,sub_971861,cust_294776,79,USD,2024-10-01,ach,succeeded,2024-10-01 00:00:00
pay_4100519,sub_971861,cust_294776,79,USD,2024-11-01,wire,succeeded,2024-11-01 00:00:00
pay_2848834,sub_971861,cust_294776,79,USD,2024-12-01,credit_card,succeeded,2024-12-01 00:00:00
pay_1407398,sub_787919,cust_429861,29,USD,2024-04-06,credit_card,succeeded,2024-04-06 00:00:00
pay_4256164,sub_787919,cust_429861,29,USD,2024-05-01,credit_card,succeeded,2024-05-01 00:00:00
pay_4407843,sub_787919,cust_429861,29,USD,2024-06-01,credit_card,succeeded,2024-06-01 00:00:00
pay_7249716,sub_787919,cust_429861,29,USD,2024-07-01,credit_card,succeeded,2024-07-01 00:00:00
pay_2418621,sub_787919,cust_429861,29,USD,2024-08-01,credit_card,succeeded,2024-08-01 00:00:00
pay_3630384,sub_787919,cust_429861,29,USD,2024-09-01,wire,succeeded,2024-09-01 00:00:00
pay_2991494,sub_787919,cust_429861,29,USD,2024-10-01,credit_card,succeeded,2024-10-01 00:00:00
pay_7845108,sub_787919,cust_429861,29,USD,2024-11-01,credit_card,succeeded,2024-11-01 00:00:00
pay_2924217,sub_787919,cust_429861,29,USD,2024-12-01,ach,succeeded,2024-12-01 00:00:00
pay_7540209,sub_621178,cust_619013,790,USD,2024-02-23,credit_card,succeeded,2024-02-23 00:00:00
pay_8581866,sub_621178,cust_619013,79,USD,2024-03-01,credit_card,succeeded,2024-03-01 00:00:00
pay_9543522,sub_621178,cust_619013,79,USD,2024-04-01,credit_card,succeeded,2024-04-01 00:00:00
pay_3369858,sub_621178,cust_619013,79,USD,2024-05-01,wire,succeeded,2024-05-01 00:00:00
pay_1898842,sub_621178,cust_619013,79,USD,2024-06-01,wire,succeeded,2024-06-01 00:00:00
pay_3610866,sub_621178,cust_619013,79,USD,2024-07-01,credit_card,succeeded,2024-07-01 00:00:00
pay_5130309,sub_621178,cust_619013,79,USD,2024-08-01,ach,succeeded,2024-08-01 00:00:00
pay_2266948,sub_621178,cust_619013,79,USD,2024-09-01,credit_card,succeeded,2024-09-01 00:00:00
pay_8726065,sub_621178,cust_619013,79,USD,2024-10-01,ach,succeeded,2024-10-01 00:00:00
pay_2911064,sub_621178,cust_619013,79,USD,2024-11-01,credit_card,succeeded,2024-11-01 00:00:00
pay_9620884,sub_621178,cust_619013,79,USD,2024-12-01,ach,succeeded,2024-12-01 00:00:00
pay_8416719,sub_613604,cust_406278,29,USD,2023-02-03,credit_card,succeeded,2023-02-03 00:00:00
pay_2358537,sub_613604,cust_406278,29,USD,2023-03-01,credit_card,succeeded,2023-03-01 00:00:00
pay_1947572,sub_613604,cust_406278,29,USD,2023-04-01,credit_card,succeeded,2023-04-01 00:00:00
pay_1857625,sub_613604,cust_406278,29,USD,2023-05-01,credit_card,succeeded,2023-05-01 00:00:00
pay_3979325,sub_613604,cust_406278,29,USD,2023-06-01,credit_card,succeeded,2023-06-01 00:00:00
pay_7329770,sub_613604,cust_406278,29,USD,2023-07-01,wire,succeeded,2023-07-01 00:00:00
pay_9294106,sub_613604,cust_406278,29,USD,2023-08-01,wire,succeeded,2023-08-01 00:00:00
pay_4574334,sub_426584,cust_219754,1990,USD,2023-10-02,credit_card,succeeded,2023-10-02 00:00:00
pay_1927615,sub_426584,cust_219754,199,USD,2023-11-01,credit_card,succeeded,2023-11-01 00:00:00
pay_9438921,sub_426584,cust_219754,199,USD,2023-12-01,ach,succeeded,2023-12-01 00:00:00
pay_7653857,sub_426584,cust_219754,199,USD,2024-01-01,credit_card,succeeded,2024-01-01 00:00:00
pay_1797321,sub_426584,cust_219754,199,USD,2024-02-01,credit_card,succeeded,2024-02-01 00:00:00
pay_4451332,sub_426584,cust_219754,199,USD,2024-03-01,credit_card,failed,2024-03-01 00:00:00
pay_8704738,sub_426584,cust_219754,199,USD,2024-04-01,credit_card,succeeded,2024-04-01 00:00:00
pay_2154396,sub_426584,cust_219754,199,USD,2024-05-01,wire,succeeded,2024-05-01 00:00:00
pay_3452756,sub_426584,cust_219754,199,USD,2024-06-01,credit_card,succeeded,2024-06-01 00:00:00
pay_9472303,sub_426584,cust_219754,199,USD,2024-07-01,credit_card,succeeded,2024-07-01 00:00:00
pay_5086710,sub_426584,cust_219754,199,USD,2024-08-01,wire,succeeded,2024-08-01 00:00:00
pay_8489470,sub_426584,cust_219754,199,USD,2024-09-01,credit_card,succeeded,2024-09-01 00:00:00
pay_6260866,sub_426584,cust_219754,1990,USD,2024-10-01,credit_card,succeeded,2024-10-01 00:00:00
pay_5711332,sub_426584,cust_219754,199,USD,2024-11-01,ach,succeeded,2024-11-01 00:00:00
pay_6209399,sub_426584,cust_219754,199,USD,2024-12-01,credit_card,succeeded,2024-12-01 00:00:00
pay_2653227,sub_493935,cust_951327,79,USD,2023-08-31,credit_card,succeeded,2023-08-31 00:00:00
pay_3836338,sub_493935,cust_951327,79,USD,2023-09-01,credit_card,succeeded,2023-09-01 00:00:00
pay_3916091,sub_493935,cust_951327,79,USD,2023-10-01,credit_card,succeeded,2023-10-01 00:00:00
pay_4304891,sub_493935,cust_951327,79,USD,2023-11-01,credit_card,succeeded,2023-11-01 00:00:00
pay_7488346,sub_493935,cust_951327,29,USD,2023-12-01,wire,succeeded,2023-12-01 00:00:00
pay_7896688,sub_493935,cust_951327,29,USD,2024-01-01,credit_card,succeeded,2024-01-01 00:00:00
pay_1151625,sub_756581,cust_922974,790,USD,2023-07-31,credit_card,succeeded,2023-07-31 00:00:00
pay_2442063,sub_756581,cust_922974,79,USD,2023-08-01,ach,succeeded,2023-08-01 00:00:00
pay_7381643,sub_756581,cust_922974,79,USD,2023-09-01,wire,succeeded,2023-09-01 00:00:00
pay_9561089,sub_756581,cust_922974,79,USD,2023-10-01,wire,failed,2023-10-01 00:00:00
pay_9155269,sub_756581,cust_922974,79,USD,2023-11-01,ach,succeeded,2023-11-01 00:00:00
pay_1774654,sub_756581,cust_922974,79,USD,2023-12-01,credit_card,succeeded,2023-12-01 00:00:00
pay_3170997,sub_756581,cust_922974,79,USD,2024-01-01,credit_card,failed,2024-01-01 00:00:00
pay_2673076,sub_756581,cust_922974,199,USD,2024-02-01,credit_card,succeeded,2024-02-01 00:00:00
pay_1148226,sub_756581,cust_922974,199,USD,2024-03-01,ach,succeeded,2024-03-01 00:00:00
pay_5050761,sub_756581,cust_922974,199,USD,2024-04-01,credit_card,succeeded,2024-04-01 00:00:00
pay_1462791,sub_756581,cust_922974,199,USD,2024-05-01,wire,succeeded,2024-05-01 00:00:00
pay_6379463,sub_756581,cust_922974,199,USD,2024-06-01,credit_card,succeeded,2024-06-01 00:00:00
pay_8697014,sub_756581,cust_922974,1990,USD,2024-07-01,credit_card,succeeded,2024-07-01 00:00:00
pay_2357729,sub_756581,cust_922974,79,USD,2024-08-01,credit_card,succeeded,2024-08-01 00:00:00
pay_2350621,sub_756581,cust_922974,79,USD,2024-09-01,wire,succeeded,2024-09-01 00:00:00
pay_6099136,sub_756581,cust_922974,79,USD,2024-10-01,credit_card,succeeded,2024-10-01 00:00:00
pay_7096313,sub_756581,cust_922974,79,USD,2024-11-01,ach,succeeded,2024-11-01 00:00:00
pay_3378473,sub_756581,cust_922974,79,USD,2024-12-01,wire,succeeded,2024-12-01 00:00:00
pay_6677938,sub_595043,cust_403387,199,USD,2024-08-09,ach,succeeded,2024-08-09 00:00:00
pay_4121642,sub_595043,cust_403387,199,USD,2024-09-01,ach,succeeded,2024-09-01 00:00:00
pay_2312772,sub_595043,cust_403387,199,USD,2024-10-01,credit_card,succeeded,2024-10-01 00:00:00
pay_2951677,sub_595043,cust_403387,199,USD,2024-11-01,wire,succeeded,2024-11-01 00:00:00
pay_3371734,sub_595043,cust_403387,199,USD,2024-12-01,ach,succeeded,2024-12-01 00:00:00
pay_6945432,sub_593348,cust_162165,29,USD,2023-10-11,ach,succeeded,2023-10-11 00:00:00
pay_7739827,sub_593348,cust_162165,29,USD,2023-11-01,ach,succeeded,2023-11-01 00:00:00
pay_8392365,sub_593348,cust_162165,29,USD,2023-12-01,wire,succeeded,2023-12-01 00:00:00
pay_1423782,sub_593348,cust_162165,29,USD,2024-01-01,credit_card,succeeded,2024-01-01 00:00:00
pay_4480823,sub_593348,cust_162165,29,USD,2024-02-01,ach,succeeded,2024-02-01 00:00:00
pay_9803892,sub_593348,cust_162165,29,USD,2024-03-01,ach,succeeded,2024-03-01 00:00:00
pay_1780782,sub_593348,cust_162165,29,USD,2024-04-01,credit_card,succeeded,2024-04-01 00:00:00
pay_4647625,sub_593348,cust_162165,29,USD,2024-05-01,credit_card,succeeded,2024-05-01 00:00:00
pay_2155070,sub_593348,cust_162165,29,USD,2024-06-01,credit_card,succeeded,2024-06-01 00:00:00
pay_7559594,sub_593348,cust_162165,29,USD,2024-07-01,ach,succeeded,2024-07-01 00:00:00
pay_8117950,sub_114815,cust_613234,1990,USD,2023-05-26,credit_card,succeeded,2023-05-26 00:00:00
pay_1014235,sub_114815,cust_613234,199,USD,2023-06-01,credit_card,succeeded,2023-06-01 00:00:00
pay_2853043,sub_114815,cust_613234,199,USD,2023-07-01,credit_card,succeeded,2023-07-01 00:00:00
pay_7980931,sub_114815,cust_613234,199,USD,2023-08-01,credit_card,succeeded,2023-08-01 00:00:00
pay_3921178,sub_114815,cust_613234,199,USD,2023-09-01,credit_card,succeeded,2023-09-01 00:00:00
pay_5958029,sub_114815,cust_613234,199,USD,2023-10-01,wire,succeeded,2023-10-01 00:00:00
pay_7656899,sub_114815,cust_613234,199,USD,2023-11-01,wire,succeeded,2023-11-01 00:00:00
pay_4476389,sub_114815,cust_613234,199,USD,2023-12-01,ach,succeeded,2023-12-01 00:00:00
pay_1456560,sub_114815,cust_613234,199,USD,2024-01-01,credit_card,succeeded,2024-01-01 00:00:00
pay_7326816,sub_114815,cust_613234,199,USD,2024-02-01,wire,succeeded,2024-02-01 00:00:00
pay_7501157,sub_114815,cust_613234,199,USD,2024-03-01,wire,succeeded,2024-03-01 00:00:00
pay_9104003,sub_114815,cust_613234,199,USD,2024-04-01,credit_card,succeeded,2024-04-01 00:00:00
pay_4881016,sub_114815,cust_613234,790,USD,2024-05-01,credit_card,succeeded,2024-05-01 00:00:00
pay_4689130,sub_114815,cust_613234,79,USD,2024-06-01,ach,failed,2024-06-01 00:00:00
pay_4822476,sub_114815,cust_613234,79,USD,2024-07-01,ach,succeeded,2024-07-01 00:00:00
pay_2321338,sub_114815,cust_613234,79,USD,2024-08-01,credit_card,succeeded,2024-08-01 00:00:00
pay_4038772,sub_114815,cust_613234,79,USD,2024-09-01,credit_card,succeeded,2024-09-01 00:00:00
pay_2906140,sub_114815,cust_613234,29,USD,2024-10-01,credit_card,succeeded,2024-10-01 00:00:00
pay_1967224,sub_114815,cust_613234,29,USD,2024-11-01,ach,succeeded,2024-11-01 00:00:00
pay_4742228,sub_114815,cust_613234,29,USD,2024-12-01,credit_card,succeeded,2024-12-01 00:00:00
pay_5432916,sub_946514,cust_828449,1990,USD,2024-01-13,credit_card,succeeded,2024-01-13 00:00:00
pay_3435279,sub_946514,cust_828449,199,USD,2024-02-01,wire,succeeded,2024-02-01 00:00:00
pay_8577641,sub_946514,cust_828449,199,USD,2024-03-01,credit_card,succeeded,2024-03-01 00:00:00
pay_3631979,sub_946514,cust_828449,199,USD,2024-04-01,credit_card,succeeded,2024-04-01 00:00:00
pay_9700561,sub_946514,cust_828449,199,USD,2024-05-01,credit_card,succeeded,2024-05-01 00:00:00
pay_2916171,sub_946514,cust_828449,199,USD,2024-06-01,ach,failed,2024-06-01 00:00:00
pay_7718915,sub_946514,cust_828449,199,USD,2024-07-01,credit_card,succeeded,2024-07-01 00:00:00
pay_9060755,sub_946514,cust_828449,79,USD,2024-08-01,credit_card,succeeded,2024-08-01 00:00:00
pay_9821800,sub_946514,cust_828449,79,USD,2024-09-01,wire,succeeded,2024-09-01 00:00:00
pay_9734885,sub_946514,cust_828449,29,USD,2024-10-01,credit_card,succeeded,2024-10-01 00:00:00
pay_9003810,sub_946514,cust_828449,29,USD,2024-11-01,credit_card,succeeded,2024-11-01 00:00:00
pay_8529542,sub_946514,cust_828449,29,USD,2024-12-01,wire,succeeded,2024-12-01 00:00:00
pay_6296966,sub_417255,cust_796405,29,USD,2024-01-02,credit_card,succeeded,2024-01-02 00:00:00
pay_3261935,sub_417255,cust_796405,29,USD,2024-02-01,credit_card,succeeded,2024-02-01 00:00:00
pay_2851849,sub_417255,cust_796405,29,USD,2024-03-01,credit_card,succeeded,2024-03-01 00:00:00
pay_7865555,sub_417255,cust_796405,29,USD,2024-04-01,credit_card,succeeded,2024-04-01 00:00:00
pay_6971785,sub_417255,cust_796405,29,USD,2024-05-01,wire,succeeded,2024-05-01 00:00:00
pay_9968045,sub_417255,cust_796405,29,USD,2024-06-01,credit_card,succeeded,2024-06-01 00:00:00
pay_1157926,sub_417255,cust_796405,29,USD,2024-07-01,ach,succeeded,2024-07-01 00:00:00
pay_4544343,sub_417255,cust_796405,29,USD,2024-08-01,credit_card,succeeded,2024-08-01 00:00:00
pay_5081124,sub_417255,cust_796405,29,USD,2024-09-01,credit_card,succeeded,2024-09-01 00:00:00
pay_4357393,sub_417255,cust_796405,29,USD,2024-10-01,credit_card,succeeded,2024-10-01 00:00:00
pay_8734268,sub_417255,cust_796405,29,USD,2024-11-01,credit_card,succeeded,2024-11-01 00:00:00
pay_8526784,sub_417255,cust_796405,29,USD,2024-12-01,credit_card,succeeded,2024-12-01 00:00:00
pay_7952775,sub_845902,cust_673896,29,USD,2024-08-14,credit_card,succeeded,2024-08-14 00:00:00
pay_6118532,sub_845902,cust_673896,29,USD,2024-09-01,wire,succeeded,2024-09-01 00:00:00
pay_9187341,sub_845902,cust_673896,29,USD,2024-10-01,wire,succeeded,2024-10-01 00:00:00
pay_2487802,sub_845902,cust_673896,29,USD,2024-11-01,wire,succeeded,2024-11-01 00:00:00
pay_4544340,sub_845902,cust_673896,29,USD,2024-12-01,wire,succeeded,2024-12-01 00:00:00
pay_1898452,sub_783768,cust_581906,79,USD,2023-01-17,ach,succeeded,2023-01-17 00:00:00
pay_3796588,sub_783768,cust_581906,79,USD,2023-02-01,credit_card,succeeded,2023-02-01 00:00:00
pay_4475928,sub_783768,cust_581906,79,USD,2023-03-01,credit_card,succeeded,2023-03-01 00:00:00
pay_8147400,sub_783768,cust_581906,79,USD,2023-04-01,ach,succeeded,2023-04-01 00:00:00
pay_3881328,sub_783768,cust_581906,79,USD,2023-05-01,credit_card,succeeded,2023-05-01 00:00:00
pay_4262664,sub_783768,cust_581906,79,USD,2023-06-01,ach,succeeded,2023-06-01 00:00:00
pay_5061376,sub_783768,cust_581906,79,USD,2023-07-01,credit_card,succeeded,2023-07-01 00:00:00
pay_9839636,sub_783768,cust_581906,79,USD,2023-08-01,credit_card,succeeded,2023-08-01 00:00:00
pay_1614565,sub_783768,cust_581906,79,USD,2023-09-01,credit_card,succeeded,2023-09-01 00:00:00
pay_1944260,sub_783768,cust_581906,79,USD,2023-10-01,credit_card,succeeded,2023-10-01 00:00:00
pay_3740427,sub_783768,cust_581906,79,USD,2023-11-01,wire,succeeded,2023-11-01 00:00:00
pay_5963598,sub_783768,cust_581906,79,USD,2023-12-01,credit_card,succeeded,2023-12-01 00:00:00
pay_6585274,sub_783768,cust_581906,79,USD,2024-01-01,wire,succeeded,2024-01-01 00:00:00
pay_8064851,sub_783768,cust_581906,79,USD,2024-02-01,credit_card,succeeded,2024-02-01 00:00:00
pay_3074710,sub_783768,cust_581906,79,USD,2024-03-01,credit_card,succeeded,2024-03-01 00:00:00
pay_5671643,sub_783768,cust_581906,79,USD,2024-04-01,credit_card,succeeded,2024-04-01 00:00:00
pay_3585824,sub_783768,cust_581906,79,USD,2024-05-01,credit_card,succeeded,2024-05-01 00:00:00
pay_6738239,sub_783768,cust_581906,199,USD,2024-06-01,credit_card,succeeded,2024-06-01 00:00:00
pay_5568923,sub_783768,cust_581906,199,USD,2024-07-01,credit_card,succeeded,2024-07-01 00:00:00
pay_4091304,sub_783768,cust_581906,199,USD,2024-08-01,credit_card,succeeded,2024-08-01 00:00:00
pay_2120195,sub_783768,cust_581906,199,USD,2024-09-01,credit_card,succeeded,2024-09-01 00:00:00
pay_8062735,sub_783768,cust_581906,199,USD,2024-10-01,credit_card,succeeded,2024-10-01 00:00:00
pay_2783312,sub_783768,cust_581906,199,USD,2024-11-01,credit_card,succeeded,2024-11-01 00:00:00
pay_7808463,sub_783768,cust_581906,199,USD,2024-12-01,credit_card,succeeded,2024-12-01 00:00:00
pay_7629768,sub_387492,cust_781571,79,USD,2023-11-06,credit_card,succeeded,2023-11-06 00:00:00
pay_5380869,sub_387492,cust_781571,79,USD,2023-12-01,credit_card,succeeded,2023-12-01 00:00:00
pay_4488137,sub_387492,cust_781571,79,USD,2024-01-01,wire,succeeded,2024-01-01 00:00:00
pay_4921744,sub_387492,cust_781571,79,USD,2024-02-01,credit_card,succeeded,2024-02-01 00:00:00
pay_4651192,sub_387492,cust_781571,79,USD,2024-03-01,credit_card,succeeded,2024-03-01 00:00:00
pay_1145575,sub_387492,cust_781571,79,USD,2024-04-01,ach,succeeded,2024-04-01 00:00:00
pay_9746238,sub_387492,cust_781571,79,USD,2024-05-01,credit_card,succeeded,2024-05-01 00:00:00
pay_1774125,sub_387492,cust_781571,79,USD,2024-06-01,wire,succeeded,2024-06-01 00:00:00
pay_6131376,sub_387492,cust_781571,79,USD,2024-07-01,credit_card,succeeded,2024-07-01 00:00:00
pay_8798283,sub_387492,cust_781571,79,USD,2024-08-01,credit_card,succeeded,2024-08-01 00:00:00
pay_1538723,sub_847960,cust_273565,79,USD,2023-02-23,wire,succeeded,2023-02-23 00:00:00
pay_3950139,sub_847960,cust_273565,79,USD,2023-03-01,credit_card,succeeded,2023-03-01 00:00:00
pay_4157178,sub_847960,cust_273565,79,USD,2023-04-01,credit_card,succeeded,2023-04-01 00:00:00
pay_2559402,sub_847960,cust_273565,199,USD,2023-05-01,ach,succeeded,2023-05-01 00:00:00
pay_2079981,sub_847960,cust_273565,199,USD,2023-06-01,credit_card,succeeded,2023-06-01 00:00:00
pay_4620399,sub_847960,cust_273565,199,USD,2023-07-01,wire,succeeded,2023-07-01 00:00:00
pay_8193941,sub_847960,cust_273565,199,USD,2023-08-01,ach,succeeded,2023-08-01 00:00:00
pay_3283134,sub_847960,cust_273565,199,USD,2023-09-01,credit_card,failed,2023-09-01 00:00:00
pay_4797739,sub_847960,cust_273565,199,USD,2023-10-01,credit_card,succeeded,2023-10-01 00:00:00
pay_4024255,sub_847960,cust_273565,199,USD,2023-11-01,credit_card,succeeded,2023-11-01 00:00:00
pay_3879823,sub_847960,cust_273565,199,USD,2023-12-01,credit_card,succeeded,2023-12-01 00:00:00
pay_5536103,sub_847960,cust_273565,199,USD,2024-01-01,credit_card,succeeded,2024-01-01 00:00:00
pay_9811570,sub_847960,cust_273565,199,USD,2024-02-01,credit_card,succeeded,2024-02-01 00:00:00
pay_2028961,sub_847960,cust_273565,199,USD,2024-03-01,ach,succeeded,2024-03-01 00:00:00
pay_5121047,sub_847960,cust_273565,199,USD,2024-04-01,credit_card,succeeded,2024-04-01 00:00:00
pay_8279290,sub_847960,cust_273565,199,USD,2024-05-01,credit_card,succeeded,2024-05-01 00:00:00
pay_1241860,sub_847960,cust_273565,199,USD,2024-06-01,credit_card,succeeded,2024-06-01 00:00:00
pay_2675675,sub_847960,cust_273565,199,USD,2024-07-01,credit_card,succeeded,2024-07-01 00:00:00
pay_3821858,sub_847960,cust_273565,199,USD,2024-08-01,credit_card,succeeded,2024-08-01 00:00:00
pay_5542450,sub_847960,cust_273565,79,USD,2024-09-01,credit_card,succeeded,2024-09-01 00:00:00
pay_1517029,sub_847960,cust_273565,79,USD,2024-10-01,credit_card,succeeded,2024-10-01 00:00:00
pay_5104558,sub_847960,cust_273565,29,USD,2024-11-01,credit_card,succeeded,2024-11-01 00:00:00
pay_6161516,sub_847960,cust_273565,29,USD,2024-12-01,ach,failed,2024-12-01 00:00:00
pay_2524400,sub_529131,cust_599968,29,USD,2023-03-21,credit_card,succeeded,2023-03-21 00:00:00
pay_9636136,sub_529131,cust_599968,29,USD,2023-04-01,ach,succeeded,2023-04-01 00:00:00
pay_6643235,sub_529131,cust_599968,29,USD,2023-05-01,ach,succeeded,2023-05-01 00:00:00
pay_1135297,sub_529131,cust_599968,29,USD,2023-06-01,wire,succeeded,2023-06-01 00:00:00
pay_5781626,sub_529131,cust_599968,29,USD,2023-07-01,credit_card,succeeded,2023-07-01 00:00:00
pay_6898080,sub_529131,cust_599968,79,USD,2023-08-01,credit_card,succeeded,2023-08-01 00:00:00
pay_2089741,sub_529131,cust_599968,79,USD,2023-09-01,credit_card,succeeded,2023-09-01 00:00:00
pay_6367350,sub_529131,cust_599968,79,USD,2023-10-01,credit_card,succeeded,2023-10-01 00:00:00
pay_3252091,sub_529131,cust_599968,79,USD,2023-11-01,credit_card,succeeded,2023-11-01 00:00:00
pay_2565963,sub_529131,cust_599968,199,USD,2023-12-01,wire,succeeded,2023-12-01 00:00:00
pay_4004521,sub_529131,cust_599968,199,USD,2024-01-01,ach,succeeded,2024-01-01 00:00:00
pay_2184456,sub_529131,cust_599968,199,USD,2024-02-01,credit_card,succeeded,2024-02-01 00:00:00
pay_6340289,sub_529131,cust_599968,199,USD,2024-03-01,ach,succeeded,2024-03-01 00:00:00
pay_5482331,sub_529131,cust_599968,199,USD,2024-04-01,credit_card,succeeded,2024-04-01 00:00:00
pay_3943200,sub_529131,cust_599968,199,USD,2024-05-01,credit_card,succeeded,2024-05-01 00:00:00
pay_3927616,sub_529131,cust_599968,199,USD,2024-06-01,credit_card,succeeded,2024-06-01 00:00:00
pay_7402264,sub_529131,cust_599968,199,USD,2024-07-01,ach,succeeded,2024-07-01 00:00:00
pay_8103918,sub_529131,cust_599968,199,USD,2024-08-01,wire,succeeded,2024-08-01 00:00:00
pay_3816575,sub_529131,cust_599968,199,USD,2024-09-01,wire,succeeded,2024-09-01 00:00:00
pay_4887495,sub_529131,cust_599968,199,USD,2024-10-01,wire,succeeded,2024-10-01 00:00:00
pay_5195115,sub_529131,cust_599968,199,USD,2024-11-01,credit_card,succeeded,2024-11-01 00:00:00
pay_4219121,sub_529131,cust_599968,199,USD,2024-12-01,wire,succeeded,2024-12-01 00:00:00
pay_4867069,sub_969793,cust_501312,199,USD,2023-05-17,credit_card,succeeded,2023-05-17 00:00:00
pay_3496387,sub_969793,cust_501312,199,USD,2023-06-01,credit_card,succeeded,2023-06-01 00:00:00
pay_8124274,sub_969793,cust_501312,199,USD,2023-07-01,credit_card,failed,2023-07-01 00:00:00
pay_4151107,sub_969793,cust_501312,199,USD,2023-08-01,credit_card,succeeded,2023-08-01 00:00:00
pay_4381812,sub_969793,cust_501312,199,USD,2023-09-01,credit_card,succeeded,2023-09-01 00:00:00
pay_4859970,sub_969793,cust_501312,199,USD,2023-10-01,credit_card,succeeded,2023-10-01 00:00:00
pay_8929580,sub_969793,cust_501312,199,USD,2023-11-01,credit_card,succeeded,2023-11-01 00:00:00
pay_9838407,sub_969793,cust_501312,199,USD,2023-12-01,ach,succeeded,2023-12-01 00:00:00
pay_5268154,sub_969793,cust_501312,199,USD,2024-01-01,credit_card,succeeded,2024-01-01 00:00:00
pay_7072871,sub_969793,cust_501312,199,USD,2024-02-01,credit_card,succeeded,2024-02-01 00:00:00
pay_5179026,sub_969793,cust_501312,199,USD,2024-03-01,wire,succeeded,2024-03-01 00:00:00
pay_3240610,sub_969793,cust_501312,199,USD,2024-04-01,wire,succeeded,2024-04-01 00:00:00
pay_1349361,sub_969793,cust_501312,199,USD,2024-05-01,ach,succeeded,2024-05-01 00:00:00
pay_6704686,sub_969793,cust_501312,199,USD,2024-06-01,credit_card,succeeded,2024-06-01 00:00:00
pay_6828339,sub_969793,cust_501312,199,USD,2024-07-01,credit_card,succeeded,2024-07-01 00:00:00
pay_9775520,sub_969793,cust_501312,199,USD,2024-08-01,wire,succeeded,2024-08-01 00:00:00
pay_5563057,sub_969793,cust_501312,79,USD,2024-09-01,ach,succeeded,2024-09-01 00:00:00
pay_1138525,sub_969793,cust_501312,79,USD,2024-10-01,credit_card,succeeded,2024-10-01 00:00:00
pay_8079136,sub_969793,cust_501312,79,USD,2024-11-01,credit_card,succeeded,2024-11-01 00:00:00
pay_6414274,sub_761770,cust_323404,29,USD,2024-10-05,wire,succeeded,2024-10-05 00:00:00
pay_8890729,sub_761770,cust_323404,29,USD,2024-11-01,ach,succeeded,2024-11-01 00:00:00
pay_5338827,sub_761770,cust_323404,29,USD,2024-12-01,ach,succeeded,2024-12-01 00:00:00
pay_9775049,sub_691155,cust_229139,79,USD,2024-08-26,credit_card,succeeded,2024-08-26 00:00:00
pay_6707994,sub_691155,cust_229139,79,USD,2024-09-01,credit_card,failed,2024-09-01 00:00:00
pay_9533877,sub_691155,cust_229139,79,USD,2024-10-01,ach,succeeded,2024-10-01 00:00:00
pay_5609903,sub_691155,cust_229139,79,USD,2024-11-01,credit_card,succeeded,2024-11-01 00:00:00
pay_7743856,sub_691155,cust_229139,79,USD,2024-12-01,ach,succeeded,2024-12-01 00:00:00
pay_8275243,sub_108281,cust_730193,199,USD,2024-09-06,ach,succeeded,2024-09-06 00:00:00
pay_5332113,sub_108281,cust_730193,199,USD,2024-10-01,ach,succeeded,2024-10-01 00:00:00
pay_2786634,sub_108281,cust_730193,199,USD,2024-11-01,ach,failed,2024-11-01 00:00:00
pay_1373276,sub_108281,cust_730193,199,USD,2024-12-01,ach,succeeded,2024-12-01 00:00:00
pay_2426122,sub_421153,cust_297810,79,USD,2024-02-06,credit_card,succeeded,2024-02-06 00:00:00
pay_2376326,sub_421153,cust_297810,79,USD,2024-03-01,credit_card,succeeded,2024-03-01 00:00:00
pay_4605302,sub_421153,cust_297810,79,USD,2024-04-01,wire,failed,2024-04-01 00:00:00
pay_8516710,sub_421153,cust_297810,79,USD,2024-05-01,credit_card,succeeded,2024-05-01 00:00:00
pay_9060352,sub_421153,cust_297810,79,USD,2024-06-01,credit_card,succeeded,2024-06-01 00:00:00
pay_6465889,sub_421153,cust_297810,79,USD,2024-07-01,credit_card,succeeded,2024-07-01 00:00:00
pay_2284691,sub_421153,cust_297810,79,USD,2024-08-01,wire,succeeded,2024-08-01 00:00:00
pay_8086318,sub_421153,cust_297810,79,USD,2024-09-01,credit_card,succeeded,2024-09-01 00:00:00
pay_7448481,sub_421153,cust_297810,79,USD,2024-10-01,ach,succeeded,2024-10-01 00:00:00
pay_5374817,sub_421153,cust_297810,79,USD,2024-11-01,wire,succeeded,2024-11-01 00:00:00
pay_4031676,sub_421153,cust_297810,79,USD,2024-12-01,credit_card,succeeded,2024-12-01 00:00:00
pay_4481057,sub_858510,cust_722780,199,USD,2023-03-14,credit_card,succeeded,2023-03-14 00:00:00
pay_8297037,sub_858510,cust_722780,199,USD,2023-04-01,wire,succeeded,2023-04-01 00:00:00
pay_1312837,sub_858510,cust_722780,199,USD,2023-05-01,credit_card,succeeded,2023-05-01 00:00:00
pay_1279153,sub_858510,cust_722780,199,USD,2023-06-01,credit_card,succeeded,2023-06-01 00:00:00
pay_7853970,sub_858510,cust_722780,199,USD,2023-07-01,wire,succeeded,2023-07-01 00:00:00
pay_4847454,sub_858510,cust_722780,199,USD,2023-08-01,ach,succeeded,2023-08-01 00:00:00
pay_1764389,sub_858510,cust_722780,79,USD,2023-09-01,credit_card,succeeded,2023-09-01 00:00:00
pay_5434109,sub_858510,cust_722780,79,USD,2023-10-01,credit_card,succeeded,2023-10-01 00:00:00
pay_8291940,sub_858510,cust_722780,79,USD,2023-11-01,credit_card,succeeded,2023-11-01 00:00:00
pay_3815529,sub_858510,cust_722780,199,USD,2023-12-01,credit_card,succeeded,2023-12-01 00:00:00
pay_3086609,sub_858510,cust_722780,199,USD,2024-01-01,credit_card,succeeded,2024-01-01 00:00:00
pay_3181928,sub_858510,cust_722780,199,USD,2024-02-01,credit_card,succeeded,2024-02-01 00:00:00
pay_5038568,sub_858510,cust_722780,199,USD,2024-03-01,wire,succeeded,2024-03-01 00:00:00
pay_9229263,sub_858510,cust_722780,199,USD,2024-04-01,ach,succeeded,2024-04-01 00:00:00
pay_7314811,sub_858510,cust_722780,199,USD,2024-05-01,credit_card,succeeded,2024-05-01 00:00:00
pay_2196967,sub_858510,cust_722780,199,USD,2024-06-01,ach,succeeded,2024-06-01 00:00:00
pay_5183703,sub_858510,cust_722780,199,USD,2024-07-01,wire,succeeded,2024-07-01 00:00:00
pay_5101925,sub_858510,cust_722780,199,USD,2024-08-01,ach,succeeded,2024-08-01 00:00:00
pay_1868567,sub_858510,cust_722780,199,USD,2024-09-01,ach,succeeded,2024-09-01 00:00:00
pay_9592433,sub_858510,cust_722780,199,USD,2024-10-01,credit_card,succeeded,2024-10-01 00:00:00
pay_2419019,sub_858510,cust_722780,79,USD,2024-11-01,credit_card,succeeded,2024-11-01 00:00:00
pay_3370656,sub_858510,cust_722780,79,USD,2024-12-01,ach,succeeded,2024-12-01 00:00:00
pay_7331260,sub_931377,cust_483162,290,USD,2024-07-13,wire,succeeded,2024-07-13 00:00:00
pay_4496308,sub_931377,cust_483162,29,USD,2024-08-01,credit_card,succeeded,2024-08-01 00:00:00
pay_9450936,sub_931377,cust_483162,29,USD,2024-09-01,credit_card,succeeded,2024-09-01 00:00:00
pay_9216231,sub_931377,cust_483162,29,USD,2024-10-01,ach,succeeded,2024-10-01 00:00:00
pay_7309035,sub_931377,cust_483162,29,USD,2024-11-01,ach,succeeded,2024-11-01 00:00:00
pay_4627819,sub_931377,cust_483162,29,USD,2024-12-01,ach,succeeded,2024-12-01 00:00:00
pay_3460898,sub_280426,cust_163406,79,USD,2024-02-12,credit_card,succeeded,2024-02-12 00:00:00
pay_8087736,sub_280426,cust_163406,79,USD,2024-03-01,credit_card,succeeded,2024-03-01 00:00:00
pay_5718741,sub_280426,cust_163406,79,USD,2024-04-01,credit_card,succeeded,2024-04-01 00:00:00
pay_5331289,sub_280426,cust_163406,79,USD,2024-05-01,ach,succeeded,2024-05-01 00:00:00
pay_7333733,sub_280426,cust_163406,79,USD,2024-06-01,credit_card,succeeded,2024-06-01 00:00:00
pay_2206941,sub_280426,cust_163406,79,USD,2024-07-01,credit_card,succeeded,2024-07-01 00:00:00
pay_7220719,sub_280426,cust_163406,29,USD,2024-08-01,ach,succeeded,2024-08-01 00:00:00
pay_2489435,sub_280426,cust_163406,29,USD,2024-09-01,ach,succeeded,2024-09-01 00:00:00
pay_1802238,sub_280426,cust_163406,29,USD,2024-10-01,ach,succeeded,2024-10-01 00:00:00
pay_3080909,sub_280426,cust_163406,79,USD,2024-11-01,ach,succeeded,2024-11-01 00:00:00
pay_6994969,sub_280426,cust_163406,79,USD,2024-12-01,ach,succeeded,2024-12-01 00:00:00
pay_8180776,sub_181023,cust_900298,199,USD,2024-10-27,credit_card,succeeded,2024-10-27 00:00:00
pay_3280105,sub_181023,cust_900298,199,USD,2024-11-01,ach,succeeded,2024-11-01 00:00:00
pay_7583602,sub_181023,cust_900298,199,USD,2024-12-01,ach,succeeded,2024-12-01 00:00:00
pay_1690217,sub_297101,cust_221620,199,USD,2024-04-09,wire,succeeded,2024-04-09 00:00:00
pay_9193739,sub_297101,cust_221620,199,USD,2024-05-01,ach,succeeded,2024-05-01 00:00:00
pay_9318064,sub_297101,cust_221620,199,USD,2024-06-01,credit_card,succeeded,2024-06-01 00:00:00
pay_5812616,sub_297101,cust_221620,79,USD,2024-07-01,credit_card,succeeded,2024-07-01 00:00:00
pay_9429467,sub_297101,cust_221620,79,USD,2024-08-01,credit_card,succeeded,2024-08-01 00:00:00
pay_6941510,sub_297101,cust_221620,79,USD,2024-09-01,credit_card,succeeded,2024-09-01 00:00:00
pay_8712415,sub_297101,cust_221620,79,USD,2024-10-01,credit_card,succeeded,2024-10-01 00:00:00
pay_1461312,sub_297101,cust_221620,79,USD,2024-11-01,credit_card,succeeded,2024-11-01 00:00:00
pay_8813668,sub_297101,cust_221620,79,USD,2024-12-01,ach,succeeded,2024-12-01 00:00:00
pay_5720983,sub_136518,cust_111901,199,USD,2023-06-17,credit_card,succeeded,2023-06-17 00:00:00
pay_3521576,sub_136518,cust_111901,199,USD,2023-07-01,credit_card,succeeded,2023-07-01 00:00:00
pay_9053373,sub_136518,cust_111901,199,USD,2023-08-01,ach,succeeded,2023-08-01 00:00:00
pay_2350852,sub_136518,cust_111901,199,USD,2023-09-01,credit_card,succeeded,2023-09-01 00:00:00
pay_6884311,sub_136518,cust_111901,199,USD,2023-10-01,credit_card,succeeded,2023-10-01 00:00:00
pay_2275594,sub_136518,cust_111901,199,USD,2023-11-01,credit_card,succeeded,2023-11-01 00:00:00
pay_4484579,sub_136518,cust_111901,199,USD,2023-12-01,credit_card,succeeded,2023-12-01 00:00:00
pay_1976246,sub_136518,cust_111901,199,USD,2024-01-01,credit_card,succeeded,2024-01-01 00:00:00
pay_1780330,sub_136518,cust_111901,199,USD,2024-02-01,wire,succeeded,2024-02-01 00:00:00
pay_1561988,sub_136518,cust_111901,199,USD,2024-03-01,ach,succeeded,2024-03-01 00:00:00
pay_6990612,sub_136518,cust_111901,199,USD,2024-04-01,wire,succeeded,2024-04-01 00:00:00
pay_5873860,sub_136518,cust_111901,199,USD,2024-05-01,credit_card,succeeded,2024-05-01 00:00:00
pay_9813637,sub_136518,cust_111901,199,USD,2024-06-01,credit_card,succeeded,2024-06-01 00:00:00
pay_8091166,sub_136518,cust_111901,199,USD,2024-07-01,credit_card,succeeded,2024-07-01 00:00:00
pay_4024821,sub_136518,cust_111901,199,USD,2024-08-01,credit_card,succeeded,2024-08-01 00:00:00
pay_3183280,sub_136518,cust_111901,199,USD,2024-09-01,ach,succeeded,2024-09-01 00:00:00
pay_1535053,sub_136518,cust_111901,199,USD,2024-10-01,credit_card,succeeded,2024-10-01 00:00:00
pay_1617723,sub_136518,cust_111901,199,USD,2024-11-01,credit_card,succeeded,2024-11-01 00:00:00
pay_2320054,sub_136518,cust_111901,199,USD,2024-12-01,credit_card,succeeded,2024-12-01 00:00:00
pay_5119055,sub_878111,cust_381819,29,USD,2024-01-01,credit_card,succeeded,2024-01-01 00:00:00
pay_7067867,sub_878111,cust_381819,29,USD,2024-02-01,ach,succeeded,2024-02-01 00:00:00
pay_9419884,sub_878111,cust_381819,29,USD,2024-03-01,wire,succeeded,2024-03-01 00:00:00
pay_7695824,sub_878111,cust_381819,29,USD,2024-04-01,credit_card,succeeded,2024-04-01 00:00:00
pay_2455652,sub_878111,cust_381819,29,USD,2024-05-01,wire,succeeded,2024-05-01 00:00:00
pay_6339878,sub_878111,cust_381819,29,USD,2024-06-01,wire,succeeded,2024-06-01 00:00:00
pay_8513206,sub_878111,cust_381819,29,USD,2024-07-01,credit_card,succeeded,2024-07-01 00:00:00
pay_2283470,sub_878111,cust_381819,79,USD,2024-08-01,credit_card,succeeded,2024-08-01 00:00:00
pay_8891731,sub_878111,cust_381819,79,USD,2024-09-01,ach,succeeded,2024-09-01 00:00:00
pay_2560438,sub_878111,cust_381819,29,USD,2024-10-01,wire,succeeded,2024-10-01 00:00:00
pay_7851188,sub_878111,cust_381819,29,USD,2024-11-01,wire,succeeded,2024-11-01 00:00:00
pay_1001005,sub_582607,cust_635593,29,USD,2024-01-04,credit_card,succeeded,2024-01-04 00:00:00
pay_7905648,sub_582607,cust_635593,29,USD,2024-02-01,ach,succeeded,2024-02-01 00:00:00
pay_7432383,sub_582607,cust_635593,29,USD,2024-03-01,wire,succeeded,2024-03-01 00:00:00
pay_1265461,sub_582607,cust_635593,29,USD,2024-04-01,credit_card,succeeded,2024-04-01 00:00:00
pay_7188445,sub_582607,cust_635593,29,USD,2024-05-01,ach,succeeded,2024-05-01 00:00:00
pay_7290235,sub_582607,cust_635593,29,USD,2024-06-01,credit_card,succeeded,2024-06-01 00:00:00
pay_2137485,sub_582607,cust_635593,29,USD,2024-07-01,credit_card,succeeded,2024-07-01 00:00:00
pay_4903562,sub_582607,cust_635593,29,USD,2024-08-01,credit_card,succeeded,2024-08-01 00:00:00
pay_4027962,sub_582607,cust_635593,29,USD,2024-09-01,wire,failed,2024-09-01 00:00:00
pay_9327867,sub_582607,cust_635593,29,USD,2024-10-01,ach,succeeded,2024-10-01 00:00:00
pay_1291069,sub_552041,cust_999138,1990,USD,2023-02-06,credit_card,succeeded,2023-02-06 00:00:00
pay_9072838,sub_552041,cust_999138,199,USD,2023-03-01,credit_card,succeeded,2023-03-01 00:00:00
pay_8085538,sub_552041,cust_999138,199,USD,2023-04-01,credit_card,succeeded,2023-04-01 00:00:00
pay_2125505,sub_552041,cust_999138,199,USD,2023-05-01,credit_card,succeeded,2023-05-01 00:00:00
pay_2127977,sub_552041,cust_999138,199,USD,2023-06-01,credit_card,succeeded,2023-06-01 00:00:00
pay_9924373,sub_552041,cust_999138,199,USD,2023-07-01,ach,succeeded,2023-07-01 00:00:00
pay_6172868,sub_552041,cust_999138,199,USD,2023-08-01,ach,succeeded,2023-08-01 00:00:00
pay_5087533,sub_552041,cust_999138,199,USD,2023-09-01,credit_card,succeeded,2023-09-01 00:00:00
pay_2514792,sub_552041,cust_999138,79,USD,2023-10-01,credit_card,succeeded,2023-10-01 00:00:00
pay_9394357,sub_552041,cust_999138,79,USD,2023-11-01,credit_card,succeeded,2023-11-01 00:00:00
pay_8637109,sub_552041,cust_999138,199,USD,2023-12-01,credit_card,succeeded,2023-12-01 00:00:00
pay_3150877,sub_552041,cust_999138,199,USD,2024-01-01,credit_card,succeeded,2024-01-01 00:00:00
pay_5403274,sub_552041,cust_999138,1990,USD,2024-02-01,credit_card,succeeded,2024-02-01 00:00:00
pay_3793128,sub_552041,cust_999138,199,USD,2024-03-01,credit_card,succeeded,2024-03-01 00:00:00
pay_9067338,sub_552041,cust_999138,199,USD,2024-04-01,credit_card,succeeded,2024-04-01 00:00:00
pay_2377186,sub_552041,cust_999138,199,USD,2024-05-01,wire,succeeded,2024-05-01 00:00:00
pay_7816369,sub_552041,cust_999138,199,USD,2024-06-01,ach,succeeded,2024-06-01 00:00:00
pay_9336608,sub_552041,cust_999138,199,USD,2024-07-01,ach,succeeded,2024-07-01 00:00:00
pay_4418978,sub_552041,cust_999138,199,USD,2024-08-01,credit_card,succeeded,2024-08-01 00:00:00
pay_7148327,sub_552041,cust_999138,199,USD,2024-09-01,credit_card,succeeded,2024-09-01 00:00:00
pay_4152413,sub_552041,cust_999138,199,USD,2024-10-01,credit_card,succeeded,2024-10-01 00:00:00
pay_9625447,sub_552041,cust_999138,199,USD,2024-11-01,credit_card,succeeded,2024-11-01 00:00:00
pay_8019723,sub_552041,cust_999138,199,USD,2024-12-01,credit_card,succeeded,2024-12-01 00:00:00
pay_2317595,sub_698626,cust_384434,79,USD,2023-03-21,credit_card,succeeded,2023-03-21 00:00:00
pay_9845421,sub_698626,cust_384434,79,USD,2023-04-01,wire,succeeded,2023-04-01 00:00:00
pay_3815007,sub_698626,cust_384434,79,USD,2023-05-01,credit_card,succeeded,2023-05-01 00:00:00
pay_6500718,sub_698626,cust_384434,79,USD,2023-06-01,credit_card,succeeded,2023-06-01 00:00:00
pay_1971163,sub_698626,cust_384434,79,USD,2023-07-01,wire,succeeded,2023-07-01 00:00:00
pay_2274669,sub_698626,cust_384434,79,USD,2023-08-01,credit_card,succeeded,2023-08-01 00:00:00
pay_7293269,sub_698626,cust_384434,79,USD,2023-09-01,credit_card,succeeded,2023-09-01 00:00:00
pay_9704510,sub_698626,cust_384434,79,USD,2023-10-01,credit_card,succeeded,2023-10-01 00:00:00
pay_6790854,sub_698626,cust_384434,79,USD,2023-11-01,wire,succeeded,2023-11-01 00:00:00
pay_4448288,sub_698626,cust_384434,79,USD,2023-12-01,credit_card,succeeded,2023-12-01 00:00:00
pay_6218535,sub_698626,cust_384434,79,USD,2024-01-01,wire,succeeded,2024-01-01 00:00:00
pay_2538468,sub_698626,cust_384434,79,USD,2024-02-01,wire,succeeded,2024-02-01 00:00:00
pay_1688743,sub_698626,cust_384434,79,USD,2024-03-01,credit_card,succeeded,2024-03-01 00:00:00
pay_9940066,sub_698626,cust_384434,79,USD,2024-04-01,credit_card,succeeded,2024-04-01 00:00:00
pay_7462239,sub_698626,cust_384434,79,USD,2024-05-01,credit_card,succeeded,2024-05-01 00:00:00
pay_3903287,sub_698626,cust_384434,79,USD,2024-06-01,credit_card,succeeded,2024-06-01 00:00:00
pay_2724636,sub_698626,cust_384434,79,USD,2024-07-01,wire,succeeded,2024-07-01 00:00:00
pay_8773056,sub_698626,cust_384434,79,USD,2024-08-01,credit_card,succeeded,2024-08-01 00:00:00
pay_1872786,sub_789137,cust_172274,79,USD,2024-04-21,wire,succeeded,2024-04-21 00:00:00
pay_2704646,sub_789137,cust_172274,79,USD,2024-05-01,credit_card,succeeded,2024-05-01 00:00:00
pay_6274669,sub_789137,cust_172274,79,USD,2024-06-01,credit_card,succeeded,2024-06-01 00:00:00
pay_4241223,sub_789137,cust_172274,79,USD,2024-07-01,credit_card,succeeded,2024-07-01 00:00:00
pay_2462235,sub_789137,cust_172274,79,USD,2024-08-01,credit_card,succeeded,2024-08-01 00:00:00
pay_2478426,sub_789137,cust_172274,79,USD,2024-09-01,credit_card,succeeded,2024-09-01 00:00:00
pay_6575742,sub_789137,cust_172274,199,USD,2024-10-01,credit_card,succeeded,2024-10-01 00:00:00
pay_1905530,sub_789137,cust_172274,199,USD,2024-11-01,credit_card,succeeded,2024-11-01 00:00:00
pay_1654167,sub_789137,cust_172274,199,USD,2024-12-01,credit_card,succeeded,2024-12-01 00:00:00
pay_6155837,sub_738914,cust_418672,290,USD,2024-09-29,credit_card,succeeded,2024-09-29 00:00:00
pay_8397931,sub_738914,cust_418672,29,USD,2024-10-01,wire,failed,2024-10-01 00:00:00
pay_2674504,sub_738914,cust_418672,29,USD,2024-11-01,credit_card,succeeded,2024-11-01 00:00:00
pay_7832808,sub_738914,cust_418672,29,USD,2024-12-01,credit_card,succeeded,2024-12-01 00:00:00
pay_6084824,sub_684745,cust_357034,79,USD,2023-06-04,credit_card,succeeded,2023-06-04 00:00:00
pay_7824589,sub_684745,cust_357034,79,USD,2023-07-01,ach,succeeded,2023-07-01 00:00:00
pay_6124211,sub_684745,cust_357034,79,USD,2023-08-01,credit_card,succeeded,2023-08-01 00:00:00
pay_6093157,sub_684745,cust_357034,79,USD,2023-09-01,credit_card,succeeded,2023-09-01 00:00:00
pay_4083015,sub_684745,cust_357034,79,USD,2023-10-01,wire,succeeded,2023-10-01 00:00:00
pay_3371611,sub_684745,cust_357034,29,USD,2023-11-01,ach,succeeded,2023-11-01 00:00:00
pay_5477850,sub_684745,cust_357034,29,USD,2023-12-01,credit_card,succeeded,2023-12-01 00:00:00
pay_7995697,sub_684745,cust_357034,29,USD,2024-01-01,credit_card,succeeded,2024-01-01 00:00:00
pay_2727697,sub_684745,cust_357034,29,USD,2024-02-01,credit_card,succeeded,2024-02-01 00:00:00
pay_2755593,sub_684745,cust_357034,29,USD,2024-03-01,ach,succeeded,2024-03-01 00:00:00
pay_7384324,sub_684745,cust_357034,29,USD,2024-04-01,wire,succeeded,2024-04-01 00:00:00
pay_1987732,sub_684745,cust_357034,29,USD,2024-05-01,wire,succeeded,2024-05-01 00:00:00
pay_3684980,sub_684745,cust_357034,29,USD,2024-06-01,credit_card,succeeded,2024-06-01 00:00:00
pay_3071950,sub_684745,cust_357034,29,USD,2024-07-01,ach,succeeded,2024-07-01 00:00:00
pay_8002864,sub_684745,cust_357034,79,USD,2024-08-01,wire,succeeded,2024-08-01 00:00:00
pay_3549213,sub_684745,cust_357034,79,USD,2024-09-01,credit_card,succeeded,2024-09-01 00:00:00
pay_9375544,sub_684745,cust_357034,79,USD,2024-10-01,credit_card,succeeded,2024-10-01 00:00:00
pay_7746260,sub_684745,cust_357034,79,USD,2024-11-01,credit_card,succeeded,2024-11-01 00:00:00
pay_7392603,sub_684745,cust_357034,79,USD,2024-12-01,wire,succeeded,2024-12-01 00:00:00
pay_7399812,sub_131000,cust_789233,199,USD,2024-01-21,credit_card,succeeded,2024-01-21 00:00:00
pay_4247276,sub_131000,cust_789233,199,USD,2024-02-01,credit_card,succeeded,2024-02-01 00:00:00
pay_2448717,sub_131000,cust_789233,199,USD,2024-03-01,credit_card,succeeded,2024-03-01 00:00:00
pay_4865379,sub_131000,cust_789233,199,USD,2024-04-01,credit_card,failed,2024-04-01 00:00:00
pay_6900463,sub_131000,cust_789233,199,USD,2024-05-01,ach,succeeded,2024-05-01 00:00:00
pay_3225820,sub_131000,cust_789233,199,USD,2024-06-01,wire,succeeded,2024-06-01 00:00:00
pay_1824706,sub_131000,cust_789233,199,USD,2024-07-01,credit_card,succeeded,2024-07-01 00:00:00
pay_1511798,sub_131000,cust_789233,199,USD,2024-08-01,credit_card,succeeded,2024-08-01 00:00:00
pay_8772927,sub_131000,cust_789233,199,USD,2024-09-01,credit_card,succeeded,2024-09-01 00:00:00
pay_9276968,sub_131000,cust_789233,199,USD,2024-10-01,credit_card,succeeded,2024-10-01 00:00:00
pay_4210732,sub_131000,cust_789233,199,USD,2024-11-01,wire,succeeded,2024-11-01 00:00:00
pay_3048441,sub_131000,cust_789233,199,USD,2024-12-01,credit_card,succeeded,2024-12-01 00:00:00
pay_2482641,sub_663706,cust_249289,29,USD,2024-04-01,credit_card,succeeded,2024-04-01 00:00:00
pay_1749872,sub_663706,cust_249289,29,USD,2024-05-01,credit_card,succeeded,2024-05-01 00:00:00
pay_9585231,sub_663706,cust_249289,29,USD,2024-06-01,credit_card,succeeded,2024-06-01 00:00:00
pay_3473294,sub_663706,cust_249289,29,USD,2024-07-01,wire,succeeded,2024-07-01 00:00:00
pay_7377075,sub_663706,cust_249289,29,USD,2024-08-01,credit_card,succeeded,2024-08-01 00:00:00
pay_1481169,sub_663706,cust_249289,29,USD,2024-09-01,credit_card,succeeded,2024-09-01 00:00:00
pay_4052259,sub_663706,cust_249289,29,USD,2024-10-01,credit_card,succeeded,2024-10-01 00:00:00
pay_7016513,sub_663706,cust_249289,29,USD,2024-11-01,credit_card,failed,2024-11-01 00:00:00
pay_5420628,sub_663706,cust_249289,29,USD,2024-12-01,ach,succeeded,2024-12-01 00:00:00
pay_7696447,sub_760891,cust_708982,29,USD,2023-04-08,wire,succeeded,2023-04-08 00:00:00
pay_1698906,sub_760891,cust_708982,29,USD,2023-05-01,wire,succeeded,2023-05-01 00:00:00
pay_2399749,sub_760891,cust_708982,29,USD,2023-06-01,wire,failed,2023-06-01 00:00:00
pay_9473491,sub_760891,cust_708982,29,USD,2023-07-01,credit_card,succeeded,2023-07-01 00:00:00
pay_5355118,sub_760891,cust_708982,29,USD,2023-08-01,credit_card,succeeded,2023-08-01 00:00:00
pay_7525141,sub_760891,cust_708982,29,USD,2023-09-01,credit_card,succeeded,2023-09-01 00:00:00
pay_6946166,sub_760891,cust_708982,29,USD,2023-10-01,ach,succeeded,2023-10-01 00:00:00
pay_4700342,sub_760891,cust_708982,29,USD,2023-11-01,wire,succeeded,2023-11-01 00:00:00
pay_9906069,sub_760891,cust_708982,29,USD,2023-12-01,wire,succeeded,2023-12-01 00:00:00
pay_8428909,sub_760891,cust_708982,29,USD,2024-01-01,ach,succeeded,2024-01-01 00:00:00
pay_4987189,sub_760891,cust_708982,29,USD,2024-02-01,credit_card,succeeded,2024-02-01 00:00:00
pay_1880247,sub_760891,cust_708982,29,USD,2024-03-01,ach,succeeded,2024-03-01 00:00:00
pay_3316129,sub_760891,cust_708982,29,USD,2024-04-01,wire,succeeded,2024-04-01 00:00:00
pay_2479485,sub_760891,cust_708982,29,USD,2024-05-01,credit_card,failed,2024-05-01 00:00:00
pay_4246889,sub_501975,cust_405844,199,USD,2023-09-25,wire,succeeded,2023-09-25 00:00:00
pay_5688262,sub_501975,cust_405844,199,USD,2023-10-01,ach,succeeded,2023-10-01 00:00:00
pay_5648869,sub_501975,cust_405844,199,USD,2023-11-01,ach,succeeded,2023-11-01 00:00:00
pay_2336162,sub_501975,cust_405844,199,USD,2023-12-01,wire,succeeded,2023-12-01 00:00:00
pay_4595677,sub_501975,cust_405844,199,USD,2024-01-01,wire,succeeded,2024-01-01 00:00:00
pay_6524250,sub_501975,cust_405844,199,USD,2024-02-01,credit_card,failed,2024-02-01 00:00:00
pay_5300855,sub_501975,cust_405844,199,USD,2024-03-01,wire,succeeded,2024-03-01 00:00:00
pay_6413204,sub_501975,cust_405844,199,USD,2024-04-01,credit_card,succeeded,2024-04-01 00:00:00
pay_5862847,sub_501975,cust_405844,199,USD,2024-05-01,credit_card,succeeded,2024-05-01 00:00:00
pay_3047411,sub_501975,cust_405844,199,USD,2024-06-01,credit_card,succeeded,2024-06-01 00:00:00
pay_1801609,sub_501975,cust_405844,199,USD,2024-07-01,credit_card,succeeded,2024-07-01 00:00:00
pay_8390359,sub_501975,cust_405844,199,USD,2024-08-01,credit_card,succeeded,2024-08-01 00:00:00
pay_7013072,sub_501975,cust_405844,199,USD,2024-09-01,credit_card,succeeded,2024-09-01 00:00:00
pay_7859186,sub_501975,cust_405844,199,USD,2024-10-01,ach,succeeded,2024-10-01 00:00:00
pay_1944480,sub_501975,cust_405844,199,USD,2024-11-01,wire,succeeded,2024-11-01 00:00:00
pay_4708816,sub_501975,cust_405844,199,USD,2024-12-01,credit_card,succeeded,2024-12-01 00:00:00
pay_7607592,sub_817606,cust_312559,29,USD,2023-05-20,ach,succeeded,2023-05-20 00:00:00
pay_5292408,sub_817606,cust_312559,29,USD,2023-06-01,wire,failed,2023-06-01 00:00:00
pay_7778198,sub_817606,cust_312559,29,USD,2023-07-01,wire,succeeded,2023-07-01 00:00:00
pay_7943611,sub_817606,cust_312559,29,USD,2023-08-01,credit_card,succeeded,2023-08-01 00:00:00
pay_3503994,sub_817606,cust_312559,29,USD,2023-09-01,wire,succeeded,2023-09-01 00:00:00
pay_7166632,sub_817606,cust_312559,29,USD,2023-10-01,wire,succeeded,2023-10-01 00:00:00
pay_3665065,sub_817606,cust_312559,29,USD,2023-11-01,wire,succeeded,2023-11-01 00:00:00
pay_1027018,sub_817606,cust_312559,29,USD,2023-12-01,credit_card,succeeded,2023-12-01 00:00:00
pay_3588093,sub_817606,cust_312559,29,USD,2024-01-01,credit_card,succeeded,2024-01-01 00:00:00
pay_1700187,sub_817606,cust_312559,29,USD,2024-04-01,ach,succeeded,2024-04-01 00:00:00
pay_9627502,sub_817606,cust_312559,29,USD,2024-05-01,credit_card,succeeded,2024-05-01 00:00:00
pay_6000047,sub_817606,cust_312559,29,USD,2024-06-01,ach,succeeded,2024-06-01 00:00:00
pay_7870340,sub_817606,cust_312559,29,USD,2024-07-01,ach,succeeded,2024-07-01 00:00:00
pay_7697861,sub_817606,cust_312559,29,USD,2024-08-01,credit_card,succeeded,2024-08-01 00:00:00
pay_4671037,sub_817606,cust_312559,29,USD,2024-09-01,ach,succeeded,2024-09-01 00:00:00
pay_5709807,sub_817606,cust_312559,29,USD,2024-10-01,wire,succeeded,2024-10-01 00:00:00
pay_8968236,sub_817606,cust_312559,29,USD,2024-11-01,credit_card,succeeded,2024-11-01 00:00:00
pay_4876392,sub_817606,cust_312559,29,USD,2024-12-01,credit_card,succeeded,2024-12-01 00:00:00
pay_2361654,sub_772534,cust_317722,79,USD,2024-04-07,ach,succeeded,2024-04-07 00:00:00
pay_6781645,sub_772534,cust_317722,79,USD,2024-05-01,credit_card,succeeded,2024-05-01 00:00:00
pay_3661549,sub_772534,cust_317722,79,USD,2024-06-01,wire,succeeded,2024-06-01 00:00:00
pay_9196420,sub_526085,cust_142288,290,USD,2023-08-09,credit_card,succeeded,2023-08-09 00:00:00
pay_8673126,sub_526085,cust_142288,29,USD,2023-09-01,credit_card,succeeded,2023-09-01 00:00:00
pay_2079949,sub_526085,cust_142288,29,USD,2023-10-01,credit_card,succeeded,2023-10-01 00:00:00
pay_7472175,sub_850755,cust_282313,199,USD,2023-02-01,credit_card,succeeded,2023-02-01 00:00:00
pay_6422908,sub_850755,cust_282313,199,USD,2023-03-01,credit_card,succeeded,2023-03-01 00:00:00
pay_2976629,sub_850755,cust_282313,199,USD,2023-04-01,wire,succeeded,2023-04-01 00:00:00
pay_8120263,sub_850755,cust_282313,199,USD,2023-05-01,credit_card,succeeded,2023-05-01 00:00:00
pay_5499998,sub_850755,cust_282313,199,USD,2023-06-01,wire,succeeded,2023-06-01 00:00:00
pay_6340079,sub_850755,cust_282313,199,USD,2023-07-01,credit_card,succeeded,2023-07-01 00:00:00
pay_8312018,sub_850755,cust_282313,199,USD,2023-08-01,credit_card,succeeded,2023-08-01 00:00:00
pay_7766294,sub_850755,cust_282313,199,USD,2023-09-01,ach,succeeded,2023-09-01 00:00:00
pay_8159977,sub_850755,cust_282313,199,USD,2023-10-01,credit_card,succeeded,2023-10-01 00:00:00
pay_1133148,sub_850755,cust_282313,199,USD,2023-11-01,credit_card,succeeded,2023-11-01 00:00:00
pay_4465248,sub_850755,cust_282313,199,USD,2023-12-01,credit_card,succeeded,2023-12-01 00:00:00
pay_4081730,sub_850755,cust_282313,199,USD,2024-01-01,credit_card,succeeded,2024-01-01 00:00:00
pay_7643820,sub_850755,cust_282313,199,USD,2024-02-01,credit_card,succeeded,2024-02-01 00:00:00
pay_2440516,sub_850755,cust_282313,79,USD,2024-03-01,credit_card,succeeded,2024-03-01 00:00:00
pay_3604390,sub_850755,cust_282313,79,USD,2024-04-01,credit_card,succeeded,2024-04-01 00:00:00
pay_3425708,sub_850755,cust_282313,79,USD,2024-05-01,credit_card,succeeded,2024-05-01 00:00:00
pay_4606539,sub_850755,cust_282313,79,USD,2024-06-01,credit_card,succeeded,2024-06-01 00:00:00
pay_3808388,sub_850755,cust_282313,79,USD,2024-07-01,ach,succeeded,2024-07-01 00:00:00
pay_1819061,sub_850755,cust_282313,79,USD,2024-08-01,wire,succeeded,2024-08-01 00:00:00
pay_5262080,sub_850755,cust_282313,29,USD,2024-09-01,ach,succeeded,2024-09-01 00:00:00
pay_1827363,sub_850755,cust_282313,29,USD,2024-10-01,credit_card,succeeded,2024-10-01 00:00:00
pay_9491800,sub_850755,cust_282313,29,USD,2024-11-01,credit_card,succeeded,2024-11-01 00:00:00
pay_4422237,sub_850755,cust_282313,29,USD,2024-12-01,credit_card,succeeded,2024-12-01 00:00:00
pay_1084021,sub_580501,cust_112537,29,USD,2024-04-01,credit_card,succeeded,2024-04-01 00:00:00
pay_6597615,sub_580501,cust_112537,29,USD,2024-05-01,credit_card,succeeded,2024-05-01 00:00:00
pay_5060267,sub_580501,cust_112537,29,USD,2024-06-01,credit_card,succeeded,2024-06-01 00:00:00
pay_9841317,sub_580501,cust_112537,29,USD,2024-07-01,ach,succeeded,2024-07-01 00:00:00
pay_9153230,sub_580501,cust_112537,29,USD,2024-08-01,credit_card,succeeded,2024-08-01 00:00:00
pay_6474338,sub_580501,cust_112537,29,USD,2024-09-01,credit_card,succeeded,2024-09-01 00:00:00
pay_1264618,sub_580501,cust_112537,29,USD,2024-10-01,credit_card,succeeded,2024-10-01 00:00:00
pay_3587735,sub_580501,cust_112537,29,USD,2024-11-01,ach,succeeded,2024-11-01 00:00:00
pay_8338663,sub_580501,cust_112537,29,USD,2024-12-01,ach,succeeded,2024-12-01 00:00:00
pay_7759550,sub_805983,cust_952227,199,USD,2023-03-18,credit_card,succeeded,2023-03-18 00:00:00
pay_1806611,sub_805983,cust_952227,199,USD,2023-04-01,credit_card,succeeded,2023-04-01 00:00:00
pay_7628472,sub_805983,cust_952227,199,USD,2023-05-01,credit_card,succeeded,2023-05-01 00:00:00
pay_2056402,sub_805983,cust_952227,199,USD,2023-06-01,credit_card,succeeded,2023-06-01 00:00:00
pay_3569548,sub_805983,cust_952227,199,USD,2023-07-01,wire,succeeded,2023-07-01 00:00:00
pay_6855653,sub_805983,cust_952227,199,USD,2023-08-01,ach,succeeded,2023-08-01 00:00:00
pay_3576374,sub_805983,cust_952227,199,USD,2023-09-01,wire,succeeded,2023-09-01 00:00:00
pay_1714268,sub_255570,cust_447655,79,USD,2023-05-06,credit_card,succeeded,2023-05-06 00:00:00
pay_6996458,sub_255570,cust_447655,79,USD,2023-06-01,credit_card,succeeded,2023-06-01 00:00:00
pay_4649178,sub_255570,cust_447655,79,USD,2023-07-01,wire,succeeded,2023-07-01 00:00:00
pay_1329004,sub_255570,cust_447655,79,USD,2023-08-01,ach,succeeded,2023-08-01 00:00:00
pay_6369138,sub_255570,cust_447655,79,USD,2023-09-01,wire,succeeded,2023-09-01 00:00:00
pay_3662793,sub_255570,cust_447655,79,USD,2023-10-01,ach,succeeded,2023-10-01 00:00:00
pay_5359083,sub_255570,cust_447655,79,USD,2023-11-01,credit_card,succeeded,2023-11-01 00:00:00
pay_7220664,sub_255570,cust_447655,79,USD,2023-12-01,ach,succeeded,2023-12-01 00:00:00
pay_9589909,sub_255570,cust_447655,79,USD,2024-01-01,credit_card,succeeded,2024-01-01 00:00:00
pay_7634113,sub_255570,cust_447655,79,USD,2024-02-01,credit_card,succeeded,2024-02-01 00:00:00
pay_1375404,sub_255570,cust_447655,79,USD,2024-03-01,ach,succeeded,2024-03-01 00:00:00
pay_2378853,sub_255570,cust_447655,79,USD,2024-04-01,wire,succeeded,2024-04-01 00:00:00
pay_2678642,sub_255570,cust_447655,79,USD,2024-05-01,wire,succeeded,2024-05-01 00:00:00
pay_8651833,sub_255570,cust_447655,79,USD,2024-06-01,ach,succeeded,2024-06-01 00:00:00
pay_2149603,sub_255570,cust_447655,79,USD,2024-07-01,credit_card,succeeded,2024-07-01 00:00:00
pay_5652939,sub_255570,cust_447655,79,USD,2024-08-01,credit_card,succeeded,2024-08-01 00:00:00
pay_6147567,sub_255570,cust_447655,79,USD,2024-09-01,wire,succeeded,2024-09-01 00:00:00
pay_6688369,sub_255570,cust_447655,79,USD,2024-10-01,credit_card,succeeded,2024-10-01 00:00:00
pay_8204875,sub_255570,cust_447655,79,USD,2024-11-01,credit_card,succeeded,2024-11-01 00:00:00
pay_3983710,sub_255570,cust_447655,79,USD,2024-12-01,wire,succeeded,2024-12-01 00:00:00
pay_5102653,sub_114923,cust_547389,29,USD,2023-06-26,wire,succeeded,2023-06-26 00:00:00
pay_6642917,sub_114923,cust_547389,29,USD,2023-07-01,wire,succeeded,2023-07-01 00:00:00
pay_8381552,sub_114923,cust_547389,29,USD,2023-08-01,ach,succeeded,2023-08-01 00:00:00
pay_7362513,sub_114923,cust_547389,29,USD,2023-09-01,credit_card,succeeded,2023-09-01 00:00:00
pay_1615730,sub_114923,cust_547389,29,USD,2023-10-01,ach,succeeded,2023-10-01 00:00:00
pay_6471782,sub_114923,cust_547389,29,USD,2023-11-01,credit_card,failed,2023-11-01 00:00:00
pay_5417843,sub_114923,cust_547389,29,USD,2023-12-01,credit_card,succeeded,2023-12-01 00:00:00
pay_6132445,sub_114923,cust_547389,29,USD,2024-01-01,credit_card,succeeded,2024-01-01 00:00:00
pay_8246236,sub_114923,cust_547389,29,USD,2024-02-01,wire,succeeded,2024-02-01 00:00:00
pay_9264946,sub_114923,cust_547389,29,USD,2024-03-01,credit_card,succeeded,2024-03-01 00:00:00
pay_7887503,sub_114923,cust_547389,29,USD,2024-04-01,wire,succeeded,2024-04-01 00:00:00
pay_3363306,sub_114923,cust_547389,29,USD,2024-05-01,credit_card,succeeded,2024-05-01 00:00:00
pay_5456556,sub_114923,cust_547389,29,USD,2024-06-01,wire,succeeded,2024-06-01 00:00:00
pay_1902080,sub_114923,cust_547389,29,USD,2024-07-01,ach,succeeded,2024-07-01 00:00:00
pay_5043157,sub_114923,cust_547389,29,USD,2024-08-01,credit_card,succeeded,2024-08-01 00:00:00
pay_6801128,sub_114923,cust_547389,29,USD,2024-09-01,credit_card,succeeded,2024-09-01 00:00:00
pay_8781488,sub_114923,cust_547389,29,USD,2024-10-01,ach,succeeded,2024-10-01 00:00:00
pay_1854852,sub_114923,cust_547389,29,USD,2024-11-01,credit_card,succeeded,2024-11-01 00:00:00
pay_6587247,sub_114923,cust_547389,29,USD,2024-12-01,credit_card,succeeded,2024-12-01 00:00:00
pay_4837220,sub_632064,cust_778720,29,USD,2023-10-30,credit_card,succeeded,2023-10-30 00:00:00
pay_5409566,sub_632064,cust_778720,29,USD,2023-11-01,credit_card,succeeded,2023-11-01 00:00:00
pay_5402592,sub_632064,cust_778720,29,USD,2023-12-01,wire,succeeded,2023-12-01 00:00:00
pay_3901599,sub_632064,cust_778720,29,USD,2024-01-01,credit_card,succeeded,2024-01-01 00:00:00
pay_8856743,sub_632064,cust_778720,29,USD,2024-02-01,wire,succeeded,2024-02-01 00:00:00
pay_5270847,sub_632064,cust_778720,29,USD,2024-03-01,credit_card,succeeded,2024-03-01 00:00:00
pay_5535946,sub_632064,cust_778720,29,USD,2024-04-01,ach,succeeded,2024-04-01 00:00:00
pay_7601967,sub_632064,cust_778720,29,USD,2024-05-01,wire,succeeded,2024-05-01 00:00:00
pay_7276231,sub_632064,cust_778720,29,USD,2024-06-01,ach,succeeded,2024-06-01 00:00:00
pay_6269284,sub_632064,cust_778720,29,USD,2024-07-01,credit_card,succeeded,2024-07-01 00:00:00
pay_3425437,sub_632064,cust_778720,29,USD,2024-08-01,wire,succeeded,2024-08-01 00:00:00
pay_7255876,sub_632064,cust_778720,29,USD,2024-09-01,credit_card,succeeded,2024-09-01 00:00:00
pay_6771537,sub_632064,cust_778720,29,USD,2024-12-01,ach,succeeded,2024-12-01 00:00:00
pay_6056852,sub_647941,cust_935922,29,USD,2024-06-22,ach,succeeded,2024-06-22 00:00:00
pay_9415201,sub_647941,cust_935922,29,USD,2024-07-01,credit_card,succeeded,2024-07-01 00:00:00
pay_7752023,sub_647941,cust_935922,29,USD,2024-08-01,credit_card,succeeded,2024-08-01 00:00:00
pay_9907075,sub_647941,cust_935922,29,USD,2024-09-01,credit_card,succeeded,2024-09-01 00:00:00
pay_2972292,sub_647941,cust_935922,29,USD,2024-10-01,credit_card,succeeded,2024-10-01 00:00:00
pay_4998617,sub_647941,cust_935922,29,USD,2024-11-01,credit_card,succeeded,2024-11-01 00:00:00
pay_6065908,sub_647941,cust_935922,29,USD,2024-12-01,ach,succeeded,2024-12-01 00:00:00
pay_1306064,sub_305967,cust_608223,79,USD,2023-12-19,ach,failed,2023-12-19 00:00:00
pay_7718388,sub_305967,cust_608223,79,USD,2024-01-01,wire,succeeded,2024-01-01 00:00:00
pay_8458954,sub_305967,cust_608223,79,USD,2024-02-01,credit_card,succeeded,2024-02-01 00:00:00
pay_9266135,sub_305967,cust_608223,79,USD,2024-03-01,wire,succeeded,2024-03-01 00:00:00
pay_5119761,sub_305967,cust_608223,79,USD,2024-04-01,credit_card,succeeded,2024-04-01 00:00:00
pay_6860272,sub_305967,cust_608223,79,USD,2024-05-01,credit_card,succeeded,2024-05-01 00:00:00
pay_1700282,sub_305967,cust_608223,79,USD,2024-06-01,wire,succeeded,2024-06-01 00:00:00
pay_9377094,sub_305967,cust_608223,79,USD,2024-07-01,credit_card,succeeded,2024-07-01 00:00:00
pay_7751520,sub_305967,cust_608223,79,USD,2024-08-01,credit_card,succeeded,2024-08-01 00:00:00
pay_1426112,sub_305967,cust_608223,79,USD,2024-09-01,credit_card,succeeded,2024-09-01 00:00:00
pay_7514659,sub_305967,cust_608223,79,USD,2024-10-01,credit_card,succeeded,2024-10-01 00:00:00
pay_8719487,sub_305967,cust_608223,79,USD,2024-11-01,credit_card,failed,2024-11-01 00:00:00
pay_1524116,sub_305967,cust_608223,79,USD,2024-12-01,credit_card,succeeded,2024-12-01 00:00:00
pay_8353947,sub_915158,cust_394579,79,USD,2023-03-01,credit_card,succeeded,2023-03-01 00:00:00
pay_8717719,sub_915158,cust_394579,79,USD,2023-04-01,wire,succeeded,2023-04-01 00:00:00
pay_5524988,sub_915158,cust_394579,79,USD,2023-05-01,wire,succeeded,2023-05-01 00:00:00
pay_8255745,sub_915158,cust_394579,79,USD,2023-06-01,wire,succeeded,2023-06-01 00:00:00
pay_9875182,sub_915158,cust_394579,79,USD,2023-07-01,credit_card,succeeded,2023-07-01 00:00:00
pay_2641932,sub_915158,cust_394579,79,USD,2023-08-01,ach,succeeded,2023-08-01 00:00:00
pay_3618852,sub_915158,cust_394579,79,USD,2023-09-01,credit_card,succeeded,2023-09-01 00:00:00
pay_7126456,sub_915158,cust_394579,79,USD,2023-10-01,wire,succeeded,2023-10-01 00:00:00
pay_4965307,sub_915158,cust_394579,79,USD,2023-11-01,wire,succeeded,2023-11-01 00:00:00
pay_8117239,sub_915158,cust_394579,79,USD,2023-12-01,ach,succeeded,2023-12-01 00:00:00
pay_5194080,sub_915158,cust_394579,79,USD,2024-01-01,credit_card,succeeded,2024-01-01 00:00:00
pay_8187968,sub_915158,cust_394579,79,USD,2024-02-01,ach,succeeded,2024-02-01 00:00:00
pay_7174257,sub_915158,cust_394579,79,USD,2024-03-01,credit_card,succeeded,2024-03-01 00:00:00
pay_7837038,sub_915158,cust_394579,79,USD,2024-04-01,credit_card,succeeded,2024-04-01 00:00:00
pay_8624482,sub_915158,cust_394579,79,USD,2024-05-01,credit_card,succeeded,2024-05-01 00:00:00
pay_4597014,sub_915158,cust_394579,79,USD,2024-06-01,credit_card,succeeded,2024-06-01 00:00:00
pay_4584136,sub_915158,cust_394579,79,USD,2024-07-01,credit_card,succeeded,2024-07-01 00:00:00
pay_2786278,sub_915158,cust_394579,79,USD,2024-08-01,credit_card,succeeded,2024-08-01 00:00:00
pay_2248403,sub_915158,cust_394579,79,USD,2024-09-01,credit_card,succeeded,2024-09-01 00:00:00
pay_8853339,sub_915158,cust_394579,79,USD,2024-10-01,credit_card,succeeded,2024-10-01 00:00:00
pay_6196843,sub_915158,cust_394579,79,USD,2024-11-01,wire,succeeded,2024-11-01 00:00:00
pay_7797936,sub_915158,cust_394579,199,USD,2024-12-01,credit_card,succeeded,2024-12-01 00:00:00
pay_7946545,sub_106833,cust_955937,29,USD,2023-02-27,ach,succeeded,2023-02-27 00:00:00
pay_2049508,sub_106833,cust_955937,29,USD,2023-03-01,credit_card,succeeded,2023-03-01 00:00:00
pay_1374915,sub_106833,cust_955937,29,USD,2023-04-01,credit_card,succeeded,2023-04-01 00:00:00
pay_1184614,sub_106833,cust_955937,29,USD,2023-05-01,credit_card,succeeded,2023-05-01 00:00:00
pay_4830696,sub_106833,cust_955937,29,USD,2023-06-01,credit_card,succeeded,2023-06-01 00:00:00
pay_8330853,sub_106833,cust_955937,29,USD,2023-07-01,credit_card,succeeded,2023-07-01 00:00:00
pay_3573082,sub_698745,cust_616137,29,USD,2024-07-09,ach,succeeded,2024-07-09 00:00:00
pay_9617888,sub_698745,cust_616137,29,USD,2024-08-01,credit_card,succeeded,2024-08-01 00:00:00
pay_6749638,sub_105948,cust_248533,1990,USD,2023-04-24,credit_card,succeeded,2023-04-24 00:00:00
pay_7963896,sub_105948,cust_248533,199,USD,2023-05-01,credit_card,succeeded,2023-05-01 00:00:00
pay_8899980,sub_105948,cust_248533,199,USD,2023-06-01,wire,succeeded,2023-06-01 00:00:00
pay_2146043,sub_105948,cust_248533,199,USD,2023-07-01,credit_card,succeeded,2023-07-01 00:00:00
pay_9775993,sub_105948,cust_248533,199,USD,2023-08-01,ach,succeeded,2023-08-01 00:00:00
pay_2739566,sub_105948,cust_248533,199,USD,2023-09-01,credit_card,succeeded,2023-09-01 00:00:00
pay_3154572,sub_105948,cust_248533,199,USD,2023-10-01,credit_card,succeeded,2023-10-01 00:00:00
pay_3789161,sub_105948,cust_248533,199,USD,2023-11-01,credit_card,succeeded,2023-11-01 00:00:00
pay_3791582,sub_851485,cust_438273,29,USD,2023-05-20,credit_card,succeeded,2023-05-20 00:00:00
pay_7335257,sub_851485,cust_438273,29,USD,2023-06-01,credit_card,succeeded,2023-06-01 00:00:00
pay_9207948,sub_851485,cust_438273,29,USD,2023-07-01,wire,succeeded,2023-07-01 00:00:00
pay_3462001,sub_851485,cust_438273,29,USD,2023-08-01,credit_card,succeeded,2023-08-01 00:00:00
pay_6136075,sub_851485,cust_438273,29,USD,2023-09-01,ach,succeeded,2023-09-01 00:00:00
pay_6343093,sub_851485,cust_438273,29,USD,2023-10-01,ach,succeeded,2023-10-01 00:00:00
pay_5577636,sub_851485,cust_438273,29,USD,2023-11-01,ach,succeeded,2023-11-01 00:00:00
pay_4603245,sub_851485,cust_438273,29,USD,2023-12-01,credit_card,succeeded,2023-12-01 00:00:00
pay_6318806,sub_851485,cust_438273,29,USD,2024-01-01,credit_card,succeeded,2024-01-01 00:00:00
pay_2281962,sub_851485,cust_438273,29,USD,2024-02-01,credit_card,succeeded,2024-02-01 00:00:00
pay_9930905,sub_851485,cust_438273,29,USD,2024-03-01,credit_card,succeeded,2024-03-01 00:00:00
pay_7409677,sub_851485,cust_438273,79,USD,2024-04-01,ach,succeeded,2024-04-01 00:00:00
pay_1306860,sub_851485,cust_438273,79,USD,2024-05-01,credit_card,succeeded,2024-05-01 00:00:00
pay_4457407,sub_851485,cust_438273,79,USD,2024-06-01,wire,succeeded,2024-06-01 00:00:00
pay_2682205,sub_851485,cust_438273,79,USD,2024-07-01,wire,succeeded,2024-07-01 00:00:00
pay_8194732,sub_851485,cust_438273,79,USD,2024-08-01,wire,succeeded,2024-08-01 00:00:00
pay_2672973,sub_851485,cust_438273,79,USD,2024-09-01,wire,succeeded,2024-09-01 00:00:00
pay_5688532,sub_851485,cust_438273,79,USD,2024-10-01,ach,succeeded,2024-10-01 00:00:00
pay_5364941,sub_851485,cust_438273,79,USD,2024-11-01,ach,succeeded,2024-11-01 00:00:00
pay_3781872,sub_851485,cust_438273,79,USD,2024-12-01,credit_card,succeeded,2024-12-01 00:00:00
pay_5379448,sub_821211,cust_827250,290,USD,2024-09-20,wire,succeeded,2024-09-20 00:00:00
pay_5075757,sub_821211,cust_827250,29,USD,2024-10-01,credit_card,succeeded,2024-10-01 00:00:00
pay_2001012,sub_821211,cust_827250,29,USD,2024-11-01,credit_card,succeeded,2024-11-01 00:00:00
pay_8430895,sub_821211,cust_827250,29,USD,2024-12-01,credit_card,succeeded,2024-12-01 00:00:00
pay_7529145,sub_162198,cust_101885,199,USD,2024-08-09,credit_card,succeeded,2024-08-09 00:00:00
pay_9525480,sub_162198,cust_101885,199,USD,2024-09-01,ach,succeeded,2024-09-01 00:00:00
pay_7625199,sub_162198,cust_101885,199,USD,2024-10-01,credit_card,succeeded,2024-10-01 00:00:00
pay_9101794,sub_162198,cust_101885,199,USD,2024-11-01,credit_card,succeeded,2024-11-01 00:00:00
pay_1177286,sub_162198,cust_101885,199,USD,2024-12-01,ach,succeeded,2024-12-01 00:00:00
pay_9106221,sub_594761,cust_331625,29,USD,2024-10-16,ach,succeeded,2024-10-16 00:00:00
pay_4980198,sub_594761,cust_331625,29,USD,2024-11-01,ach,succeeded,2024-11-01 00:00:00
pay_7260863,sub_594761,cust_331625,29,USD,2024-12-01,credit_card,succeeded,2024-12-01 00:00:00
pay_9099709,sub_964352,cust_193035,199,USD,2024-11-17,credit_card,succeeded,2024-11-17 00:00:00
pay_4112874,sub_964352,cust_193035,199,USD,2024-12-01,credit_card,succeeded,2024-12-01 00:00:00
pay_1701231,sub_701975,cust_213282,29,USD,2023-01-02,credit_card,succeeded,2023-01-02 00:00:00
pay_9659485,sub_701975,cust_213282,29,USD,2023-02-01,ach,succeeded,2023-02-01 00:00:00
pay_6029882,sub_701975,cust_213282,29,USD,2023-03-01,credit_card,succeeded,2023-03-01 00:00:00
pay_4730755,sub_701975,cust_213282,29,USD,2023-04-01,credit_card,succeeded,2023-04-01 00:00:00
pay_3715145,sub_701975,cust_213282,29,USD,2023-05-01,ach,succeeded,2023-05-01 00:00:00
pay_6511424,sub_701975,cust_213282,29,USD,2023-06-01,ach,succeeded,2023-06-01 00:00:00
pay_8204131,sub_701975,cust_213282,29,USD,2023-07-01,ach,succeeded,2023-07-01 00:00:00
pay_2397786,sub_701975,cust_213282,29,USD,2023-08-01,ach,succeeded,2023-08-01 00:00:00
pay_4870352,sub_701975,cust_213282,29,USD,2023-09-01,wire,succeeded,2023-09-01 00:00:00
pay_7491166,sub_701975,cust_213282,29,USD,2023-10-01,credit_card,succeeded,2023-10-01 00:00:00
pay_1556841,sub_701975,cust_213282,29,USD,2023-11-01,wire,succeeded,2023-11-01 00:00:00
pay_9162832,sub_701975,cust_213282,29,USD,2023-12-01,credit_card,succeeded,2023-12-01 00:00:00
pay_3192587,sub_701975,cust_213282,29,USD,2024-01-01,credit_card,succeeded,2024-01-01 00:00:00
pay_2920868,sub_701975,cust_213282,29,USD,2024-02-01,wire,succeeded,2024-02-01 00:00:00
pay_1890539,sub_701975,cust_213282,29,USD,2024-03-01,credit_card,succeeded,2024-03-01 00:00:00
pay_7270714,sub_701975,cust_213282,29,USD,2024-04-01,wire,succeeded,2024-04-01 00:00:00
pay_4151234,sub_701975,cust_213282,29,USD,2024-05-01,ach,succeeded,2024-05-01 00:00:00
pay_3385745,sub_701975,cust_213282,29,USD,2024-06-01,wire,succeeded,2024-06-01 00:00:00
pay_1180768,sub_247083,cust_969067,199,USD,2024-05-05,ach,succeeded,2024-05-05 00:00:00
pay_2977458,sub_247083,cust_969067,199,USD,2024-06-01,credit_card,succeeded,2024-06-01 00:00:00
pay_2123816,sub_247083,cust_969067,199,USD,2024-07-01,wire,succeeded,2024-07-01 00:00:00
pay_7676881,sub_247083,cust_969067,199,USD,2024-08-01,credit_card,succeeded,2024-08-01 00:00:00
pay_6719824,sub_247083,cust_969067,199,USD,2024-09-01,credit_card,succeeded,2024-09-01 00:00:00
pay_1057835,sub_247083,cust_969067,199,USD,2024-10-01,credit_card,succeeded,2024-10-01 00:00:00
pay_8104204,sub_247083,cust_969067,199,USD,2024-11-01,wire,succeeded,2024-11-01 00:00:00
pay_1420838,sub_247083,cust_969067,199,USD,2024-12-01,wire,succeeded,2024-12-01 00:00:00
pay_8641947,sub_491616,cust_209812,29,USD,2023-03-17,credit_card,succeeded,2023-03-17 00:00:00
pay_9630184,sub_491616,cust_209812,29,USD,2023-04-01,credit_card,succeeded,2023-04-01 00:00:00
pay_4890720,sub_491616,cust_209812,29,USD,2023-05-01,credit_card,succeeded,2023-05-01 00:00:00
pay_7174975,sub_491616,cust_209812,29,USD,2023-06-01,wire,succeeded,2023-06-01 00:00:00
pay_9447086,sub_491616,cust_209812,29,USD,2023-07-01,credit_card,succeeded,2023-07-01 00:00:00
pay_2387188,sub_491616,cust_209812,29,USD,2023-08-01,credit_card,succeeded,2023-08-01 00:00:00
pay_8526838,sub_491616,cust_209812,29,USD,2023-09-01,credit_card,succeeded,2023-09-01 00:00:00
pay_6473926,sub_491616,cust_209812,29,USD,2023-10-01,credit_card,succeeded,2023-10-01 00:00:00
pay_6671905,sub_491616,cust_209812,29,USD,2023-11-01,credit_card,succeeded,2023-11-01 00:00:00
pay_4651932,sub_491616,cust_209812,29,USD,2023-12-01,credit_card,succeeded,2023-12-01 00:00:00
pay_3733417,sub_491616,cust_209812,29,USD,2024-01-01,credit_card,succeeded,2024-01-01 00:00:00
pay_2483561,sub_491616,cust_209812,29,USD,2024-02-01,credit_card,succeeded,2024-02-01 00:00:00
pay_5102758,sub_491616,cust_209812,29,USD,2024-03-01,credit_card,succeeded,2024-03-01 00:00:00
pay_6543511,sub_491616,cust_209812,29,USD,2024-04-01,credit_card,succeeded,2024-04-01 00:00:00
pay_9089823,sub_491616,cust_209812,29,USD,2024-05-01,wire,succeeded,2024-05-01 00:00:00
pay_4700165,sub_491616,cust_209812,29,USD,2024-06-01,credit_card,succeeded,2024-06-01 00:00:00
pay_8613430,sub_491616,cust_209812,29,USD,2024-07-01,credit_card,succeeded,2024-07-01 00:00:00
pay_9270231,sub_491616,cust_209812,29,USD,2024-08-01,credit_card,succeeded,2024-08-01 00:00:00
pay_1450060,sub_491616,cust_209812,29,USD,2024-09-01,credit_card,succeeded,2024-09-01 00:00:00
pay_7892172,sub_491616,cust_209812,29,USD,2024-10-01,wire,succeeded,2024-10-01 00:00:00
pay_1956031,sub_491616,cust_209812,29,USD,2024-11-01,wire,succeeded,2024-11-01 00:00:00
pay_3173815,sub_491616,cust_209812,29,USD,2024-12-01,credit_card,succeeded,2024-12-01 00:00:00
pay_7408675,sub_957479,cust_606186,199,USD,2023-02-01,credit_card,succeeded,2023-02-01 00:00:00
pay_7579359,sub_957479,cust_606186,199,USD,2023-03-01,credit_card,succeeded,2023-03-01 00:00:00
pay_4889949,sub_957479,cust_606186,199,USD,2023-04-01,wire,succeeded,2023-04-01 00:00:00
pay_4503651,sub_957479,cust_606186,199,USD,2023-05-01,credit_card,succeeded,2023-05-01 00:00:00
pay_5343078,sub_957479,cust_606186,199,USD,2023-06-01,credit_card,succeeded,2023-06-01 00:00:00
pay_8609231,sub_957479,cust_606186,199,USD,2023-07-01,ach,succeeded,2023-07-01 00:00:00
pay_8307873,sub_957479,cust_606186,199,USD,2023-08-01,credit_card,succeeded,2023-08-01 00:00:00
pay_5694522,sub_957479,cust_606186,199,USD,2023-09-01,credit_card,failed,2023-09-01 00:00:00
pay_8634413,sub_957479,cust_606186,199,USD,2023-10-01,credit_card,succeeded,2023-10-01 00:00:00
pay_8925877,sub_957479,cust_606186,199,USD,2023-11-01,credit_card,succeeded,2023-11-01 00:00:00
pay_4788266,sub_957479,cust_606186,199,USD,2023-12-01,credit_card,succeeded,2023-12-01 00:00:00
pay_8049767,sub_957479,cust_606186,199,USD,2024-01-01,ach,succeeded,2024-01-01 00:00:00
pay_9386469,sub_957479,cust_606186,199,USD,2024-02-01,credit_card,succeeded,2024-02-01 00:00:00
pay_6709049,sub_957479,cust_606186,199,USD,2024-03-01,credit_card,succeeded,2024-03-01 00:00:00
pay_6069985,sub_257805,cust_529161,199,USD,2024-07-21,wire,succeeded,2024-07-21 00:00:00
pay_9947780,sub_257805,cust_529161,199,USD,2024-08-01,credit_card,succeeded,2024-08-01 00:00:00
pay_8361659,sub_257805,cust_529161,199,USD,2024-09-01,credit_card,succeeded,2024-09-01 00:00:00
pay_2555745,sub_257805,cust_529161,199,USD,2024-10-01,credit_card,succeeded,2024-10-01 00:00:00
pay_6719439,sub_257805,cust_529161,199,USD,2024-11-01,credit_card,succeeded,2024-11-01 00:00:00
pay_1863428,sub_257805,cust_529161,199,USD,2024-12-01,ach,succeeded,2024-12-01 00:00:00
pay_7037761,sub_666310,cust_126985,29,USD,2023-07-31,wire,succeeded,2023-07-31 00:00:00
pay_6014641,sub_666310,cust_126985,29,USD,2023-08-01,ach,succeeded,2023-08-01 00:00:00
pay_2969091,sub_666310,cust_126985,29,USD,2023-09-01,credit_card,succeeded,2023-09-01 00:00:00
pay_9122132,sub_666310,cust_126985,29,USD,2023-10-01,wire,succeeded,2023-10-01 00:00:00
pay_6145126,sub_666310,cust_126985,29,USD,2023-11-01,ach,succeeded,2023-11-01 00:00:00
pay_6890368,sub_666310,cust_126985,29,USD,2023-12-01,ach,succeeded,2023-12-01 00:00:00
pay_3514200,sub_666310,cust_126985,29,USD,2024-01-01,wire,succeeded,2024-01-01 00:00:00
pay_8649014,sub_666310,cust_126985,29,USD,2024-02-01,credit_card,succeeded,2024-02-01 00:00:00
pay_4524697,sub_666310,cust_126985,29,USD,2024-03-01,credit_card,succeeded,2024-03-01 00:00:00
pay_5502386,sub_666310,cust_126985,29,USD,2024-04-01,credit_card,succeeded,2024-04-01 00:00:00
pay_1174760,sub_666310,cust_126985,29,USD,2024-05-01,wire,succeeded,2024-05-01 00:00:00
pay_7379126,sub_666310,cust_126985,29,USD,2024-06-01,wire,succeeded,2024-06-01 00:00:00
pay_7993789,sub_666310,cust_126985,29,USD,2024-07-01,credit_card,succeeded,2024-07-01 00:00:00
pay_7357828,sub_666310,cust_126985,29,USD,2024-08-01,wire,succeeded,2024-08-01 00:00:00
pay_4053391,sub_666310,cust_126985,79,USD,2024-09-01,ach,succeeded,2024-09-01 00:00:00
pay_9714135,sub_666310,cust_126985,79,USD,2024-10-01,credit_card,succeeded,2024-10-01 00:00:00
pay_8991958,sub_666310,cust_126985,79,USD,2024-11-01,credit_card,succeeded,2024-11-01 00:00:00
pay_8429946,sub_666310,cust_126985,79,USD,2024-12-01,ach,succeeded,2024-12-01 00:00:00
pay_8365749,sub_568516,cust_377877,79,USD,2023-04-04,wire,succeeded,2023-04-04 00:00:00
pay_1685856,sub_568516,cust_377877,79,USD,2023-05-01,credit_card,succeeded,2023-05-01 00:00:00
pay_7816044,sub_568516,cust_377877,79,USD,2023-06-01,credit_card,succeeded,2023-06-01 00:00:00
pay_9338316,sub_568516,cust_377877,79,USD,2023-07-01,ach,succeeded,2023-07-01 00:00:00
pay_8449742,sub_568516,cust_377877,199,USD,2023-08-01,credit_card,succeeded,2023-08-01 00:00:00
pay_2432757,sub_568516,cust_377877,199,USD,2023-09-01,credit_card,succeeded,2023-09-01 00:00:00
pay_4999065,sub_568516,cust_377877,199,USD,2023-10-01,credit_card,succeeded,2023-10-01 00:00:00
pay_8037085,sub_568516,cust_377877,199,USD,2023-11-01,credit_card,succeeded,2023-11-01 00:00:00
pay_1544957,sub_568516,cust_377877,79,USD,2023-12-01,ach,succeeded,2023-12-01 00:00:00
pay_3817316,sub_568516,cust_377877,79,USD,2024-01-01,credit_card,succeeded,2024-01-01 00:00:00
pay_4889433,sub_568516,cust_377877,79,USD,2024-02-01,credit_card,succeeded,2024-02-01 00:00:00
pay_5057676,sub_568516,cust_377877,79,USD,2024-03-01,credit_card,succeeded,2024-03-01 00:00:00
pay_4618428,sub_568516,cust_377877,79,USD,2024-04-01,wire,succeeded,2024-04-01 00:00:00
pay_4855156,sub_568516,cust_377877,79,USD,2024-05-01,credit_card,succeeded,2024-05-01 00:00:00
pay_1378454,sub_568516,cust_377877,79,USD,2024-06-01,ach,succeeded,2024-06-01 00:00:00
pay_1461875,sub_568516,cust_377877,79,USD,2024-07-01,ach,succeeded,2024-07-01 00:00:00
pay_5338420,sub_568516,cust_377877,79,USD,2024-08-01,credit_card,succeeded,2024-08-01 00:00:00
pay_1038690,sub_568516,cust_377877,79,USD,2024-09-01,ach,succeeded,2024-09-01 00:00:00
pay_3189674,sub_568516,cust_377877,79,USD,2024-10-01,credit_card,succeeded,2024-10-01 00:00:00
pay_7573108,sub_568516,cust_377877,79,USD,2024-11-01,credit_card,succeeded,2024-11-01 00:00:00
pay_6125784,sub_568516,cust_377877,79,USD,2024-12-01,credit_card,succeeded,2024-12-01 00:00:00
pay_6765230,sub_116929,cust_376195,79,USD,2023-08-20,credit_card,succeeded,2023-08-20 00:00:00
pay_1814704,sub_116929,cust_376195,79,USD,2023-09-01,credit_card,succeeded,2023-09-01 00:00:00
pay_5444302,sub_116929,cust_376195,79,USD,2023-10-01,credit_card,succeeded,2023-10-01 00:00:00
pay_6642710,sub_116929,cust_376195,79,USD,2023-11-01,credit_card,succeeded,2023-11-01 00:00:00
pay_6715036,sub_116929,cust_376195,79,USD,2023-12-01,credit_card,succeeded,2023-12-01 00:00:00
pay_9728885,sub_116929,cust_376195,79,USD,2024-01-01,credit_card,succeeded,2024-01-01 00:00:00
pay_7075197,sub_116929,cust_376195,79,USD,2024-02-01,credit_card,succeeded,2024-02-01 00:00:00
pay_3402037,sub_116929,cust_376195,79,USD,2024-03-01,wire,succeeded,2024-03-01 00:00:00
pay_6435540,sub_116929,cust_376195,79,USD,2024-04-01,credit_card,succeeded,2024-04-01 00:00:00
pay_7881965,sub_116929,cust_376195,79,USD,2024-05-01,credit_card,succeeded,2024-05-01 00:00:00
pay_7126427,sub_116929,cust_376195,79,USD,2024-06-01,credit_card,succeeded,2024-06-01 00:00:00
pay_9047548,sub_116929,cust_376195,79,USD,2024-07-01,wire,succeeded,2024-07-01 00:00:00
pay_8118181,sub_116929,cust_376195,79,USD,2024-08-01,wire,succeeded,2024-08-01 00:00:00
pay_8493210,sub_116929,cust_376195,79,USD,2024-09-01,wire,succeeded,2024-09-01 00:00:00
pay_4027050,sub_116929,cust_376195,79,USD,2024-10-01,credit_card,succeeded,2024-10-01 00:00:00
pay_3182067,sub_116929,cust_376195,79,USD,2024-11-01,credit_card,succeeded,2024-11-01 00:00:00
pay_2260988,sub_116929,cust_376195,79,USD,2024-12-01,ach,succeeded,2024-12-01 00:00:00
pay_2560784,sub_865071,cust_893202,29,USD,2024-08-26,wire,succeeded,2024-08-26 00:00:00
pay_6469850,sub_865071,cust_893202,29,USD,2024-09-01,wire,succeeded,2024-09-01 00:00:00
pay_7957606,sub_865071,cust_893202,79,USD,2024-10-01,credit_card,succeeded,2024-10-01 00:00:00
pay_3209870,sub_865071,cust_893202,79,USD,2024-11-01,wire,succeeded,2024-11-01 00:00:00
pay_9799372,sub_865071,cust_893202,79,USD,2024-12-01,ach,succeeded,2024-12-01 00:00:00
pay_9713995,sub_527456,cust_750403,29,USD,2024-11-01,ach,succeeded,2024-11-01 00:00:00
pay_2279911,sub_527456,cust_750403,29,USD,2024-12-01,credit_card,succeeded,2024-12-01 00:00:00
pay_6196158,sub_899541,cust_816308,199,USD,2024-03-21,wire,succeeded,2024-03-21 00:00:00
pay_7856711,sub_899541,cust_816308,199,USD,2024-04-01,credit_card,succeeded,2024-04-01 00:00:00
pay_2897507,sub_899541,cust_816308,199,USD,2024-05-01,ach,succeeded,2024-05-01 00:00:00
pay_7581732,sub_899541,cust_816308,199,USD,2024-06-01,credit_card,succeeded,2024-06-01 00:00:00
pay_8165721,sub_899541,cust_816308,199,USD,2024-07-01,credit_card,succeeded,2024-07-01 00:00:00
pay_4066057,sub_899541,cust_816308,79,USD,2024-08-01,wire,succeeded,2024-08-01 00:00:00
pay_1111220,sub_899541,cust_816308,79,USD,2024-09-01,ach,succeeded,2024-09-01 00:00:00
pay_6438861,sub_899541,cust_816308,79,USD,2024-10-01,credit_card,failed,2024-10-01 00:00:00
pay_3999723,sub_899541,cust_816308,79,USD,2024-11-01,wire,succeeded,2024-11-01 00:00:00
pay_6678674,sub_899541,cust_816308,79,USD,2024-12-01,credit_card,succeeded,2024-12-01 00:00:00
pay_1355714,sub_240934,cust_506951,790,USD,2024-07-23,credit_card,succeeded,2024-07-23 00:00:00
pay_1060841,sub_240934,cust_506951,79,USD,2024-08-01,credit_card,succeeded,2024-08-01 00:00:00
pay_9205709,sub_240934,cust_506951,79,USD,2024-09-01,credit_card,succeeded,2024-09-01 00:00:00
pay_5556540,sub_240934,cust_506951,79,USD,2024-10-01,credit_card,succeeded,2024-10-01 00:00:00
pay_9889026,sub_240934,cust_506951,79,USD,2024-11-01,ach,succeeded,2024-11-01 00:00:00
pay_2143380,sub_240934,cust_506951,199,USD,2024-12-01,credit_card,succeeded,2024-12-01 00:00:00
pay_5514080,sub_231945,cust_539976,29,USD,2023-04-26,ach,succeeded,2023-04-26 00:00:00
pay_8826026,sub_231945,cust_539976,29,USD,2023-05-01,credit_card,succeeded,2023-05-01 00:00:00
pay_1300420,sub_231945,cust_539976,29,USD,2023-06-01,credit_card,succeeded,2023-06-01 00:00:00
pay_7807418,sub_231945,cust_539976,29,USD,2023-07-01,wire,succeeded,2023-07-01 00:00:00
pay_5626735,sub_231945,cust_539976,29,USD,2023-08-01,credit_card,succeeded,2023-08-01 00:00:00
pay_4855602,sub_231945,cust_539976,29,USD,2023-09-01,ach,succeeded,2023-09-01 00:00:00
pay_9968324,sub_231945,cust_539976,29,USD,2023-10-01,credit_card,succeeded,2023-10-01 00:00:00
pay_4164842,sub_231945,cust_539976,29,USD,2023-11-01,credit_card,succeeded,2023-11-01 00:00:00
pay_7248893,sub_231945,cust_539976,29,USD,2023-12-01,wire,failed,2023-12-01 00:00:00
pay_3378316,sub_762574,cust_399990,199,USD,2024-07-02,credit_card,succeeded,2024-07-02 00:00:00
pay_4626686,sub_762574,cust_399990,199,USD,2024-08-01,ach,succeeded,2024-08-01 00:00:00
pay_1175585,sub_349382,cust_250840,199,USD,2024-09-25,ach,succeeded,2024-09-25 00:00:00
pay_2475128,sub_349382,cust_250840,199,USD,2024-10-01,credit_card,succeeded,2024-10-01 00:00:00
pay_3575791,sub_349382,cust_250840,199,USD,2024-11-01,credit_card,succeeded,2024-11-01 00:00:00
pay_9144106,sub_349382,cust_250840,199,USD,2024-12-01,credit_card,succeeded,2024-12-01 00:00:00
pay_9917509,sub_999343,cust_381631,29,USD,2024-10-01,credit_card,succeeded,2024-10-01 00:00:00
pay_2673074,sub_999343,cust_381631,29,USD,2024-11-01,wire,succeeded,2024-11-01 00:00:00
pay_1116892,sub_999343,cust_381631,29,USD,2024-12-01,credit_card,succeeded,2024-12-01 00:00:00
pay_2792770,sub_295370,cust_339030,199,USD,2023-05-18,wire,succeeded,2023-05-18 00:00:00
pay_9109893,sub_295370,cust_339030,199,USD,2023-06-01,credit_card,succeeded,2023-06-01 00:00:00
pay_3166384,sub_295370,cust_339030,199,USD,2023-07-01,credit_card,failed,2023-07-01 00:00:00
pay_3192711,sub_295370,cust_339030,199,USD,2023-08-01,credit_card,succeeded,2023-08-01 00:00:00
pay_3596062,sub_295370,cust_339030,199,USD,2023-09-01,wire,succeeded,2023-09-01 00:00:00
pay_6919532,sub_295370,cust_339030,199,USD,2023-10-01,credit_card,succeeded,2023-10-01 00:00:00
pay_3506425,sub_295370,cust_339030,199,USD,2023-11-01,wire,succeeded,2023-11-01 00:00:00
pay_1062928,sub_295370,cust_339030,199,USD,2023-12-01,credit_card,succeeded,2023-12-01 00:00:00
pay_4316925,sub_295370,cust_339030,79,USD,2024-01-01,ach,succeeded,2024-01-01 00:00:00
pay_9481232,sub_295370,cust_339030,79,USD,2024-02-01,credit_card,succeeded,2024-02-01 00:00:00
pay_2730412,sub_295370,cust_339030,79,USD,2024-03-01,credit_card,succeeded,2024-03-01 00:00:00
pay_7240352,sub_295370,cust_339030,79,USD,2024-04-01,credit_card,succeeded,2024-04-01 00:00:00
pay_2297303,sub_295370,cust_339030,199,USD,2024-05-01,ach,succeeded,2024-05-01 00:00:00
pay_8442905,sub_295370,cust_339030,79,USD,2024-06-01,credit_card,succeeded,2024-06-01 00:00:00
pay_3766121,sub_295370,cust_339030,79,USD,2024-07-01,credit_card,succeeded,2024-07-01 00:00:00
pay_8829012,sub_295370,cust_339030,79,USD,2024-08-01,credit_card,succeeded,2024-08-01 00:00:00
pay_8708970,sub_295370,cust_339030,79,USD,2024-09-01,credit_card,succeeded,2024-09-01 00:00:00
pay_2857227,sub_295370,cust_339030,79,USD,2024-10-01,credit_card,succeeded,2024-10-01 00:00:00
pay_6016835,sub_295370,cust_339030,79,USD,2024-11-01,wire,succeeded,2024-11-01 00:00:00
pay_4996732,sub_295370,cust_339030,79,USD,2024-12-01,wire,succeeded,2024-12-01 00:00:00
pay_7467261,sub_291482,cust_563173,79,USD,2023-08-05,credit_card,succeeded,2023-08-05 00:00:00
pay_2337621,sub_291482,cust_563173,79,USD,2023-09-01,wire,succeeded,2023-09-01 00:00:00
pay_4988524,sub_291482,cust_563173,29,USD,2023-10-01,credit_card,succeeded,2023-10-01 00:00:00
pay_8882386,sub_291482,cust_563173,29,USD,2023-11-01,ach,succeeded,2023-11-01 00:00:00
pay_8285393,sub_291482,cust_563173,29,USD,2023-12-01,ach,succeeded,2023-12-01 00:00:00
pay_5326558,sub_291482,cust_563173,29,USD,2024-01-01,credit_card,succeeded,2024-01-01 00:00:00
pay_6129073,sub_291482,cust_563173,29,USD,2024-02-01,credit_card,succeeded,2024-02-01 00:00:00
pay_6748005,sub_291482,cust_563173,29,USD,2024-03-01,credit_card,succeeded,2024-03-01 00:00:00
pay_8758452,sub_291482,cust_563173,29,USD,2024-04-01,wire,succeeded,2024-04-01 00:00:00
pay_7314805,sub_291482,cust_563173,29,USD,2024-05-01,credit_card,succeeded,2024-05-01 00:00:00
pay_6663290,sub_291482,cust_563173,29,USD,2024-06-01,ach,succeeded,2024-06-01 00:00:00
pay_6157067,sub_291482,cust_563173,29,USD,2024-07-01,credit_card,succeeded,2024-07-01 00:00:00
pay_1721598,sub_291482,cust_563173,29,USD,2024-08-01,credit_card,succeeded,2024-08-01 00:00:00
pay_1786436,sub_291482,cust_563173,29,USD,2024-09-01,credit_card,succeeded,2024-09-01 00:00:00
pay_9958042,sub_291482,cust_563173,29,USD,2024-10-01,credit_card,succeeded,2024-10-01 00:00:00
pay_3103209,sub_291482,cust_563173,29,USD,2024-11-01,credit_card,succeeded,2024-11-01 00:00:00
pay_8025655,sub_291482,cust_563173,29,USD,2024-12-01,credit_card,succeeded,2024-12-01 00:00:00
pay_1836164,sub_999987,cust_844037,29,USD,2024-06-02,wire,succeeded,2024-06-02 00:00:00
pay_2104201,sub_999987,cust_844037,29,USD,2024-07-01,ach,succeeded,2024-07-01 00:00:00
pay_9102207,sub_999987,cust_844037,29,USD,2024-08-01,credit_card,succeeded,2024-08-01 00:00:00
pay_3138168,sub_999987,cust_844037,29,USD,2024-09-01,credit_card,succeeded,2024-09-01 00:00:00
pay_7803455,sub_999987,cust_844037,29,USD,2024-10-01,ach,succeeded,2024-10-01 00:00:00
pay_3322319,sub_999987,cust_844037,29,USD,2024-11-01,credit_card,succeeded,2024-11-01 00:00:00
pay_3580163,sub_999987,cust_844037,29,USD,2024-12-01,credit_card,succeeded,2024-12-01 00:00:00
pay_4874343,sub_437558,cust_160426,29,USD,2023-09-13,credit_card,succeeded,2023-09-13 00:00:00
pay_2418154,sub_437558,cust_160426,29,USD,2023-10-01,credit_card,succeeded,2023-10-01 00:00:00
pay_1983940,sub_250776,cust_978343,199,USD,2023-09-22,credit_card,succeeded,2023-09-22 00:00:00
pay_3488203,sub_250776,cust_978343,199,USD,2023-10-01,ach,succeeded,2023-10-01 00:00:00
pay_2906711,sub_250776,cust_978343,199,USD,2023-11-01,ach,succeeded,2023-11-01 00:00:00
pay_4058136,sub_250776,cust_978343,199,USD,2023-12-01,ach,succeeded,2023-12-01 00:00:00
pay_2104504,sub_250776,cust_978343,199,USD,2024-01-01,credit_card,succeeded,2024-01-01 00:00:00
pay_6507269,sub_250776,cust_978343,199,USD,2024-02-01,ach,succeeded,2024-02-01 00:00:00
pay_1213879,sub_250776,cust_978343,199,USD,2024-03-01,credit_card,succeeded,2024-03-01 00:00:00
pay_9752729,sub_250776,cust_978343,199,USD,2024-04-01,credit_card,succeeded,2024-04-01 00:00:00
pay_4737531,sub_250776,cust_978343,199,USD,2024-05-01,credit_card,succeeded,2024-05-01 00:00:00
pay_9849783,sub_250776,cust_978343,199,USD,2024-06-01,credit_card,succeeded,2024-06-01 00:00:00
pay_6136761,sub_250776,cust_978343,199,USD,2024-07-01,credit_card,succeeded,2024-07-01 00:00:00
pay_5066077,sub_250776,cust_978343,199,USD,2024-08-01,credit_card,succeeded,2024-08-01 00:00:00
pay_7969901,sub_250776,cust_978343,79,USD,2024-09-01,ach,succeeded,2024-09-01 00:00:00
pay_2382777,sub_250776,cust_978343,79,USD,2024-10-01,credit_card,succeeded,2024-10-01 00:00:00
pay_1333515,sub_250776,cust_978343,79,USD,2024-11-01,credit_card,succeeded,2024-11-01 00:00:00
pay_3743507,sub_250776,cust_978343,79,USD,2024-12-01,credit_card,succeeded,2024-12-01 00:00:00
pay_4964080,sub_111292,cust_332103,29,USD,2024-10-24,ach,succeeded,2024-10-24 00:00:00
pay_1716488,sub_111292,cust_332103,29,USD,2024-11-01,credit_card,succeeded,2024-11-01 00:00:00
pay_1266744,sub_111292,cust_332103,29,USD,2024-12-01,wire,succeeded,2024-12-01 00:00:00
pay_1932848,sub_261141,cust_992952,29,USD,2023-12-24,ach,succeeded,2023-12-24 00:00:00
pay_8604820,sub_261141,cust_992952,29,USD,2024-01-01,ach,succeeded,2024-01-01 00:00:00
pay_6230534,sub_261141,cust_992952,29,USD,2024-02-01,credit_card,succeeded,2024-02-01 00:00:00
pay_9442934,sub_261141,cust_992952,29,USD,2024-03-01,ach,succeeded,2024-03-01 00:00:00
pay_6450683,sub_261141,cust_992952,29,USD,2024-04-01,credit_card,succeeded,2024-04-01 00:00:00
pay_1880761,sub_261141,cust_992952,29,USD,2024-05-01,credit_card,succeeded,2024-05-01 00:00:00
pay_5170552,sub_261141,cust_992952,79,USD,2024-06-01,credit_card,succeeded,2024-06-01 00:00:00
pay_9266290,sub_261141,cust_992952,79,USD,2024-07-01,wire,succeeded,2024-07-01 00:00:00
pay_2026181,sub_261141,cust_992952,79,USD,2024-08-01,ach,succeeded,2024-08-01 00:00:00
pay_7101617,sub_261141,cust_992952,79,USD,2024-09-01,credit_card,succeeded,2024-09-01 00:00:00
pay_4768730,sub_261141,cust_992952,79,USD,2024-10-01,wire,succeeded,2024-10-01 00:00:00
pay_4878853,sub_261141,cust_992952,79,USD,2024-11-01,wire,succeeded,2024-11-01 00:00:00
pay_1322537,sub_261141,cust_992952,79,USD,2024-12-01,credit_card,succeeded,2024-12-01 00:00:00
pay_4556965,sub_867305,cust_794530,199,USD,2024-01-19,wire,succeeded,2024-01-19 00:00:00
pay_6817661,sub_867305,cust_794530,199,USD,2024-02-01,credit_card,succeeded,2024-02-01 00:00:00
pay_4731791,sub_867305,cust_794530,199,USD,2024-03-01,credit_card,succeeded,2024-03-01 00:00:00
pay_5162762,sub_867305,cust_794530,199,USD,2024-04-01,wire,succeeded,2024-04-01 00:00:00
pay_4713050,sub_867305,cust_794530,199,USD,2024-05-01,credit_card,succeeded,2024-05-01 00:00:00
pay_9076583,sub_867305,cust_794530,199,USD,2024-06-01,credit_card,failed,2024-06-01 00:00:00
pay_5170012,sub_867305,cust_794530,199,USD,2024-07-01,credit_card,succeeded,2024-07-01 00:00:00
pay_4858806,sub_867305,cust_794530,199,USD,2024-08-01,ach,succeeded,2024-08-01 00:00:00
pay_3998312,sub_867305,cust_794530,199,USD,2024-09-01,credit_card,succeeded,2024-09-01 00:00:00
pay_8980134,sub_867305,cust_794530,199,USD,2024-10-01,credit_card,succeeded,2024-10-01 00:00:00
pay_7279849,sub_867305,cust_794530,199,USD,2024-11-01,credit_card,failed,2024-11-01 00:00:00
pay_8694639,sub_867305,cust_794530,199,USD,2024-12-01,credit_card,succeeded,2024-12-01 00:00:00
pay_4861301,sub_363895,cust_440930,79,USD,2023-10-11,credit_card,succeeded,2023-10-11 00:00:00
pay_2218410,sub_363895,cust_440930,79,USD,2023-11-01,ach,succeeded,2023-11-01 00:00:00
pay_5169777,sub_363895,cust_440930,79,USD,2023-12-01,credit_card,succeeded,2023-12-01 00:00:00
pay_1475421,sub_363895,cust_440930,79,USD,2024-01-01,ach,succeeded,2024-01-01 00:00:00
pay_7134379,sub_363895,cust_440930,79,USD,2024-02-01,credit_card,succeeded,2024-02-01 00:00:00
pay_9366064,sub_363895,cust_440930,79,USD,2024-03-01,credit_card,succeeded,2024-03-01 00:00:00
pay_5475710,sub_619020,cust_944554,79,USD,2024-09-06,credit_card,succeeded,2024-09-06 00:00:00
pay_3555381,sub_619020,cust_944554,79,USD,2024-10-01,credit_card,succeeded,2024-10-01 00:00:00
pay_7597980,sub_619020,cust_944554,79,USD,2024-11-01,credit_card,succeeded,2024-11-01 00:00:00
pay_3621766,sub_619020,cust_944554,199,USD,2024-12-01,credit_card,succeeded,2024-12-01 00:00:00
pay_2469707,sub_990691,cust_598844,790,USD,2024-11-18,credit_card,succeeded,2024-11-18 00:00:00
pay_9567985,sub_990691,cust_598844,79,USD,2024-12-01,credit_card,succeeded,2024-12-01 00:00:00
pay_9671681,sub_469495,cust_876909,1990,USD,2023-09-22,credit_card,succeeded,2023-09-22 00:00:00
pay_5185348,sub_469495,cust_876909,199,USD,2023-10-01,credit_card,succeeded,2023-10-01 00:00:00
pay_6860223,sub_469495,cust_876909,199,USD,2023-11-01,credit_card,succeeded,2023-11-01 00:00:00
pay_6201949,sub_469495,cust_876909,199,USD,2023-12-01,wire,succeeded,2023-12-01 00:00:00
pay_2147253,sub_469495,cust_876909,199,USD,2024-01-01,wire,succeeded,2024-01-01 00:00:00
pay_8892776,sub_469495,cust_876909,199,USD,2024-02-01,credit_card,succeeded,2024-02-01 00:00:00
pay_9341839,sub_469495,cust_876909,199,USD,2024-03-01,credit_card,succeeded,2024-03-01 00:00:00
pay_3034681,sub_469495,cust_876909,199,USD,2024-04-01,ach,succeeded,2024-04-01 00:00:00
pay_4869062,sub_469495,cust_876909,199,USD,2024-05-01,credit_card,succeeded,2024-05-01 00:00:00
pay_3205548,sub_469495,cust_876909,199,USD,2024-06-01,credit_card,succeeded,2024-06-01 00:00:00
pay_1292752,sub_469495,cust_876909,199,USD,2024-07-01,ach,succeeded,2024-07-01 00:00:00
pay_7887337,sub_469495,cust_876909,199,USD,2024-08-01,credit_card,succeeded,2024-08-01 00:00:00
pay_2248786,sub_469495,cust_876909,1990,USD,2024-09-01,wire,succeeded,2024-09-01 00:00:00
pay_8257408,sub_469495,cust_876909,199,USD,2024-10-01,credit_card,succeeded,2024-10-01 00:00:00
pay_1155325,sub_469495,cust_876909,199,USD,2024-11-01,credit_card,succeeded,2024-11-01 00:00:00
pay_2227380,sub_469495,cust_876909,199,USD,2024-12-01,credit_card,succeeded,2024-12-01 00:00:00
pay_3581052,sub_431910,cust_880360,790,USD,2023-11-11,credit_card,succeeded,2023-11-11 00:00:00
pay_7466145,sub_431910,cust_880360,79,USD,2023-12-01,wire,succeeded,2023-12-01 00:00:00
pay_8046882,sub_431910,cust_880360,79,USD,2024-01-01,wire,succeeded,2024-01-01 00:00:00
pay_2297658,sub_431910,cust_880360,79,USD,2024-02-01,credit_card,succeeded,2024-02-01 00:00:00
pay_4620051,sub_431910,cust_880360,79,USD,2024-03-01,ach,succeeded,2024-03-01 00:00:00
pay_9475621,sub_431910,cust_880360,79,USD,2024-04-01,credit_card,failed,2024-04-01 00:00:00
pay_1636561,sub_431910,cust_880360,79,USD,2024-05-01,credit_card,succeeded,2024-05-01 00:00:00
pay_5773614,sub_431910,cust_880360,79,USD,2024-06-01,ach,succeeded,2024-06-01 00:00:00
pay_1839786,sub_431910,cust_880360,79,USD,2024-07-01,credit_card,succeeded,2024-07-01 00:00:00
pay_9146884,sub_431910,cust_880360,79,USD,2024-08-01,wire,succeeded,2024-08-01 00:00:00
pay_2646905,sub_431910,cust_880360,79,USD,2024-09-01,wire,succeeded,2024-09-01 00:00:00
pay_1641978,sub_431910,cust_880360,79,USD,2024-10-01,credit_card,succeeded,2024-10-01 00:00:00
pay_7555515,sub_431910,cust_880360,790,USD,2024-11-01,credit_card,succeeded,2024-11-01 00:00:00
pay_5078088,sub_431910,cust_880360,79,USD,2024-12-01,wire,succeeded,2024-12-01 00:00:00
pay_7838926,sub_116701,cust_711922,29,USD,2024-08-17,wire,succeeded,2024-08-17 00:00:00
pay_9986829,sub_116701,cust_711922,29,USD,2024-09-01,credit_card,succeeded,2024-09-01 00:00:00
pay_6926067,sub_116701,cust_711922,29,USD,2024-10-01,ach,succeeded,2024-10-01 00:00:00
pay_1767489,sub_116701,cust_711922,29,USD,2024-11-01,credit_card,succeeded,2024-11-01 00:00:00
pay_7405699,sub_116701,cust_711922,29,USD,2024-12-01,credit_card,succeeded,2024-12-01 00:00:00
pay_9997668,sub_893531,cust_995735,199,USD,2023-06-04,credit_card,succeeded,2023-06-04 00:00:00
pay_3954420,sub_893531,cust_995735,199,USD,2023-07-01,wire,succeeded,2023-07-01 00:00:00
pay_9039095,sub_893531,cust_995735,199,USD,2023-08-01,credit_card,succeeded,2023-08-01 00:00:00
pay_3627194,sub_893531,cust_995735,199,USD,2023-09-01,credit_card,succeeded,2023-09-01 00:00:00
pay_2883407,sub_893531,cust_995735,199,USD,2023-10-01,credit_card,succeeded,2023-10-01 00:00:00
pay_4240610,sub_893531,cust_995735,199,USD,2023-11-01,ach,succeeded,2023-11-01 00:00:00
pay_8046010,sub_893531,cust_995735,199,USD,2023-12-01,credit_card,succeeded,2023-12-01 00:00:00
pay_9653101,sub_893531,cust_995735,199,USD,2024-01-01,credit_card,failed,2024-01-01 00:00:00
pay_1482819,sub_893531,cust_995735,199,USD,2024-02-01,wire,succeeded,2024-02-01 00:00:00
pay_7716629,sub_893531,cust_995735,199,USD,2024-03-01,wire,succeeded,2024-03-01 00:00:00
pay_9731347,sub_893531,cust_995735,199,USD,2024-04-01,wire,succeeded,2024-04-01 00:00:00
pay_7228178,sub_893531,cust_995735,199,USD,2024-05-01,credit_card,succeeded,2024-05-01 00:00:00
pay_6816315,sub_893531,cust_995735,199,USD,2024-06-01,credit_card,succeeded,2024-06-01 00:00:00
pay_4429590,sub_893531,cust_995735,199,USD,2024-07-01,ach,succeeded,2024-07-01 00:00:00
pay_2332627,sub_893531,cust_995735,79,USD,2024-08-01,credit_card,succeeded,2024-08-01 00:00:00
pay_5419713,sub_893531,cust_995735,79,USD,2024-09-01,wire,succeeded,2024-09-01 00:00:00
pay_8294423,sub_893531,cust_995735,79,USD,2024-10-01,ach,succeeded,2024-10-01 00:00:00
pay_8010465,sub_893531,cust_995735,79,USD,2024-11-01,ach,succeeded,2024-11-01 00:00:00
pay_6664429,sub_893531,cust_995735,79,USD,2024-12-01,ach,succeeded,2024-12-01 00:00:00
pay_2409304,sub_127639,cust_916779,29,USD,2023-03-24,ach,succeeded,2023-03-24 00:00:00
pay_8232780,sub_127639,cust_916779,29,USD,2023-04-01,credit_card,succeeded,2023-04-01 00:00:00
pay_7131115,sub_127639,cust_916779,29,USD,2023-05-01,ach,succeeded,2023-05-01 00:00:00
pay_6094740,sub_127639,cust_916779,29,USD,2023-06-01,credit_card,succeeded,2023-06-01 00:00:00
pay_2499964,sub_127639,cust_916779,29,USD,2023-07-01,wire,succeeded,2023-07-01 00:00:00
pay_8363445,sub_127639,cust_916779,29,USD,2023-08-01,credit_card,succeeded,2023-08-01 00:00:00
pay_3458695,sub_127639,cust_916779,29,USD,2023-09-01,credit_card,succeeded,2023-09-01 00:00:00
pay_3259936,sub_127639,cust_916779,79,USD,2023-10-01,credit_card,succeeded,2023-10-01 00:00:00
pay_6806613,sub_127639,cust_916779,79,USD,2023-11-01,ach,succeeded,2023-11-01 00:00:00
pay_4589117,sub_127639,cust_916779,79,USD,2023-12-01,credit_card,succeeded,2023-12-01 00:00:00
pay_8999672,sub_127639,cust_916779,79,USD,2024-01-01,ach,succeeded,2024-01-01 00:00:00
pay_1309179,sub_127639,cust_916779,79,USD,2024-02-01,credit_card,succeeded,2024-02-01 00:00:00
pay_9306887,sub_127639,cust_916779,79,USD,2024-03-01,wire,succeeded,2024-03-01 00:00:00
pay_3699257,sub_127639,cust_916779,79,USD,2024-04-01,ach,succeeded,2024-04-01 00:00:00
pay_5750826,sub_127639,cust_916779,79,USD,2024-05-01,wire,succeeded,2024-05-01 00:00:00
pay_3578640,sub_127639,cust_916779,79,USD,2024-06-01,credit_card,succeeded,2024-06-01 00:00:00
pay_3408827,sub_127639,cust_916779,79,USD,2024-07-01,credit_card,succeeded,2024-07-01 00:00:00
pay_3323572,sub_127639,cust_916779,79,USD,2024-08-01,credit_card,succeeded,2024-08-01 00:00:00
pay_5866606,sub_127639,cust_916779,79,USD,2024-09-01,credit_card,succeeded,2024-09-01 00:00:00
pay_1969781,sub_127639,cust_916779,79,USD,2024-10-01,credit_card,succeeded,2024-10-01 00:00:00
pay_1525977,sub_127639,cust_916779,79,USD,2024-11-01,wire,succeeded,2024-11-01 00:00:00
pay_1611999,sub_127639,cust_916779,79,USD,2024-12-01,wire,succeeded,2024-12-01 00:00:00
pay_4502761,sub_942453,cust_276795,290,USD,2024-08-13,wire,succeeded,2024-08-13 00:00:00
pay_7735407,sub_942453,cust_276795,29,USD,2024-09-01,ach,succeeded,2024-09-01 00:00:00
pay_9556412,sub_942453,cust_276795,29,USD,2024-10-01,ach,succeeded,2024-10-01 00:00:00
pay_7333508,sub_942453,cust_276795,29,USD,2024-11-01,credit_card,succeeded,2024-11-01 00:00:00
pay_1221284,sub_942453,cust_276795,29,USD,2024-12-01,credit_card,succeeded,2024-12-01 00:00:00
pay_5732826,sub_180782,cust_600590,29,USD,2024-08-01,credit_card,succeeded,2024-08-01 00:00:00
pay_1997220,sub_180782,cust_600590,29,USD,2024-09-01,credit_card,succeeded,2024-09-01 00:00:00
pay_2333249,sub_180782,cust_600590,29,USD,2024-10-01,credit_card,failed,2024-10-01 00:00:00
pay_3640540,sub_180782,cust_600590,29,USD,2024-11-01,wire,succeeded,2024-11-01 00:00:00
pay_4792077,sub_180782,cust_600590,29,USD,2024-12-01,credit_card,succeeded,2024-12-01 00:00:00
pay_5663725,sub_599779,cust_147939,790,USD,2023-11-02,credit_card,succeeded,2023-11-02 00:00:00
pay_7925241,sub_599779,cust_147939,79,USD,2023-12-01,credit_card,succeeded,2023-12-01 00:00:00
pay_7934229,sub_599779,cust_147939,79,USD,2024-01-01,ach,succeeded,2024-01-01 00:00:00
pay_9330403,sub_599779,cust_147939,79,USD,2024-02-01,credit_card,succeeded,2024-02-01 00:00:00
pay_9755508,sub_599779,cust_147939,79,USD,2024-03-01,wire,succeeded,2024-03-01 00:00:00
pay_3630034,sub_599779,cust_147939,79,USD,2024-04-01,credit_card,succeeded,2024-04-01 00:00:00
pay_8589033,sub_599779,cust_147939,79,USD,2024-05-01,credit_card,succeeded,2024-05-01 00:00:00
pay_1934269,sub_599779,cust_147939,79,USD,2024-06-01,credit_card,succeeded,2024-06-01 00:00:00
pay_5191144,sub_599779,cust_147939,79,USD,2024-07-01,credit_card,succeeded,2024-07-01 00:00:00
pay_5814557,sub_599779,cust_147939,79,USD,2024-08-01,credit_card,succeeded,2024-08-01 00:00:00
pay_8853377,sub_599779,cust_147939,79,USD,2024-09-01,ach,succeeded,2024-09-01 00:00:00
pay_2712694,sub_599779,cust_147939,79,USD,2024-10-01,credit_card,succeeded,2024-10-01 00:00:00
pay_7190164,sub_599779,cust_147939,790,USD,2024-11-01,wire,succeeded,2024-11-01 00:00:00
pay_1729471,sub_599779,cust_147939,79,USD,2024-12-01,credit_card,succeeded,2024-12-01 00:00:00
pay_9666820,sub_446589,cust_476701,79,USD,2023-07-12,credit_card,succeeded,2023-07-12 00:00:00
pay_9503380,sub_446589,cust_476701,79,USD,2023-08-01,credit_card,succeeded,2023-08-01 00:00:00
pay_7925932,sub_446589,cust_476701,79,USD,2023-09-01,ach,succeeded,2023-09-01 00:00:00
pay_2925327,sub_446589,cust_476701,29,USD,2023-10-01,credit_card,succeeded,2023-10-01 00:00:00
pay_3132211,sub_446589,cust_476701,29,USD,2023-11-01,ach,succeeded,2023-11-01 00:00:00
pay_5931039,sub_446589,cust_476701,29,USD,2023-12-01,credit_card,succeeded,2023-12-01 00:00:00
pay_1564477,sub_446589,cust_476701,29,USD,2024-01-01,wire,succeeded,2024-01-01 00:00:00
pay_4249762,sub_446589,cust_476701,29,USD,2024-02-01,ach,succeeded,2024-02-01 00:00:00
pay_3357787,sub_446589,cust_476701,29,USD,2024-03-01,ach,succeeded,2024-03-01 00:00:00
pay_6418354,sub_446589,cust_476701,29,USD,2024-04-01,wire,succeeded,2024-04-01 00:00:00
pay_5728628,sub_446589,cust_476701,29,USD,2024-05-01,credit_card,succeeded,2024-05-01 00:00:00
pay_1248523,sub_446589,cust_476701,29,USD,2024-06-01,credit_card,succeeded,2024-06-01 00:00:00
pay_5354050,sub_446589,cust_476701,29,USD,2024-07-01,wire,succeeded,2024-07-01 00:00:00
pay_7591537,sub_446589,cust_476701,29,USD,2024-08-01,credit_card,succeeded,2024-08-01 00:00:00
pay_5098948,sub_446589,cust_476701,29,USD,2024-09-01,ach,succeeded,2024-09-01 00:00:00
pay_2288648,sub_446589,cust_476701,29,USD,2024-10-01,credit_card,succeeded,2024-10-01 00:00:00
pay_4797753,sub_446589,cust_476701,29,USD,2024-11-01,credit_card,succeeded,2024-11-01 00:00:00
pay_2843426,sub_446589,cust_476701,29,USD,2024-12-01,wire,succeeded,2024-12-01 00:00:00
pay_3558518,sub_193434,cust_122977,29,USD,2024-08-26,ach,succeeded,2024-08-26 00:00:00
pay_3043189,sub_193434,cust_122977,29,USD,2024-09-01,credit_card,succeeded,2024-09-01 00:00:00
pay_5169748,sub_193434,cust_122977,29,USD,2024-10-01,wire,succeeded,2024-10-01 00:00:00
pay_7429612,sub_193434,cust_122977,29,USD,2024-11-01,credit_card,succeeded,2024-11-01 00:00:00
pay_8620212,sub_193434,cust_122977,29,USD,2024-12-01,credit_card,failed,2024-12-01 00:00:00
pay_3082730,sub_830244,cust_150947,29,USD,2024-08-31,credit_card,succeeded,2024-08-31 00:00:00
pay_3100416,sub_830244,cust_150947,29,USD,2024-09-01,credit_card,succeeded,2024-09-01 00:00:00
pay_7347912,sub_830244,cust_150947,29,USD,2024-10-01,wire,succeeded,2024-10-01 00:00:00
pay_6096478,sub_830244,cust_150947,79,USD,2024-11-01,ach,succeeded,2024-11-01 00:00:00
pay_4547011,sub_830244,cust_150947,79,USD,2024-12-01,credit_card,succeeded,2024-12-01 00:00:00
pay_1759445,sub_623954,cust_365015,29,USD,2024-04-30,credit_card,succeeded,2024-04-30 00:00:00
pay_5712781,sub_623954,cust_365015,29,USD,2024-05-01,credit_card,succeeded,2024-05-01 00:00:00
pay_2170387,sub_623954,cust_365015,29,USD,2024-06-01,wire,succeeded,2024-06-01 00:00:00
pay_2737594,sub_623954,cust_365015,29,USD,2024-07-01,credit_card,succeeded,2024-07-01 00:00:00
pay_6734553,sub_623954,cust_365015,29,USD,2024-08-01,credit_card,failed,2024-08-01 00:00:00
pay_4883185,sub_623954,cust_365015,29,USD,2024-09-01,credit_card,succeeded,2024-09-01 00:00:00
pay_2943542,sub_623954,cust_365015,29,USD,2024-10-01,ach,succeeded,2024-10-01 00:00:00
pay_1037353,sub_623954,cust_365015,29,USD,2024-11-01,credit_card,succeeded,2024-11-01 00:00:00
pay_1646801,sub_623954,cust_365015,29,USD,2024-12-01,wire,succeeded,2024-12-01 00:00:00
pay_1022876,sub_684191,cust_753050,29,USD,2024-09-12,wire,succeeded,2024-09-12 00:00:00
pay_1801386,sub_684191,cust_753050,29,USD,2024-10-01,ach,succeeded,2024-10-01 00:00:00
pay_5964582,sub_938900,cust_621917,290,USD,2023-07-23,wire,succeeded,2023-07-23 00:00:00
pay_4568180,sub_938900,cust_621917,29,USD,2023-08-01,credit_card,succeeded,2023-08-01 00:00:00
pay_2754334,sub_938900,cust_621917,29,USD,2023-09-01,credit_card,failed,2023-09-01 00:00:00
pay_6933890,sub_938900,cust_621917,29,USD,2023-10-01,ach,succeeded,2023-10-01 00:00:00
pay_8949066,sub_938900,cust_621917,29,USD,2023-11-01,credit_card,succeeded,2023-11-01 00:00:00
pay_3557958,sub_938900,cust_621917,29,USD,2023-12-01,ach,succeeded,2023-12-01 00:00:00
pay_8925498,sub_938900,cust_621917,29,USD,2024-01-01,wire,succeeded,2024-01-01 00:00:00
pay_1916919,sub_938900,cust_621917,29,USD,2024-04-01,ach,succeeded,2024-04-01 00:00:00
pay_1458376,sub_938900,cust_621917,29,USD,2024-05-01,credit_card,succeeded,2024-05-01 00:00:00
pay_8545277,sub_938900,cust_621917,29,USD,2024-06-01,credit_card,succeeded,2024-06-01 00:00:00
pay_9812447,sub_938900,cust_621917,290,USD,2024-07-01,ach,succeeded,2024-07-01 00:00:00
pay_4853231,sub_938900,cust_621917,29,USD,2024-08-01,credit_card,failed,2024-08-01 00:00:00
pay_4837945,sub_938900,cust_621917,29,USD,2024-09-01,ach,succeeded,2024-09-01 00:00:00
pay_5847450,sub_938900,cust_621917,29,USD,2024-10-01,credit_card,succeeded,2024-10-01 00:00:00
pay_7786727,sub_938900,cust_621917,29,USD,2024-11-01,credit_card,succeeded,2024-11-01 00:00:00
pay_7464401,sub_938900,cust_621917,29,USD,2024-12-01,credit_card,succeeded,2024-12-01 00:00:00
pay_8157618,sub_932199,cust_674765,290,USD,2024-05-23,ach,succeeded,2024-05-23 00:00:00
pay_2096686,sub_932199,cust_674765,29,USD,2024-06-01,wire,succeeded,2024-06-01 00:00:00
pay_9202555,sub_932199,cust_674765,29,USD,2024-07-01,ach,succeeded,2024-07-01 00:00:00
pay_1607430,sub_932199,cust_674765,79,USD,2024-08-01,credit_card,succeeded,2024-08-01 00:00:00
pay_9955936,sub_932199,cust_674765,79,USD,2024-09-01,wire,failed,2024-09-01 00:00:00
pay_6574855,sub_932199,cust_674765,79,USD,2024-10-01,credit_card,succeeded,2024-10-01 00:00:00
pay_2587478,sub_932199,cust_674765,79,USD,2024-11-01,credit_card,succeeded,2024-11-01 00:00:00
pay_7646542,sub_932199,cust_674765,79,USD,2024-12-01,credit_card,succeeded,2024-12-01 00:00:00
pay_5842247,sub_742978,cust_801520,790,USD,2024-05-20,credit_card,succeeded,2024-05-20 00:00:00
pay_8395603,sub_742978,cust_801520,79,USD,2024-06-01,credit_card,succeeded,2024-06-01 00:00:00
pay_7710982,sub_742978,cust_801520,79,USD,2024-07-01,ach,succeeded,2024-07-01 00:00:00
pay_7351367,sub_742978,cust_801520,79,USD,2024-08-01,wire,succeeded,2024-08-01 00:00:00
pay_5557092,sub_742978,cust_801520,79,USD,2024-09-01,wire,succeeded,2024-09-01 00:00:00
pay_2163271,sub_742978,cust_801520,79,USD,2024-10-01,ach,succeeded,2024-10-01 00:00:00
pay_5134851,sub_742978,cust_801520,79,USD,2024-11-01,ach,failed,2024-11-01 00:00:00
pay_1425355,sub_742978,cust_801520,79,USD,2024-12-01,credit_card,succeeded,2024-12-01 00:00:00
pay_8650324,sub_407189,cust_874415,790,USD,2023-04-29,ach,succeeded,2023-04-29 00:00:00
pay_2204872,sub_407189,cust_874415,79,USD,2023-05-01,ach,failed,2023-05-01 00:00:00
pay_4723259,sub_407189,cust_874415,79,USD,2023-06-01,ach,succeeded,2023-06-01 00:00:00
pay_6199969,sub_407189,cust_874415,79,USD,2023-07-01,wire,succeeded,2023-07-01 00:00:00
pay_4388811,sub_407189,cust_874415,79,USD,2023-08-01,credit_card,succeeded,2023-08-01 00:00:00
pay_2732472,sub_407189,cust_874415,79,USD,2023-09-01,credit_card,succeeded,2023-09-01 00:00:00
pay_2239574,sub_407189,cust_874415,79,USD,2023-10-01,ach,succeeded,2023-10-01 00:00:00
pay_8098844,sub_407189,cust_874415,79,USD,2023-11-01,credit_card,succeeded,2023-11-01 00:00:00
pay_5664602,sub_407189,cust_874415,199,USD,2023-12-01,wire,succeeded,2023-12-01 00:00:00
pay_2557354,sub_407189,cust_874415,199,USD,2024-01-01,credit_card,failed,2024-01-01 00:00:00
pay_2445038,sub_407189,cust_874415,199,USD,2024-02-01,credit_card,succeeded,2024-02-01 00:00:00
pay_8094649,sub_407189,cust_874415,199,USD,2024-03-01,ach,succeeded,2024-03-01 00:00:00
pay_4898389,sub_407189,cust_874415,1990,USD,2024-04-01,credit_card,succeeded,2024-04-01 00:00:00
pay_9707087,sub_407189,cust_874415,199,USD,2024-05-01,credit_card,succeeded,2024-05-01 00:00:00
pay_7830962,sub_407189,cust_874415,199,USD,2024-06-01,credit_card,succeeded,2024-06-01 00:00:00
pay_3713858,sub_407189,cust_874415,199,USD,2024-07-01,credit_card,succeeded,2024-07-01 00:00:00
pay_2827004,sub_407189,cust_874415,199,USD,2024-08-01,ach,succeeded,2024-08-01 00:00:00
pay_1444826,sub_407189,cust_874415,199,USD,2024-09-01,credit_card,succeeded,2024-09-01 00:00:00
pay_7043037,sub_407189,cust_874415,199,USD,2024-10-01,credit_card,succeeded,2024-10-01 00:00:00
pay_1929478,sub_407189,cust_874415,199,USD,2024-11-01,credit_card,succeeded,2024-11-01 00:00:00
pay_4021783,sub_407189,cust_874415,199,USD,2024-12-01,ach,succeeded,2024-12-01 00:00:00
pay_6838196,sub_297382,cust_558976,199,USD,2024-09-28,credit_card,succeeded,2024-09-28 00:00:00
pay_2873480,sub_297382,cust_558976,199,USD,2024-10-01,wire,succeeded,2024-10-01 00:00:00
pay_8656484,sub_297382,cust_558976,199,USD,2024-11-01,credit_card,succeeded,2024-11-01 00:00:00
pay_8624069,sub_297382,cust_558976,199,USD,2024-12-01,credit_card,succeeded,2024-12-01 00:00:00
pay_6090854,sub_633458,cust_976303,199,USD,2024-01-30,ach,succeeded,2024-01-30 00:00:00
pay_3596615,sub_633458,cust_976303,199,USD,2024-02-01,credit_card,succeeded,2024-02-01 00:00:00
pay_3554104,sub_633458,cust_976303,199,USD,2024-03-01,credit_card,succeeded,2024-03-01 00:00:00
pay_6855180,sub_633458,cust_976303,79,USD,2024-04-01,wire,succeeded,2024-04-01 00:00:00
pay_6529258,sub_633458,cust_976303,79,USD,2024-05-01,credit_card,succeeded,2024-05-01 00:00:00
pay_3574192,sub_633458,cust_976303,79,USD,2024-06-01,ach,succeeded,2024-06-01 00:00:00
pay_7509900,sub_633458,cust_976303,79,USD,2024-07-01,wire,succeeded,2024-07-01 00:00:00
pay_2551704,sub_633458,cust_976303,79,USD,2024-08-01,credit_card,succeeded,2024-08-01 00:00:00
pay_5050456,sub_633458,cust_976303,79,USD,2024-09-01,credit_card,succeeded,2024-09-01 00:00:00
pay_3086548,sub_633458,cust_976303,79,USD,2024-10-01,ach,succeeded,2024-10-01 00:00:00
pay_7551786,sub_633458,cust_976303,199,USD,2024-11-01,ach,succeeded,2024-11-01 00:00:00
pay_8221267,sub_633458,cust_976303,199,USD,2024-12-01,credit_card,succeeded,2024-12-01 00:00:00
pay_2698997,sub_404550,cust_985364,29,USD,2023-06-13,ach,succeeded,2023-06-13 00:00:00
pay_6359146,sub_404550,cust_985364,29,USD,2023-07-01,ach,succeeded,2023-07-01 00:00:00
pay_2987132,sub_404550,cust_985364,29,USD,2023-08-01,credit_card,succeeded,2023-08-01 00:00:00
pay_6687496,sub_404550,cust_985364,29,USD,2023-09-01,credit_card,succeeded,2023-09-01 00:00:00
pay_4153748,sub_404550,cust_985364,29,USD,2023-10-01,credit_card,succeeded,2023-10-01 00:00:00
pay_7595877,sub_404550,cust_985364,29,USD,2023-11-01,credit_card,succeeded,2023-11-01 00:00:00
pay_9977736,sub_404550,cust_985364,29,USD,2023-12-01,wire,succeeded,2023-12-01 00:00:00
pay_2704973,sub_404550,cust_985364,29,USD,2024-01-01,credit_card,succeeded,2024-01-01 00:00:00
pay_6497182,sub_404550,cust_985364,29,USD,2024-02-01,credit_card,succeeded,2024-02-01 00:00:00
pay_4871787,sub_404550,cust_985364,29,USD,2024-03-01,wire,succeeded,2024-03-01 00:00:00
pay_5203320,sub_751966,cust_741055,199,USD,2023-01-30,credit_card,succeeded,2023-01-30 00:00:00
pay_2661888,sub_751966,cust_741055,199,USD,2023-02-01,wire,succeeded,2023-02-01 00:00:00
pay_7669492,sub_751966,cust_741055,199,USD,2023-03-01,wire,succeeded,2023-03-01 00:00:00
pay_7075296,sub_751966,cust_741055,199,USD,2023-04-01,credit_card,succeeded,2023-04-01 00:00:00
pay_1918727,sub_751966,cust_741055,199,USD,2023-05-01,credit_card,succeeded,2023-05-01 00:00:00
pay_3913104,sub_751966,cust_741055,199,USD,2023-06-01,ach,failed,2023-06-01 00:00:00
pay_1118916,sub_751966,cust_741055,199,USD,2023-07-01,credit_card,succeeded,2023-07-01 00:00:00
pay_2863712,sub_751966,cust_741055,199,USD,2023-08-01,credit_card,succeeded,2023-08-01 00:00:00
pay_6481165,sub_751966,cust_741055,199,USD,2023-09-01,ach,succeeded,2023-09-01 00:00:00
pay_2181337,sub_751966,cust_741055,199,USD,2023-10-01,wire,succeeded,2023-10-01 00:00:00
pay_5327230,sub_751966,cust_741055,199,USD,2023-11-01,credit_card,succeeded,2023-11-01 00:00:00
pay_9628019,sub_751966,cust_741055,199,USD,2023-12-01,credit_card,succeeded,2023-12-01 00:00:00
pay_2471697,sub_751966,cust_741055,199,USD,2024-01-01,credit_card,succeeded,2024-01-01 00:00:00
pay_9589830,sub_751966,cust_741055,199,USD,2024-02-01,credit_card,failed,2024-02-01 00:00:00
pay_4241648,sub_751966,cust_741055,199,USD,2024-03-01,wire,succeeded,2024-03-01 00:00:00
pay_7299307,sub_751966,cust_741055,199,USD,2024-04-01,wire,succeeded,2024-04-01 00:00:00
pay_7792742,sub_751966,cust_741055,199,USD,2024-05-01,ach,succeeded,2024-05-01 00:00:00
pay_4658293,sub_751966,cust_741055,79,USD,2024-06-01,credit_card,succeeded,2024-06-01 00:00:00
pay_5402331,sub_751966,cust_741055,79,USD,2024-07-01,wire,succeeded,2024-07-01 00:00:00
pay_8821602,sub_751966,cust_741055,79,USD,2024-08-01,credit_card,succeeded,2024-08-01 00:00:00
pay_7923821,sub_751966,cust_741055,199,USD,2024-09-01,credit_card,succeeded,2024-09-01 00:00:00
pay_8029501,sub_751966,cust_741055,199,USD,2024-10-01,credit_card,succeeded,2024-10-01 00:00:00
pay_3121398,sub_751966,cust_741055,199,USD,2024-11-01,credit_card,succeeded,2024-11-01 00:00:00
pay_9897063,sub_751966,cust_741055,199,USD,2024-12-01,wire,succeeded,2024-12-01 00:00:00
pay_3343930,sub_876043,cust_166412,79,USD,2023-09-25,credit_card,succeeded,2023-09-25 00:00:00
pay_2369209,sub_876043,cust_166412,79,USD,2023-10-01,wire,succeeded,2023-10-01 00:00:00
pay_7671212,sub_876043,cust_166412,79,USD,2023-11-01,credit_card,succeeded,2023-11-01 00:00:00
pay_7449270,sub_876043,cust_166412,79,USD,2023-12-01,credit_card,succeeded,2023-12-01 00:00:00
pay_4747095,sub_876043,cust_166412,79,USD,2024-01-01,credit_card,succeeded,2024-01-01 00:00:00
pay_7936707,sub_876043,cust_166412,79,USD,2024-02-01,credit_card,succeeded,2024-02-01 00:00:00
pay_8320938,sub_876043,cust_166412,79,USD,2024-03-01,wire,succeeded,2024-03-01 00:00:00
pay_9501735,sub_876043,cust_166412,199,USD,2024-04-01,credit_card,succeeded,2024-04-01 00:00:00
pay_2109269,sub_876043,cust_166412,199,USD,2024-05-01,ach,succeeded,2024-05-01 00:00:00
pay_8290462,sub_876043,cust_166412,199,USD,2024-06-01,credit_card,succeeded,2024-06-01 00:00:00
pay_5090590,sub_876043,cust_166412,199,USD,2024-07-01,credit_card,failed,2024-07-01 00:00:00
pay_2136149,sub_876043,cust_166412,199,USD,2024-08-01,wire,succeeded,2024-08-01 00:00:00
pay_4014611,sub_876043,cust_166412,199,USD,2024-09-01,credit_card,succeeded,2024-09-01 00:00:00
pay_9953334,sub_876043,cust_166412,199,USD,2024-10-01,credit_card,succeeded,2024-10-01 00:00:00
pay_7749788,sub_876043,cust_166412,199,USD,2024-11-01,ach,succeeded,2024-11-01 00:00:00
pay_3932739,sub_876043,cust_166412,199,USD,2024-12-01,ach,succeeded,2024-12-01 00:00:00
pay_5033238,sub_293439,cust_802382,79,USD,2023-12-13,ach,succeeded,2023-12-13 00:00:00
pay_6383442,sub_293439,cust_802382,79,USD,2024-01-01,credit_card,succeeded,2024-01-01 00:00:00
pay_6251626,sub_293439,cust_802382,79,USD,2024-02-01,credit_card,succeeded,2024-02-01 00:00:00
pay_7953724,sub_293439,cust_802382,79,USD,2024-03-01,credit_card,succeeded,2024-03-01 00:00:00
pay_9728114,sub_293439,cust_802382,79,USD,2024-04-01,credit_card,succeeded,2024-04-01 00:00:00
pay_5165993,sub_293439,cust_802382,79,USD,2024-05-01,ach,succeeded,2024-05-01 00:00:00
pay_8298194,sub_293439,cust_802382,79,USD,2024-06-01,wire,succeeded,2024-06-01 00:00:00
pay_2948619,sub_293439,cust_802382,79,USD,2024-07-01,credit_card,succeeded,2024-07-01 00:00:00
pay_4733985,sub_293439,cust_802382,79,USD,2024-08-01,credit_card,succeeded,2024-08-01 00:00:00
pay_5320199,sub_293439,cust_802382,79,USD,2024-09-01,credit_card,succeeded,2024-09-01 00:00:00
pay_9719744,sub_293439,cust_802382,79,USD,2024-10-01,credit_card,succeeded,2024-10-01 00:00:00
pay_9383275,sub_293439,cust_802382,79,USD,2024-11-01,ach,succeeded,2024-11-01 00:00:00
pay_6602645,sub_293439,cust_802382,79,USD,2024-12-01,credit_card,succeeded,2024-12-01 00:00:00
pay_1935938,sub_145883,cust_772561,79,USD,2024-01-30,ach,succeeded,2024-01-30 00:00:00
pay_3800108,sub_145883,cust_772561,79,USD,2024-02-01,ach,succeeded,2024-02-01 00:00:00
pay_1874604,sub_145883,cust_772561,79,USD,2024-03-01,credit_card,succeeded,2024-03-01 00:00:00
pay_2643646,sub_145883,cust_772561,79,USD,2024-04-01,credit_card,succeeded,2024-04-01 00:00:00
pay_5470232,sub_145883,cust_772561,79,USD,2024-05-01,ach,failed,2024-05-01 00:00:00
pay_8851100,sub_145883,cust_772561,79,USD,2024-06-01,credit_card,succeeded,2024-06-01 00:00:00
pay_3996034,sub_145883,cust_772561,79,USD,2024-07-01,ach,succeeded,2024-07-01 00:00:00
pay_1377274,sub_145883,cust_772561,79,USD,2024-08-01,credit_card,succeeded,2024-08-01 00:00:00
pay_6435832,sub_145883,cust_772561,79,USD,2024-09-01,wire,succeeded,2024-09-01 00:00:00
pay_9978954,sub_145883,cust_772561,79,USD,2024-10-01,credit_card,succeeded,2024-10-01 00:00:00
pay_6359899,sub_145883,cust_772561,79,USD,2024-11-01,credit_card,succeeded,2024-11-01 00:00:00
pay_9215901,sub_145883,cust_772561,79,USD,2024-12-01,ach,succeeded,2024-12-01 00:00:00
pay_8639889,sub_660226,cust_522866,29,USD,2023-08-29,wire,succeeded,2023-08-29 00:00:00
pay_7023070,sub_660226,cust_522866,29,USD,2023-09-01,ach,succeeded,2023-09-01 00:00:00
pay_6299035,sub_660226,cust_522866,29,USD,2023-10-01,credit_card,succeeded,2023-10-01 00:00:00
pay_3450291,sub_660226,cust_522866,29,USD,2023-11-01,credit_card,succeeded,2023-11-01 00:00:00
pay_5520324,sub_660226,cust_522866,29,USD,2023-12-01,credit_card,succeeded,2023-12-01 00:00:00
pay_9044411,sub_660226,cust_522866,29,USD,2024-01-01,credit_card,succeeded,2024-01-01 00:00:00
pay_8651242,sub_660226,cust_522866,29,USD,2024-02-01,credit_card,succeeded,2024-02-01 00:00:00
pay_9853438,sub_691018,cust_633030,29,USD,2024-07-29,ach,succeeded,2024-07-29 00:00:00
pay_6958367,sub_691018,cust_633030,29,USD,2024-08-01,ach,succeeded,2024-08-01 00:00:00
pay_8768126,sub_691018,cust_633030,29,USD,2024-09-01,ach,succeeded,2024-09-01 00:00:00
pay_3689600,sub_691018,cust_633030,29,USD,2024-10-01,credit_card,succeeded,2024-10-01 00:00:00
pay_5893303,sub_691018,cust_633030,29,USD,2024-11-01,credit_card,succeeded,2024-11-01 00:00:00
pay_1513872,sub_691018,cust_633030,29,USD,2024-12-01,credit_card,succeeded,2024-12-01 00:00:00
pay_7064858,sub_396189,cust_904694,79,USD,2024-09-26,ach,succeeded,2024-09-26 00:00:00
pay_1538101,sub_396189,cust_904694,79,USD,2024-10-01,wire,succeeded,2024-10-01 00:00:00
pay_3787170,sub_396189,cust_904694,79,USD,2024-11-01,credit_card,succeeded,2024-11-01 00:00:00
pay_3337324,sub_396189,cust_904694,79,USD,2024-12-01,wire,succeeded,2024-12-01 00:00:00
pay_3873661,sub_816052,cust_970196,79,USD,2024-10-10,credit_card,succeeded,2024-10-10 00:00:00
pay_8913866,sub_816052,cust_970196,79,USD,2024-11-01,wire,succeeded,2024-11-01 00:00:00
pay_2396276,sub_816052,cust_970196,79,USD,2024-12-01,credit_card,succeeded,2024-12-01 00:00:00
pay_4850836,sub_369705,cust_851606,290,USD,2023-12-13,ach,succeeded,2023-12-13 00:00:00
pay_5875593,sub_369705,cust_851606,29,USD,2024-01-01,wire,succeeded,2024-01-01 00:00:00
pay_4085195,sub_369705,cust_851606,29,USD,2024-02-01,credit_card,succeeded,2024-02-01 00:00:00
pay_1110452,sub_369705,cust_851606,29,USD,2024-03-01,credit_card,succeeded,2024-03-01 00:00:00
pay_1377584,sub_369705,cust_851606,79,USD,2024-04-01,wire,succeeded,2024-04-01 00:00:00
pay_8884625,sub_369705,cust_851606,79,USD,2024-05-01,credit_card,succeeded,2024-05-01 00:00:00
pay_2163579,sub_369705,cust_851606,79,USD,2024-06-01,ach,succeeded,2024-06-01 00:00:00
pay_3687135,sub_369705,cust_851606,79,USD,2024-07-01,ach,succeeded,2024-07-01 00:00:00
pay_8212222,sub_369705,cust_851606,79,USD,2024-08-01,credit_card,succeeded,2024-08-01 00:00:00
pay_6473518,sub_369705,cust_851606,79,USD,2024-09-01,credit_card,succeeded,2024-09-01 00:00:00
pay_6490139,sub_369705,cust_851606,79,USD,2024-10-01,credit_card,succeeded,2024-10-01 00:00:00
pay_1326890,sub_369705,cust_851606,79,USD,2024-11-01,credit_card,succeeded,2024-11-01 00:00:00
pay_2354996,sub_369705,cust_851606,790,USD,2024-12-01,credit_card,succeeded,2024-12-01 00:00:00
pay_6093136,sub_541597,cust_790441,290,USD,2024-08-26,wire,succeeded,2024-08-26 00:00:00
pay_3162548,sub_541597,cust_790441,29,USD,2024-09-01,credit_card,succeeded,2024-09-01 00:00:00
pay_3901086,sub_541597,cust_790441,29,USD,2024-10-01,credit_card,succeeded,2024-10-01 00:00:00
pay_1215837,sub_541597,cust_790441,29,USD,2024-11-01,credit_card,succeeded,2024-11-01 00:00:00
pay_8579892,sub_541597,cust_790441,29,USD,2024-12-01,credit_card,succeeded,2024-12-01 00:00:00
pay_6406269,sub_586032,cust_633025,79,USD,2023-07-01,credit_card,succeeded,2023-07-01 00:00:00
pay_9874259,sub_586032,cust_633025,79,USD,2023-08-01,credit_card,succeeded,2023-08-01 00:00:00
pay_4194393,sub_586032,cust_633025,79,USD,2023-09-01,credit_card,failed,2023-09-01 00:00:00
pay_5607997,sub_586032,cust_633025,29,USD,2023-10-01,credit_card,succeeded,2023-10-01 00:00:00
pay_6551480,sub_586032,cust_633025,29,USD,2023-11-01,credit_card,succeeded,2023-11-01 00:00:00
pay_8293710,sub_586032,cust_633025,29,USD,2023-12-01,wire,succeeded,2023-12-01 00:00:00
pay_1505595,sub_586032,cust_633025,29,USD,2024-01-01,wire,succeeded,2024-01-01 00:00:00
pay_7971652,sub_586032,cust_633025,29,USD,2024-02-01,ach,succeeded,2024-02-01 00:00:00
pay_8080435,sub_586032,cust_633025,29,USD,2024-03-01,ach,succeeded,2024-03-01 00:00:00
pay_8906186,sub_586032,cust_633025,29,USD,2024-04-01,credit_card,succeeded,2024-04-01 00:00:00
pay_4461832,sub_586032,cust_633025,29,USD,2024-05-01,credit_card,failed,2024-05-01 00:00:00
pay_5671585,sub_586032,cust_633025,29,USD,2024-06-01,credit_card,succeeded,2024-06-01 00:00:00
pay_1316416,sub_586032,cust_633025,29,USD,2024-07-01,ach,succeeded,2024-07-01 00:00:00
pay_7559282,sub_586032,cust_633025,29,USD,2024-08-01,credit_card,succeeded,2024-08-01 00:00:00
pay_1071876,sub_586032,cust_633025,29,USD,2024-09-01,credit_card,succeeded,2024-09-01 00:00:00
pay_5821676,sub_586032,cust_633025,29,USD,2024-10-01,credit_card,succeeded,2024-10-01 00:00:00
pay_6558087,sub_586032,cust_633025,29,USD,2024-11-01,wire,succeeded,2024-11-01 00:00:00
pay_6523023,sub_586032,cust_633025,29,USD,2024-12-01,credit_card,failed,2024-12-01 00:00:00
pay_6021818,sub_153357,cust_503348,199,USD,2024-03-04,credit_card,succeeded,2024-03-04 00:00:00
pay_7926878,sub_153357,cust_503348,199,USD,2024-04-01,credit_card,succeeded,2024-04-01 00:00:00
pay_3174225,sub_153357,cust_503348,199,USD,2024-05-01,credit_card,succeeded,2024-05-01 00:00:00
pay_7017396,sub_153357,cust_503348,199,USD,2024-06-01,credit_card,succeeded,2024-06-01 00:00:00
pay_1304647,sub_153357,cust_503348,199,USD,2024-07-01,wire,succeeded,2024-07-01 00:00:00
pay_7844188,sub_153357,cust_503348,199,USD,2024-08-01,wire,succeeded,2024-08-01 00:00:00
pay_7974327,sub_153357,cust_503348,199,USD,2024-09-01,credit_card,succeeded,2024-09-01 00:00:00
pay_4273939,sub_799393,cust_532794,199,USD,2024-09-08,credit_card,succeeded,2024-09-08 00:00:00
pay_3725100,sub_799393,cust_532794,199,USD,2024-10-01,credit_card,succeeded,2024-10-01 00:00:00
pay_5102738,sub_799393,cust_532794,199,USD,2024-11-01,credit_card,succeeded,2024-11-01 00:00:00
pay_1805209,sub_799393,cust_532794,199,USD,2024-12-01,credit_card,succeeded,2024-12-01 00:00:00
pay_4239790,sub_258002,cust_327900,29,USD,2023-07-25,ach,succeeded,2023-07-25 00:00:00
pay_6102969,sub_258002,cust_327900,29,USD,2023-08-01,credit_card,succeeded,2023-08-01 00:00:00
pay_5546848,sub_258002,cust_327900,29,USD,2023-09-01,credit_card,succeeded,2023-09-01 00:00:00
pay_6134876,sub_258002,cust_327900,29,USD,2023-10-01,ach,succeeded,2023-10-01 00:00:00
pay_3925221,sub_258002,cust_327900,29,USD,2023-11-01,credit_card,succeeded,2023-11-01 00:00:00
pay_4329896,sub_258002,cust_327900,29,USD,2023-12-01,wire,succeeded,2023-12-01 00:00:00
pay_2786889,sub_258002,cust_327900,29,USD,2024-01-01,credit_card,succeeded,2024-01-01 00:00:00
pay_6529972,sub_258002,cust_327900,29,USD,2024-02-01,credit_card,succeeded,2024-02-01 00:00:00
pay_6357657,sub_258002,cust_327900,29,USD,2024-03-01,wire,succeeded,2024-03-01 00:00:00
pay_4046355,sub_258002,cust_327900,79,USD,2024-04-01,ach,succeeded,2024-04-01 00:00:00
pay_3972390,sub_258002,cust_327900,79,USD,2024-05-01,ach,succeeded,2024-05-01 00:00:00
pay_2383382,sub_258002,cust_327900,79,USD,2024-06-01,ach,succeeded,2024-06-01 00:00:00
pay_1313415,sub_258002,cust_327900,79,USD,2024-07-01,credit_card,succeeded,2024-07-01 00:00:00
pay_7018732,sub_258002,cust_327900,79,USD,2024-08-01,wire,failed,2024-08-01 00:00:00
pay_9514417,sub_258002,cust_327900,29,USD,2024-09-01,credit_card,succeeded,2024-09-01 00:00:00
pay_8900187,sub_258002,cust_327900,29,USD,2024-10-01,credit_card,succeeded,2024-10-01 00:00:00
pay_8243838,sub_258002,cust_327900,29,USD,2024-11-01,credit_card,succeeded,2024-11-01 00:00:00
pay_6192519,sub_258002,cust_327900,29,USD,2024-12-01,credit_card,succeeded,2024-12-01 00:00:00
pay_4694096,sub_711790,cust_628370,1990,USD,2024-07-09,credit_card,succeeded,2024-07-09 00:00:00
pay_6510925,sub_711790,cust_628370,199,USD,2024-08-01,credit_card,succeeded,2024-08-01 00:00:00
pay_7114714,sub_711790,cust_628370,199,USD,2024-09-01,wire,succeeded,2024-09-01 00:00:00
pay_1758255,sub_711790,cust_628370,199,USD,2024-10-01,credit_card,succeeded,2024-10-01 00:00:00
pay_6916056,sub_711790,cust_628370,199,USD,2024-11-01,wire,succeeded,2024-11-01 00:00:00
pay_6388425,sub_711790,cust_628370,199,USD,2024-12-01,ach,succeeded,2024-12-01 00:00:00
pay_2480812,sub_259401,cust_537757,199,USD,2024-11-21,credit_card,succeeded,2024-11-21 00:00:00
pay_8536542,sub_259401,cust_537757,199,USD,2024-12-01,wire,succeeded,2024-12-01 00:00:00
pay_4749702,sub_823479,cust_922458,290,USD,2023-10-30,credit_card,succeeded,2023-10-30 00:00:00
pay_6559269,sub_823479,cust_922458,29,USD,2023-11-01,ach,succeeded,2023-11-01 00:00:00
pay_3395719,sub_823479,cust_922458,29,USD,2023-12-01,ach,succeeded,2023-12-01 00:00:00
pay_6454918,sub_823479,cust_922458,29,USD,2024-01-01,credit_card,succeeded,2024-01-01 00:00:00
pay_7527253,sub_823479,cust_922458,29,USD,2024-02-01,credit_card,succeeded,2024-02-01 00:00:00
pay_6983510,sub_823479,cust_922458,29,USD,2024-03-01,wire,succeeded,2024-03-01 00:00:00
pay_1653906,sub_823479,cust_922458,29,USD,2024-04-01,credit_card,succeeded,2024-04-01 00:00:00
pay_3816672,sub_823479,cust_922458,29,USD,2024-05-01,credit_card,succeeded,2024-05-01 00:00:00
pay_4441108,sub_823479,cust_922458,29,USD,2024-06-01,credit_card,succeeded,2024-06-01 00:00:00
pay_9752470,sub_823479,cust_922458,29,USD,2024-07-01,wire,succeeded,2024-07-01 00:00:00
pay_2019851,sub_823479,cust_922458,29,USD,2024-08-01,credit_card,succeeded,2024-08-01 00:00:00
pay_4284266,sub_823479,cust_922458,29,USD,2024-09-01,credit_card,succeeded,2024-09-01 00:00:00
pay_2180243,sub_823479,cust_922458,290,USD,2024-10-01,credit_card,succeeded,2024-10-01 00:00:00
pay_9660651,sub_823479,cust_922458,29,USD,2024-11-01,wire,succeeded,2024-11-01 00:00:00
pay_4813147,sub_823479,cust_922458,29,USD,2024-12-01,credit_card,succeeded,2024-12-01 00:00:00
pay_9318849,sub_615655,cust_878476,790,USD,2024-10-24,credit_card,succeeded,2024-10-24 00:00:00
pay_2775488,sub_615655,cust_878476,79,USD,2024-11-01,credit_card,succeeded,2024-11-01 00:00:00
pay_9039044,sub_615655,cust_878476,79,USD,2024-12-01,wire,succeeded,2024-12-01 00:00:00
pay_3124764,sub_189139,cust_506380,790,USD,2024-03-02,ach,succeeded,2024-03-02 00:00:00
pay_6508963,sub_189139,cust_506380,79,USD,2024-04-01,ach,succeeded,2024-04-01 00:00:00
pay_4696468,sub_189139,cust_506380,29,USD,2024-05-01,credit_card,succeeded,2024-05-01 00:00:00
pay_9149532,sub_189139,cust_506380,29,USD,2024-06-01,wire,succeeded,2024-06-01 00:00:00
pay_6918428,sub_189139,cust_506380,29,USD,2024-07-01,credit_card,succeeded,2024-07-01 00:00:00
pay_9591642,sub_189139,cust_506380,29,USD,2024-08-01,ach,succeeded,2024-08-01 00:00:00
pay_2760154,sub_189139,cust_506380,29,USD,2024-09-01,wire,succeeded,2024-09-01 00:00:00
pay_5331921,sub_189139,cust_506380,29,USD,2024-10-01,credit_card,succeeded,2024-10-01 00:00:00
pay_8841865,sub_189139,cust_506380,29,USD,2024-11-01,ach,succeeded,2024-11-01 00:00:00
pay_1858147,sub_189139,cust_506380,29,USD,2024-12-01,wire,succeeded,2024-12-01 00:00:00
pay_1068330,sub_471942,cust_564586,199,USD,2023-08-19,ach,failed,2023-08-19 00:00:00
pay_5774244,sub_471942,cust_564586,199,USD,2023-09-01,wire,succeeded,2023-09-01 00:00:00
pay_5986002,sub_471942,cust_564586,199,USD,2023-10-01,credit_card,succeeded,2023-10-01 00:00:00
pay_5238782,sub_471942,cust_564586,199,USD,2023-11-01,credit_card,succeeded,2023-11-01 00:00:00
pay_1725025,sub_471942,cust_564586,199,USD,2023-12-01,ach,succeeded,2023-12-01 00:00:00
pay_3858105,sub_471942,cust_564586,199,USD,2024-01-01,ach,succeeded,2024-01-01 00:00:00
pay_6760621,sub_471942,cust_564586,199,USD,2024-02-01,credit_card,succeeded,2024-02-01 00:00:00
pay_5994882,sub_471942,cust_564586,199,USD,2024-03-01,ach,succeeded,2024-03-01 00:00:00
pay_2830816,sub_471942,cust_564586,199,USD,2024-04-01,ach,succeeded,2024-04-01 00:00:00
pay_5347237,sub_471942,cust_564586,199,USD,2024-05-01,credit_card,succeeded,2024-05-01 00:00:00
pay_9646852,sub_471942,cust_564586,199,USD,2024-06-01,credit_card,succeeded,2024-06-01 00:00:00
pay_9652424,sub_471942,cust_564586,79,USD,2024-07-01,credit_card,succeeded,2024-07-01 00:00:00
pay_1909160,sub_471942,cust_564586,79,USD,2024-08-01,ach,succeeded,2024-08-01 00:00:00
pay_8200668,sub_471942,cust_564586,79,USD,2024-09-01,credit_card,succeeded,2024-09-01 00:00:00
pay_6271833,sub_471942,cust_564586,79,USD,2024-10-01,ach,succeeded,2024-10-01 00:00:00
pay_4740787,sub_471942,cust_564586,79,USD,2024-11-01,ach,succeeded,2024-11-01 00:00:00
pay_2208687,sub_471942,cust_564586,79,USD,2024-12-01,ach,succeeded,2024-12-01 00:00:00
pay_6191374,sub_886429,cust_302897,290,USD,2023-10-29,credit_card,succeeded,2023-10-29 00:00:00
pay_1653358,sub_886429,cust_302897,29,USD,2023-11-01,ach,succeeded,2023-11-01 00:00:00
pay_4531870,sub_886429,cust_302897,29,USD,2023-12-01,credit_card,succeeded,2023-12-01 00:00:00
pay_2641846,sub_886429,cust_302897,79,USD,2024-01-01,ach,succeeded,2024-01-01 00:00:00
pay_7508376,sub_886429,cust_302897,79,USD,2024-02-01,credit_card,succeeded,2024-02-01 00:00:00
pay_4243122,sub_886429,cust_302897,79,USD,2024-03-01,credit_card,succeeded,2024-03-01 00:00:00
pay_1043856,sub_886429,cust_302897,79,USD,2024-04-01,ach,succeeded,2024-04-01 00:00:00
pay_4655956,sub_886429,cust_302897,79,USD,2024-05-01,ach,succeeded,2024-05-01 00:00:00
pay_3493299,sub_886429,cust_302897,79,USD,2024-06-01,credit_card,succeeded,2024-06-01 00:00:00
pay_9406212,sub_886429,cust_302897,79,USD,2024-07-01,credit_card,succeeded,2024-07-01 00:00:00
pay_4964394,sub_886429,cust_302897,79,USD,2024-08-01,credit_card,succeeded,2024-08-01 00:00:00
pay_6705386,sub_886429,cust_302897,79,USD,2024-09-01,credit_card,succeeded,2024-09-01 00:00:00
pay_6587327,sub_886429,cust_302897,790,USD,2024-10-01,credit_card,succeeded,2024-10-01 00:00:00
pay_4761591,sub_886429,cust_302897,79,USD,2024-11-01,credit_card,succeeded,2024-11-01 00:00:00
pay_3319359,sub_886429,cust_302897,79,USD,2024-12-01,ach,succeeded,2024-12-01 00:00:00
pay_3661235,sub_995092,cust_392670,290,USD,2024-07-23,ach,succeeded,2024-07-23 00:00:00
pay_6553502,sub_995092,cust_392670,29,USD,2024-08-01,credit_card,succeeded,2024-08-01 00:00:00
pay_8557973,sub_995092,cust_392670,29,USD,2024-09-01,credit_card,succeeded,2024-09-01 00:00:00
pay_1899763,sub_995092,cust_392670,29,USD,2024-10-01,credit_card,succeeded,2024-10-01 00:00:00
pay_3146794,sub_995092,cust_392670,29,USD,2024-11-01,credit_card,succeeded,2024-11-01 00:00:00
pay_9175518,sub_995092,cust_392670,29,USD,2024-12-01,credit_card,succeeded,2024-12-01 00:00:00
pay_6532106,sub_679215,cust_438302,29,USD,2024-09-03,credit_card,succeeded,2024-09-03 00:00:00
pay_6988373,sub_679215,cust_438302,29,USD,2024-10-01,credit_card,succeeded,2024-10-01 00:00:00
pay_8574654,sub_679215,cust_438302,79,USD,2024-11-01,credit_card,succeeded,2024-11-01 00:00:00
pay_3496391,sub_679215,cust_438302,79,USD,2024-12-01,credit_card,succeeded,2024-12-01 00:00:00
pay_2904988,sub_633506,cust_842057,790,USD,2023-11-22,ach,succeeded,2023-11-22 00:00:00
pay_4264201,sub_633506,cust_842057,79,USD,2023-12-01,ach,succeeded,2023-12-01 00:00:00
pay_5453829,sub_633506,cust_842057,79,USD,2024-01-01,credit_card,succeeded,2024-01-01 00:00:00
pay_8887091,sub_633506,cust_842057,79,USD,2024-02-01,ach,succeeded,2024-02-01 00:00:00
pay_3686324,sub_633506,cust_842057,79,USD,2024-03-01,credit_card,succeeded,2024-03-01 00:00:00
pay_5182250,sub_633506,cust_842057,79,USD,2024-04-01,wire,succeeded,2024-04-01 00:00:00
pay_3474218,sub_633506,cust_842057,79,USD,2024-05-01,ach,succeeded,2024-05-01 00:00:00
pay_1239396,sub_633506,cust_842057,79,USD,2024-06-01,ach,succeeded,2024-06-01 00:00:00
pay_8341700,sub_633506,cust_842057,79,USD,2024-07-01,ach,succeeded,2024-07-01 00:00:00
pay_3580694,sub_633506,cust_842057,79,USD,2024-08-01,credit_card,succeeded,2024-08-01 00:00:00
pay_4973772,sub_457705,cust_466375,290,USD,2023-08-15,credit_card,succeeded,2023-08-15 00:00:00
pay_5966720,sub_457705,cust_466375,29,USD,2023-09-01,credit_card,succeeded,2023-09-01 00:00:00
pay_6917343,sub_457705,cust_466375,29,USD,2023-10-01,credit_card,succeeded,2023-10-01 00:00:00
pay_5306206,sub_457705,cust_466375,29,USD,2023-11-01,credit_card,succeeded,2023-11-01 00:00:00
pay_6706088,sub_457705,cust_466375,29,USD,2023-12-01,wire,succeeded,2023-12-01 00:00:00
pay_3115090,sub_457705,cust_466375,29,USD,2024-01-01,ach,succeeded,2024-01-01 00:00:00
pay_6583965,sub_457705,cust_466375,29,USD,2024-02-01,ach,succeeded,2024-02-01 00:00:00
pay_9362083,sub_457705,cust_466375,29,USD,2024-03-01,ach,failed,2024-03-01 00:00:00
pay_6228005,sub_457705,cust_466375,29,USD,2024-04-01,credit_card,succeeded,2024-04-01 00:00:00
pay_3296775,sub_457705,cust_466375,29,USD,2024-05-01,ach,succeeded,2024-05-01 00:00:00
pay_4215960,sub_457705,cust_466375,29,USD,2024-06-01,wire,succeeded,2024-06-01 00:00:00
pay_2035429,sub_457705,cust_466375,29,USD,2024-07-01,credit_card,succeeded,2024-07-01 00:00:00
pay_7896441,sub_564012,cust_436526,29,USD,2024-01-26,credit_card,succeeded,2024-01-26 00:00:00
pay_3985391,sub_564012,cust_436526,29,USD,2024-02-01,credit_card,failed,2024-02-01 00:00:00
pay_7325508,sub_564012,cust_436526,29,USD,2024-05-01,credit_card,succeeded,2024-05-01 00:00:00
pay_8115030,sub_564012,cust_436526,29,USD,2024-06-01,wire,succeeded,2024-06-01 00:00:00
pay_4083007,sub_564012,cust_436526,29,USD,2024-07-01,credit_card,failed,2024-07-01 00:00:00
pay_8451141,sub_771712,cust_610451,199,USD,2023-02-14,credit_card,succeeded,2023-02-14 00:00:00
pay_1391979,sub_771712,cust_610451,199,USD,2023-03-01,ach,succeeded,2023-03-01 00:00:00
pay_1622874,sub_771712,cust_610451,199,USD,2023-04-01,ach,succeeded,2023-04-01 00:00:00
pay_8754886,sub_771712,cust_610451,199,USD,2023-05-01,credit_card,succeeded,2023-05-01 00:00:00
pay_2126339,sub_771712,cust_610451,199,USD,2023-06-01,credit_card,succeeded,2023-06-01 00:00:00
pay_3896476,sub_771712,cust_610451,199,USD,2023-07-01,credit_card,succeeded,2023-07-01 00:00:00
pay_4502832,sub_771712,cust_610451,199,USD,2023-08-01,credit_card,succeeded,2023-08-01 00:00:00
pay_1556409,sub_771712,cust_610451,199,USD,2023-09-01,ach,succeeded,2023-09-01 00:00:00
pay_8979634,sub_771712,cust_610451,79,USD,2023-10-01,credit_card,succeeded,2023-10-01 00:00:00
pay_7415482,sub_771712,cust_610451,79,USD,2023-11-01,credit_card,succeeded,2023-11-01 00:00:00
pay_4248696,sub_771712,cust_610451,79,USD,2023-12-01,credit_card,succeeded,2023-12-01 00:00:00
pay_4879075,sub_771712,cust_610451,79,USD,2024-01-01,wire,succeeded,2024-01-01 00:00:00
pay_2217490,sub_771712,cust_610451,79,USD,2024-02-01,wire,succeeded,2024-02-01 00:00:00
pay_7340520,sub_771712,cust_610451,79,USD,2024-03-01,wire,succeeded,2024-03-01 00:00:00
pay_1041011,sub_771712,cust_610451,79,USD,2024-04-01,credit_card,succeeded,2024-04-01 00:00:00
pay_9059505,sub_771712,cust_610451,199,USD,2024-05-01,credit_card,succeeded,2024-05-01 00:00:00
pay_8011249,sub_771712,cust_610451,199,USD,2024-06-01,credit_card,succeeded,2024-06-01 00:00:00
pay_3112643,sub_771712,cust_610451,199,USD,2024-07-01,credit_card,succeeded,2024-07-01 00:00:00
pay_8772901,sub_771712,cust_610451,199,USD,2024-08-01,ach,succeeded,2024-08-01 00:00:00
pay_4050619,sub_771712,cust_610451,199,USD,2024-09-01,ach,succeeded,2024-09-01 00:00:00
pay_6294160,sub_771712,cust_610451,199,USD,2024-10-01,credit_card,succeeded,2024-10-01 00:00:00
pay_6438342,sub_771712,cust_610451,199,USD,2024-11-01,ach,succeeded,2024-11-01 00:00:00
pay_9983324,sub_771712,cust_610451,199,USD,2024-12-01,ach,succeeded,2024-12-01 00:00:00
pay_3437617,sub_488438,cust_659106,29,USD,2023-01-08,credit_card,succeeded,2023-01-08 00:00:00
pay_3528760,sub_488438,cust_659106,29,USD,2023-02-01,credit_card,succeeded,2023-02-01 00:00:00
pay_9699877,sub_488438,cust_659106,29,USD,2023-03-01,credit_card,succeeded,2023-03-01 00:00:00
pay_3808691,sub_488438,cust_659106,29,USD,2023-04-01,ach,succeeded,2023-04-01 00:00:00
pay_1889459,sub_488438,cust_659106,29,USD,2023-05-01,credit_card,succeeded,2023-05-01 00:00:00
pay_8031100,sub_488438,cust_659106,29,USD,2023-06-01,credit_card,succeeded,2023-06-01 00:00:00
pay_6436555,sub_584064,cust_969005,199,USD,2024-03-21,credit_card,succeeded,2024-03-21 00:00:00
pay_5542460,sub_584064,cust_969005,199,USD,2024-04-01,ach,succeeded,2024-04-01 00:00:00
pay_7995360,sub_584064,cust_969005,199,USD,2024-05-01,credit_card,succeeded,2024-05-01 00:00:00
pay_5450482,sub_584064,cust_969005,199,USD,2024-06-01,ach,succeeded,2024-06-01 00:00:00
pay_5312912,sub_584064,cust_969005,199,USD,2024-07-01,credit_card,succeeded,2024-07-01 00:00:00
pay_8734832,sub_584064,cust_969005,199,USD,2024-08-01,credit_card,succeeded,2024-08-01 00:00:00
pay_8814431,sub_584064,cust_969005,199,USD,2024-09-01,credit_card,succeeded,2024-09-01 00:00:00
pay_9998338,sub_584064,cust_969005,199,USD,2024-10-01,credit_card,succeeded,2024-10-01 00:00:00
pay_1060457,sub_584064,cust_969005,199,USD,2024-11-01,wire,failed,2024-11-01 00:00:00
pay_6336503,sub_584064,cust_969005,199,USD,2024-12-01,ach,succeeded,2024-12-01 00:00:00
pay_1886805,sub_539979,cust_156904,790,USD,2023-07-02,ach,succeeded,2023-07-02 00:00:00
pay_9622635,sub_539979,cust_156904,79,USD,2023-08-01,wire,succeeded,2023-08-01 00:00:00
pay_3569483,sub_539979,cust_156904,79,USD,2023-09-01,wire,succeeded,2023-09-01 00:00:00
pay_7692188,sub_539979,cust_156904,79,USD,2023-10-01,wire,succeeded,2023-10-01 00:00:00
pay_3287252,sub_539979,cust_156904,79,USD,2023-11-01,wire,succeeded,2023-11-01 00:00:00
pay_3460003,sub_539979,cust_156904,79,USD,2023-12-01,ach,succeeded,2023-12-01 00:00:00
pay_2194551,sub_539979,cust_156904,29,USD,2024-01-01,ach,succeeded,2024-01-01 00:00:00
pay_8340817,sub_539979,cust_156904,29,USD,2024-02-01,credit_card,succeeded,2024-02-01 00:00:00
pay_4286239,sub_539979,cust_156904,79,USD,2024-03-01,ach,failed,2024-03-01 00:00:00
pay_9656136,sub_539979,cust_156904,79,USD,2024-04-01,ach,succeeded,2024-04-01 00:00:00
pay_7496013,sub_539979,cust_156904,79,USD,2024-05-01,ach,succeeded,2024-05-01 00:00:00
pay_1177410,sub_539979,cust_156904,29,USD,2024-06-01,credit_card,succeeded,2024-06-01 00:00:00
pay_7734698,sub_539979,cust_156904,290,USD,2024-07-01,ach,succeeded,2024-07-01 00:00:00
pay_8918007,sub_970085,cust_431773,790,USD,2023-01-18,wire,succeeded,2023-01-18 00:00:00
pay_2075486,sub_970085,cust_431773,79,USD,2023-02-01,credit_card,succeeded,2023-02-01 00:00:00
pay_9786173,sub_970085,cust_431773,79,USD,2023-03-01,credit_card,succeeded,2023-03-01 00:00:00
pay_3922594,sub_970085,cust_431773,79,USD,2023-04-01,credit_card,succeeded,2023-04-01 00:00:00
pay_7055966,sub_970085,cust_431773,79,USD,2023-05-01,credit_card,succeeded,2023-05-01 00:00:00
pay_5530803,sub_970085,cust_431773,79,USD,2023-06-01,credit_card,succeeded,2023-06-01 00:00:00
pay_1302086,sub_970085,cust_431773,79,USD,2023-07-01,credit_card,succeeded,2023-07-01 00:00:00
pay_2436128,sub_970085,cust_431773,79,USD,2023-08-01,wire,succeeded,2023-08-01 00:00:00
pay_5390450,sub_970085,cust_431773,79,USD,2023-09-01,wire,succeeded,2023-09-01 00:00:00
pay_8381842,sub_970085,cust_431773,79,USD,2023-10-01,credit_card,failed,2023-10-01 00:00:00
pay_2988097,sub_970085,cust_431773,199,USD,2023-11-01,ach,succeeded,2023-11-01 00:00:00
pay_9630811,sub_970085,cust_431773,199,USD,2023-12-01,ach,failed,2023-12-01 00:00:00
pay_2724223,sub_970085,cust_431773,1990,USD,2024-01-01,credit_card,succeeded,2024-01-01 00:00:00
pay_9045319,sub_970085,cust_431773,199,USD,2024-02-01,ach,succeeded,2024-02-01 00:00:00
pay_1919627,sub_970085,cust_431773,199,USD,2024-03-01,ach,succeeded,2024-03-01 00:00:00
pay_1976688,sub_970085,cust_431773,199,USD,2024-04-01,credit_card,succeeded,2024-04-01 00:00:00
pay_8124424,sub_970085,cust_431773,199,USD,2024-05-01,wire,succeeded,2024-05-01 00:00:00
pay_8426175,sub_970085,cust_431773,199,USD,2024-06-01,wire,succeeded,2024-06-01 00:00:00
pay_3544537,sub_970085,cust_431773,199,USD,2024-07-01,credit_card,succeeded,2024-07-01 00:00:00
pay_1901080,sub_970085,cust_431773,199,USD,2024-08-01,credit_card,succeeded,2024-08-01 00:00:00
pay_2536638,sub_970085,cust_431773,199,USD,2024-09-01,credit_card,succeeded,2024-09-01 00:00:00
pay_1008452,sub_970085,cust_431773,199,USD,2024-10-01,credit_card,succeeded,2024-10-01 00:00:00
pay_1855575,sub_970085,cust_431773,199,USD,2024-11-01,credit_card,succeeded,2024-11-01 00:00:00
pay_7075376,sub_970085,cust_431773,199,USD,2024-12-01,credit_card,succeeded,2024-12-01 00:00:00
pay_1198317,sub_741337,cust_176115,29,USD,2024-01-02,credit_card,succeeded,2024-01-02 00:00:00
pay_6838732,sub_741337,cust_176115,29,USD,2024-02-01,credit_card,succeeded,2024-02-01 00:00:00
pay_3742610,sub_741337,cust_176115,29,USD,2024-03-01,credit_card,succeeded,2024-03-01 00:00:00
pay_3946501,sub_741337,cust_176115,29,USD,2024-04-01,credit_card,succeeded,2024-04-01 00:00:00
pay_3888174,sub_741337,cust_176115,29,USD,2024-05-01,wire,succeeded,2024-05-01 00:00:00
pay_8896498,sub_741337,cust_176115,29,USD,2024-06-01,credit_card,succeeded,2024-06-01 00:00:00
pay_8941847,sub_741337,cust_176115,29,USD,2024-07-01,credit_card,succeeded,2024-07-01 00:00:00
pay_6599609,sub_741337,cust_176115,29,USD,2024-08-01,credit_card,succeeded,2024-08-01 00:00:00
pay_8084363,sub_741337,cust_176115,29,USD,2024-09-01,credit_card,succeeded,2024-09-01 00:00:00
pay_8571641,sub_358064,cust_132316,29,USD,2024-04-30,credit_card,succeeded,2024-04-30 00:00:00
pay_3801766,sub_358064,cust_132316,29,USD,2024-05-01,credit_card,succeeded,2024-05-01 00:00:00
pay_5327097,sub_358064,cust_132316,29,USD,2024-06-01,credit_card,succeeded,2024-06-01 00:00:00
pay_2398894,sub_358064,cust_132316,29,USD,2024-07-01,ach,succeeded,2024-07-01 00:00:00
pay_6858971,sub_358064,cust_132316,29,USD,2024-08-01,credit_card,succeeded,2024-08-01 00:00:00
pay_1660172,sub_358064,cust_132316,29,USD,2024-09-01,credit_card,succeeded,2024-09-01 00:00:00
pay_4148315,sub_358064,cust_132316,29,USD,2024-10-01,credit_card,succeeded,2024-10-01 00:00:00
pay_4854891,sub_358064,cust_132316,29,USD,2024-11-01,ach,succeeded,2024-11-01 00:00:00
pay_7634880,sub_358064,cust_132316,29,USD,2024-12-01,wire,succeeded,2024-12-01 00:00:00
pay_8504258,sub_705258,cust_810189,1990,USD,2024-10-25,ach,succeeded,2024-10-25 00:00:00
pay_7320381,sub_705258,cust_810189,199,USD,2024-11-01,credit_card,succeeded,2024-11-01 00:00:00
pay_6372578,sub_705258,cust_810189,199,USD,2024-12-01,credit_card,succeeded,2024-12-01 00:00:00
pay_2483166,sub_929718,cust_675512,790,USD,2024-04-17,ach,succeeded,2024-04-17 00:00:00
pay_1778906,sub_929718,cust_675512,79,USD,2024-05-01,credit_card,succeeded,2024-05-01 00:00:00
pay_7559647,sub_929718,cust_675512,79,USD,2024-06-01,wire,succeeded,2024-06-01 00:00:00
pay_5614278,sub_929718,cust_675512,79,USD,2024-07-01,credit_card,succeeded,2024-07-01 00:00:00
pay_1584855,sub_929718,cust_675512,79,USD,2024-08-01,wire,succeeded,2024-08-01 00:00:00
pay_6660786,sub_929718,cust_675512,79,USD,2024-09-01,wire,succeeded,2024-09-01 00:00:00
pay_5752003,sub_929718,cust_675512,79,USD,2024-10-01,credit_card,succeeded,2024-10-01 00:00:00
pay_8452585,sub_929718,cust_675512,79,USD,2024-11-01,credit_card,succeeded,2024-11-01 00:00:00
pay_1449783,sub_929718,cust_675512,79,USD,2024-12-01,wire,succeeded,2024-12-01 00:00:00
pay_8327108,sub_689171,cust_474486,199,USD,2023-05-12,credit_card,succeeded,2023-05-12 00:00:00
pay_7272755,sub_689171,cust_474486,199,USD,2023-06-01,credit_card,succeeded,2023-06-01 00:00:00
pay_8404992,sub_689171,cust_474486,199,USD,2023-07-01,wire,succeeded,2023-07-01 00:00:00
pay_2955552,sub_689171,cust_474486,199,USD,2023-08-01,credit_card,succeeded,2023-08-01 00:00:00
pay_1952169,sub_689171,cust_474486,199,USD,2023-09-01,wire,succeeded,2023-09-01 00:00:00
pay_2188167,sub_689171,cust_474486,199,USD,2023-10-01,wire,succeeded,2023-10-01 00:00:00
pay_8118419,sub_689171,cust_474486,199,USD,2023-11-01,wire,succeeded,2023-11-01 00:00:00
pay_6393992,sub_689171,cust_474486,199,USD,2023-12-01,wire,succeeded,2023-12-01 00:00:00
pay_3784092,sub_689171,cust_474486,199,USD,2024-01-01,credit_card,succeeded,2024-01-01 00:00:00
pay_7913049,sub_689171,cust_474486,199,USD,2024-02-01,credit_card,succeeded,2024-02-01 00:00:00
pay_4517253,sub_689171,cust_474486,199,USD,2024-03-01,credit_card,succeeded,2024-03-01 00:00:00
pay_8616181,sub_689171,cust_474486,199,USD,2024-04-01,credit_card,succeeded,2024-04-01 00:00:00
pay_9923353,sub_689171,cust_474486,199,USD,2024-05-01,credit_card,succeeded,2024-05-01 00:00:00
pay_1669128,sub_689171,cust_474486,199,USD,2024-06-01,credit_card,succeeded,2024-06-01 00:00:00
pay_8022793,sub_689171,cust_474486,199,USD,2024-07-01,credit_card,succeeded,2024-07-01 00:00:00
pay_9310427,sub_689171,cust_474486,199,USD,2024-08-01,credit_card,succeeded,2024-08-01 00:00:00
pay_6568060,sub_689171,cust_474486,199,USD,2024-09-01,credit_card,failed,2024-09-01 00:00:00
pay_3750882,sub_689171,cust_474486,199,USD,2024-10-01,wire,succeeded,2024-10-01 00:00:00
pay_9124696,sub_689171,cust_474486,199,USD,2024-11-01,wire,succeeded,2024-11-01 00:00:00
pay_3364015,sub_689171,cust_474486,199,USD,2024-12-01,credit_card,succeeded,2024-12-01 00:00:00
pay_5729761,sub_783288,cust_791454,79,USD,2023-11-10,ach,succeeded,2023-11-10 00:00:00
pay_5284645,sub_783288,cust_791454,79,USD,2023-12-01,wire,succeeded,2023-12-01 00:00:00
pay_5698305,sub_783288,cust_791454,79,USD,2024-01-01,ach,succeeded,2024-01-01 00:00:00
pay_1082541,sub_783288,cust_791454,79,USD,2024-02-01,credit_card,succeeded,2024-02-01 00:00:00
pay_5159182,sub_783288,cust_791454,79,USD,2024-03-01,ach,succeeded,2024-03-01 00:00:00
pay_9082909,sub_783288,cust_791454,79,USD,2024-04-01,wire,succeeded,2024-04-01 00:00:00
pay_8959777,sub_783288,cust_791454,79,USD,2024-05-01,credit_card,succeeded,2024-05-01 00:00:00
pay_8210513,sub_783288,cust_791454,79,USD,2024-06-01,credit_card,succeeded,2024-06-01 00:00:00
pay_9372443,sub_783288,cust_791454,79,USD,2024-07-01,credit_card,succeeded,2024-07-01 00:00:00
pay_5553736,sub_783288,cust_791454,79,USD,2024-08-01,credit_card,succeeded,2024-08-01 00:00:00
pay_4035488,sub_783288,cust_791454,79,USD,2024-09-01,ach,succeeded,2024-09-01 00:00:00
pay_8178257,sub_783288,cust_791454,79,USD,2024-10-01,wire,succeeded,2024-10-01 00:00:00
pay_9698482,sub_783288,cust_791454,79,USD,2024-11-01,wire,succeeded,2024-11-01 00:00:00
pay_9803619,sub_783288,cust_791454,79,USD,2024-12-01,ach,succeeded,2024-12-01 00:00:00
pay_6547267,sub_398595,cust_332286,29,USD,2024-10-18,credit_card,succeeded,2024-10-18 00:00:00
pay_9602031,sub_398595,cust_332286,29,USD,2024-11-01,credit_card,succeeded,2024-11-01 00:00:00
pay_5947785,sub_398595,cust_332286,29,USD,2024-12-01,credit_card,succeeded,2024-12-01 00:00:00
pay_1071662,sub_154970,cust_610626,29,USD,2024-10-01,credit_card,succeeded,2024-10-01 00:00:00
pay_3284932,sub_154970,cust_610626,29,USD,2024-11-01,wire,succeeded,2024-11-01 00:00:00
pay_4574029,sub_154970,cust_610626,29,USD,2024-12-01,ach,succeeded,2024-12-01 00:00:00
pay_1054711,sub_514751,cust_757057,29,USD,2023-03-20,credit_card,succeeded,2023-03-20 00:00:00
pay_8297488,sub_514751,cust_757057,29,USD,2023-04-01,credit_card,succeeded,2023-04-01 00:00:00
pay_6584654,sub_514751,cust_757057,29,USD,2023-05-01,credit_card,succeeded,2023-05-01 00:00:00
pay_4502996,sub_514751,cust_757057,29,USD,2023-06-01,credit_card,succeeded,2023-06-01 00:00:00
pay_5180810,sub_514751,cust_757057,29,USD,2023-07-01,wire,succeeded,2023-07-01 00:00:00
pay_2860256,sub_514751,cust_757057,29,USD,2023-08-01,credit_card,succeeded,2023-08-01 00:00:00
pay_9858132,sub_514751,cust_757057,29,USD,2023-09-01,credit_card,succeeded,2023-09-01 00:00:00
pay_9028183,sub_514751,cust_757057,29,USD,2023-10-01,wire,succeeded,2023-10-01 00:00:00
pay_6863178,sub_514751,cust_757057,79,USD,2023-11-01,ach,succeeded,2023-11-01 00:00:00
pay_2172819,sub_514751,cust_757057,79,USD,2023-12-01,credit_card,succeeded,2023-12-01 00:00:00
pay_7745496,sub_514751,cust_757057,79,USD,2024-01-01,credit_card,succeeded,2024-01-01 00:00:00
pay_5026404,sub_514751,cust_757057,199,USD,2024-02-01,credit_card,succeeded,2024-02-01 00:00:00
pay_8807008,sub_514751,cust_757057,199,USD,2024-03-01,credit_card,succeeded,2024-03-01 00:00:00
pay_6625197,sub_514751,cust_757057,199,USD,2024-04-01,wire,succeeded,2024-04-01 00:00:00
pay_1507611,sub_514751,cust_757057,199,USD,2024-05-01,credit_card,succeeded,2024-05-01 00:00:00
pay_2713593,sub_514751,cust_757057,199,USD,2024-06-01,ach,succeeded,2024-06-01 00:00:00
pay_3190036,sub_514751,cust_757057,199,USD,2024-07-01,ach,succeeded,2024-07-01 00:00:00
pay_6024928,sub_514751,cust_757057,199,USD,2024-08-01,credit_card,succeeded,2024-08-01 00:00:00
pay_4576563,sub_514751,cust_757057,199,USD,2024-09-01,ach,succeeded,2024-09-01 00:00:00
pay_3957166,sub_514751,cust_757057,199,USD,2024-10-01,ach,succeeded,2024-10-01 00:00:00
pay_7943357,sub_514751,cust_757057,199,USD,2024-11-01,credit_card,succeeded,2024-11-01 00:00:00
pay_8659944,sub_514751,cust_757057,199,USD,2024-12-01,credit_card,succeeded,2024-12-01 00:00:00
pay_2050707,sub_266786,cust_138436,79,USD,2024-07-18,credit_card,succeeded,2024-07-18 00:00:00
pay_2283422,sub_266786,cust_138436,79,USD,2024-08-01,credit_card,succeeded,2024-08-01 00:00:00
pay_1240522,sub_266786,cust_138436,79,USD,2024-09-01,ach,succeeded,2024-09-01 00:00:00
pay_4120697,sub_266786,cust_138436,79,USD,2024-10-01,wire,succeeded,2024-10-01 00:00:00
pay_1796684,sub_266786,cust_138436,199,USD,2024-11-01,ach,succeeded,2024-11-01 00:00:00
pay_6351092,sub_266786,cust_138436,199,USD,2024-12-01,credit_card,succeeded,2024-12-01 00:00:00
pay_9567403,sub_144454,cust_718241,29,USD,2023-10-25,credit_card,succeeded,2023-10-25 00:00:00
pay_7320127,sub_144454,cust_718241,29,USD,2023-11-01,credit_card,succeeded,2023-11-01 00:00:00
pay_6471108,sub_144454,cust_718241,29,USD,2023-12-01,credit_card,succeeded,2023-12-01 00:00:00
pay_1481880,sub_144454,cust_718241,29,USD,2024-01-01,credit_card,succeeded,2024-01-01 00:00:00
pay_9761958,sub_144454,cust_718241,29,USD,2024-02-01,credit_card,succeeded,2024-02-01 00:00:00
pay_2275512,sub_144454,cust_718241,29,USD,2024-03-01,credit_card,succeeded,2024-03-01 00:00:00
pay_9779711,sub_144454,cust_718241,29,USD,2024-04-01,wire,succeeded,2024-04-01 00:00:00
pay_1696315,sub_144454,cust_718241,29,USD,2024-05-01,credit_card,succeeded,2024-05-01 00:00:00
pay_5571940,sub_144454,cust_718241,29,USD,2024-06-01,ach,succeeded,2024-06-01 00:00:00
pay_9824348,sub_802170,cust_743863,290,USD,2024-12-01,credit_card,succeeded,2024-12-01 00:00:00
pay_9413799,sub_485999,cust_929906,79,USD,2024-01-05,credit_card,succeeded,2024-01-05 00:00:00
pay_9935807,sub_485999,cust_929906,79,USD,2024-02-01,credit_card,succeeded,2024-02-01 00:00:00
pay_1604035,sub_485999,cust_929906,79,USD,2024-03-01,credit_card,succeeded,2024-03-01 00:00:00
pay_5069127,sub_485999,cust_929906,79,USD,2024-04-01,credit_card,succeeded,2024-04-01 00:00:00
pay_3811220,sub_485999,cust_929906,79,USD,2024-05-01,wire,succeeded,2024-05-01 00:00:00
pay_8722075,sub_485999,cust_929906,79,USD,2024-06-01,credit_card,succeeded,2024-06-01 00:00:00
pay_3811643,sub_485999,cust_929906,79,USD,2024-07-01,credit_card,succeeded,2024-07-01 00:00:00
pay_1281363,sub_485999,cust_929906,79,USD,2024-08-01,credit_card,succeeded,2024-08-01 00:00:00
pay_7402777,sub_485999,cust_929906,79,USD,2024-09-01,wire,succeeded,2024-09-01 00:00:00
pay_5915387,sub_485999,cust_929906,79,USD,2024-10-01,credit_card,succeeded,2024-10-01 00:00:00
pay_9061958,sub_485999,cust_929906,79,USD,2024-11-01,wire,succeeded,2024-11-01 00:00:00
pay_8171853,sub_485999,cust_929906,79,USD,2024-12-01,wire,succeeded,2024-12-01 00:00:00
pay_6669426,sub_372988,cust_764343,79,USD,2023-10-08,credit_card,succeeded,2023-10-08 00:00:00
pay_9878239,sub_372988,cust_764343,79,USD,2023-11-01,ach,succeeded,2023-11-01 00:00:00
pay_1487550,sub_372988,cust_764343,79,USD,2023-12-01,credit_card,succeeded,2023-12-01 00:00:00
pay_9486234,sub_314528,cust_181618,29,USD,2024-06-13,ach,succeeded,2024-06-13 00:00:00
pay_4799983,sub_314528,cust_181618,29,USD,2024-07-01,credit_card,succeeded,2024-07-01 00:00:00
pay_2342069,sub_314528,cust_181618,29,USD,2024-08-01,credit_card,succeeded,2024-08-01 00:00:00
pay_4817755,sub_314528,cust_181618,29,USD,2024-09-01,credit_card,succeeded,2024-09-01 00:00:00
pay_6821001,sub_314528,cust_181618,29,USD,2024-10-01,credit_card,succeeded,2024-10-01 00:00:00
pay_6739873,sub_314528,cust_181618,29,USD,2024-11-01,ach,succeeded,2024-11-01 00:00:00
pay_3165356,sub_314528,cust_181618,29,USD,2024-12-01,ach,succeeded,2024-12-01 00:00:00
pay_1613218,sub_722076,cust_106918,290,USD,2024-05-28,credit_card,succeeded,2024-05-28 00:00:00
pay_4572968,sub_722076,cust_106918,29,USD,2024-06-01,credit_card,succeeded,2024-06-01 00:00:00
pay_8882208,sub_722076,cust_106918,29,USD,2024-07-01,credit_card,succeeded,2024-07-01 00:00:00
pay_3111028,sub_722076,cust_106918,29,USD,2024-08-01,ach,succeeded,2024-08-01 00:00:00
pay_3123388,sub_984539,cust_852146,79,USD,2023-05-02,credit_card,succeeded,2023-05-02 00:00:00
pay_8518914,sub_984539,cust_852146,79,USD,2023-06-01,credit_card,succeeded,2023-06-01 00:00:00
pay_3738326,sub_984539,cust_852146,79,USD,2023-07-01,credit_card,succeeded,2023-07-01 00:00:00
pay_3556730,sub_984539,cust_852146,79,USD,2023-08-01,credit_card,succeeded,2023-08-01 00:00:00
pay_5871327,sub_984539,cust_852146,79,USD,2023-09-01,ach,succeeded,2023-09-01 00:00:00
pay_4740173,sub_984539,cust_852146,79,USD,2023-10-01,wire,succeeded,2023-10-01 00:00:00
pay_8686537,sub_984539,cust_852146,79,USD,2023-11-01,credit_card,succeeded,2023-11-01 00:00:00
pay_2744812,sub_984539,cust_852146,79,USD,2023-12-01,ach,succeeded,2023-12-01 00:00:00
pay_2160153,sub_984539,cust_852146,79,USD,2024-01-01,credit_card,succeeded,2024-01-01 00:00:00
pay_8068673,sub_984539,cust_852146,79,USD,2024-02-01,credit_card,succeeded,2024-02-01 00:00:00
pay_8721457,sub_984539,cust_852146,79,USD,2024-03-01,credit_card,succeeded,2024-03-01 00:00:00
pay_6759109,sub_984539,cust_852146,79,USD,2024-04-01,ach,succeeded,2024-04-01 00:00:00
pay_5983168,sub_984539,cust_852146,79,USD,2024-05-01,credit_card,succeeded,2024-05-01 00:00:00
pay_5438524,sub_984539,cust_852146,79,USD,2024-06-01,ach,succeeded,2024-06-01 00:00:00
pay_4829636,sub_984539,cust_852146,79,USD,2024-07-01,credit_card,succeeded,2024-07-01 00:00:00
pay_3991642,sub_984539,cust_852146,79,USD,2024-08-01,wire,succeeded,2024-08-01 00:00:00
pay_3735270,sub_984539,cust_852146,79,USD,2024-09-01,credit_card,succeeded,2024-09-01 00:00:00
pay_6541421,sub_984539,cust_852146,79,USD,2024-10-01,credit_card,succeeded,2024-10-01 00:00:00
pay_8343442,sub_984539,cust_852146,79,USD,2024-11-01,credit_card,succeeded,2024-11-01 00:00:00
pay_8100799,sub_984539,cust_852146,199,USD,2024-12-01,credit_card,failed,2024-12-01 00:00:00
pay_5391778,sub_998803,cust_778700,29,USD,2024-08-01,credit_card,succeeded,2024-08-01 00:00:00
pay_5681638,sub_998803,cust_778700,29,USD,2024-09-01,credit_card,succeeded,2024-09-01 00:00:00
pay_1533075,sub_998803,cust_778700,29,USD,2024-10-01,ach,succeeded,2024-10-01 00:00:00
pay_6419560,sub_998803,cust_778700,29,USD,2024-11-01,credit_card,succeeded,2024-11-01 00:00:00
pay_3160461,sub_998803,cust_778700,29,USD,2024-12-01,credit_card,succeeded,2024-12-01 00:00:00
pay_5109395,sub_179796,cust_158627,199,USD,2023-06-20,wire,succeeded,2023-06-20 00:00:00
pay_2968441,sub_179796,cust_158627,199,USD,2023-07-01,credit_card,succeeded,2023-07-01 00:00:00
pay_9465020,sub_179796,cust_158627,199,USD,2023-08-01,ach,succeeded,2023-08-01 00:00:00
pay_7306911,sub_179796,cust_158627,199,USD,2023-09-01,credit_card,succeeded,2023-09-01 00:00:00
pay_5156573,sub_179796,cust_158627,199,USD,2023-10-01,credit_card,succeeded,2023-10-01 00:00:00
pay_1894914,sub_179796,cust_158627,199,USD,2023-11-01,credit_card,succeeded,2023-11-01 00:00:00
pay_2269974,sub_179796,cust_158627,199,USD,2023-12-01,credit_card,succeeded,2023-12-01 00:00:00
pay_1283679,sub_179796,cust_158627,199,USD,2024-01-01,credit_card,succeeded,2024-01-01 00:00:00
pay_4665145,sub_179796,cust_158627,79,USD,2024-02-01,credit_card,succeeded,2024-02-01 00:00:00
pay_4317311,sub_179796,cust_158627,79,USD,2024-03-01,credit_card,succeeded,2024-03-01 00:00:00
pay_1355271,sub_179796,cust_158627,79,USD,2024-04-01,credit_card,succeeded,2024-04-01 00:00:00
pay_8547260,sub_179796,cust_158627,79,USD,2024-05-01,ach,succeeded,2024-05-01 00:00:00
pay_8731063,sub_179796,cust_158627,199,USD,2024-06-01,credit_card,succeeded,2024-06-01 00:00:00
pay_7391642,sub_179796,cust_158627,199,USD,2024-07-01,credit_card,succeeded,2024-07-01 00:00:00
pay_7175540,sub_179796,cust_158627,199,USD,2024-08-01,ach,succeeded,2024-08-01 00:00:00
pay_5962954,sub_179796,cust_158627,199,USD,2024-09-01,credit_card,succeeded,2024-09-01 00:00:00
pay_6714766,sub_179796,cust_158627,199,USD,2024-10-01,wire,succeeded,2024-10-01 00:00:00
pay_7221890,sub_179796,cust_158627,199,USD,2024-11-01,credit_card,succeeded,2024-11-01 00:00:00
pay_6747929,sub_179796,cust_158627,199,USD,2024-12-01,credit_card,failed,2024-12-01 00:00:00
pay_5026372,sub_553496,cust_793889,29,USD,2024-08-01,ach,succeeded,2024-08-01 00:00:00
pay_2392154,sub_553496,cust_793889,29,USD,2024-09-01,ach,succeeded,2024-09-01 00:00:00
pay_9622584,sub_553496,cust_793889,290,USD,2024-10-01,credit_card,succeeded,2024-10-01 00:00:00
pay_5802058,sub_553496,cust_793889,29,USD,2024-11-01,credit_card,succeeded,2024-11-01 00:00:00
pay_6787704,sub_553496,cust_793889,29,USD,2024-12-01,credit_card,succeeded,2024-12-01 00:00:00
pay_3197504,sub_312544,cust_933215,290,USD,2024-08-19,credit_card,succeeded,2024-08-19 00:00:00
pay_2035204,sub_312544,cust_933215,29,USD,2024-09-01,ach,succeeded,2024-09-01 00:00:00
pay_9885104,sub_312544,cust_933215,29,USD,2024-10-01,wire,succeeded,2024-10-01 00:00:00
pay_2246646,sub_312544,cust_933215,29,USD,2024-11-01,ach,succeeded,2024-11-01 00:00:00
pay_2615321,sub_312544,cust_933215,29,USD,2024-12-01,credit_card,succeeded,2024-12-01 00:00:00
pay_4103349,sub_491399,cust_286040,79,USD,2024-05-02,credit_card,succeeded,2024-05-02 00:00:00
pay_7279055,sub_491399,cust_286040,79,USD,2024-06-01,ach,succeeded,2024-06-01 00:00:00
pay_5963565,sub_491399,cust_286040,79,USD,2024-07-01,credit_card,succeeded,2024-07-01 00:00:00
pay_4431099,sub_491399,cust_286040,79,USD,2024-08-01,credit_card,succeeded,2024-08-01 00:00:00
pay_3273417,sub_491399,cust_286040,79,USD,2024-09-01,ach,succeeded,2024-09-01 00:00:00
pay_5396923,sub_491399,cust_286040,79,USD,2024-10-01,ach,succeeded,2024-10-01 00:00:00
pay_9604880,sub_491399,cust_286040,79,USD,2024-11-01,wire,succeeded,2024-11-01 00:00:00
pay_1950991,sub_491399,cust_286040,79,USD,2024-12-01,credit_card,succeeded,2024-12-01 00:00:00
pay_7079661,sub_904586,cust_732789,79,USD,2024-07-06,credit_card,succeeded,2024-07-06 00:00:00
pay_2536154,sub_904586,cust_732789,79,USD,2024-08-01,credit_card,succeeded,2024-08-01 00:00:00
pay_5773342,sub_904586,cust_732789,79,USD,2024-09-01,credit_card,succeeded,2024-09-01 00:00:00
pay_3900319,sub_904586,cust_732789,79,USD,2024-10-01,wire,failed,2024-10-01 00:00:00
pay_8323389,sub_904586,cust_732789,79,USD,2024-11-01,credit_card,succeeded,2024-11-01 00:00:00
pay_1369971,sub_904586,cust_732789,79,USD,2024-12-01,wire,succeeded,2024-12-01 00:00:00
pay_3953250,sub_448970,cust_549793,790,USD,2023-08-23,credit_card,succeeded,2023-08-23 00:00:00
pay_1650707,sub_448970,cust_549793,79,USD,2023-09-01,credit_card,succeeded,2023-09-01 00:00:00
pay_3764314,sub_448970,cust_549793,79,USD,2023-10-01,credit_card,succeeded,2023-10-01 00:00:00
pay_6318117,sub_448970,cust_549793,79,USD,2023-11-01,wire,succeeded,2023-11-01 00:00:00
pay_1451469,sub_448970,cust_549793,79,USD,2023-12-01,credit_card,succeeded,2023-12-01 00:00:00
pay_9027107,sub_448970,cust_549793,79,USD,2024-01-01,wire,succeeded,2024-01-01 00:00:00
pay_2485465,sub_448970,cust_549793,79,USD,2024-02-01,credit_card,succeeded,2024-02-01 00:00:00
pay_4970610,sub_448970,cust_549793,79,USD,2024-03-01,credit_card,succeeded,2024-03-01 00:00:00
pay_7822225,sub_448970,cust_549793,79,USD,2024-04-01,credit_card,succeeded,2024-04-01 00:00:00
pay_2458953,sub_448970,cust_549793,79,USD,2024-05-01,credit_card,succeeded,2024-05-01 00:00:00
pay_6076862,sub_448970,cust_549793,79,USD,2024-06-01,credit_card,succeeded,2024-06-01 00:00:00
pay_9427858,sub_448970,cust_549793,79,USD,2024-07-01,credit_card,succeeded,2024-07-01 00:00:00
pay_4391155,sub_448970,cust_549793,790,USD,2024-08-01,credit_card,succeeded,2024-08-01 00:00:00
pay_8254557,sub_448970,cust_549793,79,USD,2024-09-01,credit_card,succeeded,2024-09-01 00:00:00
pay_8172578,sub_448970,cust_549793,79,USD,2024-10-01,wire,succeeded,2024-10-01 00:00:00
pay_4114513,sub_448970,cust_549793,79,USD,2024-11-01,ach,succeeded,2024-11-01 00:00:00
pay_3154566,sub_448970,cust_549793,199,USD,2024-12-01,credit_card,succeeded,2024-12-01 00:00:00
pay_3528952,sub_886249,cust_647923,29,USD,2023-10-01,credit_card,succeeded,2023-10-01 00:00:00
pay_2448081,sub_886249,cust_647923,29,USD,2023-11-01,credit_card,succeeded,2023-11-01 00:00:00
pay_4754545,sub_886249,cust_647923,29,USD,2023-12-01,credit_card,succeeded,2023-12-01 00:00:00
pay_6122342,sub_886249,cust_647923,29,USD,2024-01-01,wire,succeeded,2024-01-01 00:00:00
pay_9818817,sub_886249,cust_647923,29,USD,2024-02-01,wire,succeeded,2024-02-01 00:00:00
pay_9863265,sub_886249,cust_647923,29,USD,2024-03-01,credit_card,succeeded,2024-03-01 00:00:00
pay_7915041,sub_886249,cust_647923,29,USD,2024-04-01,credit_card,succeeded,2024-04-01 00:00:00
pay_3647164,sub_886249,cust_647923,79,USD,2024-05-01,credit_card,succeeded,2024-05-01 00:00:00
pay_2806778,sub_886249,cust_647923,79,USD,2024-06-01,wire,succeeded,2024-06-01 00:00:00
pay_1605663,sub_886249,cust_647923,79,USD,2024-07-01,wire,succeeded,2024-07-01 00:00:00
pay_4639954,sub_886249,cust_647923,79,USD,2024-08-01,credit_card,succeeded,2024-08-01 00:00:00
pay_4471157,sub_886249,cust_647923,79,USD,2024-09-01,credit_card,succeeded,2024-09-01 00:00:00
pay_3543500,sub_886249,cust_647923,79,USD,2024-10-01,credit_card,succeeded,2024-10-01 00:00:00
pay_7688948,sub_886249,cust_647923,79,USD,2024-11-01,ach,succeeded,2024-11-01 00:00:00
pay_6039755,sub_886249,cust_647923,79,USD,2024-12-01,credit_card,succeeded,2024-12-01 00:00:00
pay_2427340,sub_124647,cust_713805,199,USD,2023-09-17,credit_card,succeeded,2023-09-17 00:00:00
pay_4651645,sub_124647,cust_713805,199,USD,2023-10-01,wire,succeeded,2023-10-01 00:00:00
pay_2547559,sub_124647,cust_713805,199,USD,2023-11-01,wire,succeeded,2023-11-01 00:00:00
pay_9492251,sub_124647,cust_713805,79,USD,2023-12-01,ach,succeeded,2023-12-01 00:00:00
pay_6386483,sub_124647,cust_713805,79,USD,2024-01-01,credit_card,succeeded,2024-01-01 00:00:00
pay_4455171,sub_124647,cust_713805,79,USD,2024-02-01,credit_card,succeeded,2024-02-01 00:00:00
pay_5177785,sub_124647,cust_713805,79,USD,2024-03-01,credit_card,failed,2024-03-01 00:00:00
pay_5420739,sub_124647,cust_713805,79,USD,2024-04-01,wire,succeeded,2024-04-01 00:00:00
pay_1466674,sub_124647,cust_713805,79,USD,2024-05-01,ach,succeeded,2024-05-01 00:00:00
pay_9711378,sub_124647,cust_713805,79,USD,2024-06-01,ach,succeeded,2024-06-01 00:00:00
pay_6787172,sub_124647,cust_713805,79,USD,2024-07-01,credit_card,succeeded,2024-07-01 00:00:00
pay_9320349,sub_124647,cust_713805,79,USD,2024-08-01,ach,succeeded,2024-08-01 00:00:00
pay_3575237,sub_124647,cust_713805,79,USD,2024-09-01,credit_card,succeeded,2024-09-01 00:00:00
pay_8704605,sub_124647,cust_713805,79,USD,2024-10-01,credit_card,succeeded,2024-10-01 00:00:00
pay_7330451,sub_124647,cust_713805,79,USD,2024-11-01,credit_card,succeeded,2024-11-01 00:00:00
pay_1437843,sub_124647,cust_713805,79,USD,2024-12-01,credit_card,succeeded,2024-12-01 00:00:00
pay_9452839,sub_766076,cust_921861,29,USD,2024-07-24,credit_card,succeeded,2024-07-24 00:00:00
pay_1920570,sub_766076,cust_921861,29,USD,2024-08-01,credit_card,succeeded,2024-08-01 00:00:00
pay_8373458,sub_766076,cust_921861,29,USD,2024-09-01,credit_card,succeeded,2024-09-01 00:00:00
pay_7360505,sub_766076,cust_921861,29,USD,2024-10-01,credit_card,succeeded,2024-10-01 00:00:00
pay_7693058,sub_766076,cust_921861,29,USD,2024-11-01,ach,succeeded,2024-11-01 00:00:00
pay_6794346,sub_766076,cust_921861,29,USD,2024-12-01,wire,failed,2024-12-01 00:00:00
pay_7754401,sub_435158,cust_871523,29,USD,2023-05-22,wire,succeeded,2023-05-22 00:00:00
pay_7658917,sub_435158,cust_871523,29,USD,2023-06-01,ach,succeeded,2023-06-01 00:00:00
pay_5119887,sub_435158,cust_871523,29,USD,2023-07-01,credit_card,succeeded,2023-07-01 00:00:00
pay_5157706,sub_435158,cust_871523,29,USD,2023-08-01,credit_card,succeeded,2023-08-01 00:00:00
pay_1994305,sub_435158,cust_871523,29,USD,2023-09-01,credit_card,succeeded,2023-09-01 00:00:00
pay_6339778,sub_435158,cust_871523,29,USD,2023-10-01,wire,succeeded,2023-10-01 00:00:00
pay_1443388,sub_435158,cust_871523,29,USD,2023-11-01,wire,succeeded,2023-11-01 00:00:00
pay_2102286,sub_435158,cust_871523,29,USD,2023-12-01,credit_card,succeeded,2023-12-01 00:00:00
pay_8060795,sub_435158,cust_871523,29,USD,2024-01-01,credit_card,succeeded,2024-01-01 00:00:00
pay_4627278,sub_435158,cust_871523,29,USD,2024-02-01,credit_card,succeeded,2024-02-01 00:00:00
pay_1513731,sub_435158,cust_871523,29,USD,2024-03-01,ach,succeeded,2024-03-01 00:00:00
pay_9967702,sub_435158,cust_871523,29,USD,2024-04-01,ach,succeeded,2024-04-01 00:00:00
pay_9827042,sub_435158,cust_871523,29,USD,2024-05-01,wire,succeeded,2024-05-01 00:00:00
pay_3870573,sub_435158,cust_871523,29,USD,2024-06-01,credit_card,succeeded,2024-06-01 00:00:00
pay_1087311,sub_435158,cust_871523,29,USD,2024-07-01,wire,succeeded,2024-07-01 00:00:00
pay_3384724,sub_191046,cust_454877,199,USD,2024-07-17,wire,succeeded,2024-07-17 00:00:00
pay_6452972,sub_191046,cust_454877,199,USD,2024-08-01,wire,succeeded,2024-08-01 00:00:00
pay_3371849,sub_191046,cust_454877,199,USD,2024-09-01,credit_card,succeeded,2024-09-01 00:00:00
pay_6665078,sub_191046,cust_454877,199,USD,2024-10-01,credit_card,succeeded,2024-10-01 00:00:00
pay_2888606,sub_191046,cust_454877,199,USD,2024-11-01,credit_card,succeeded,2024-11-01 00:00:00
pay_2918105,sub_191046,cust_454877,199,USD,2024-12-01,wire,succeeded,2024-12-01 00:00:00
pay_1401415,sub_808043,cust_743789,790,USD,2024-11-02,credit_card,succeeded,2024-11-02 00:00:00
pay_9713754,sub_808043,cust_743789,79,USD,2024-12-01,credit_card,succeeded,2024-12-01 00:00:00
pay_4946131,sub_172456,cust_991884,79,USD,2024-11-03,ach,succeeded,2024-11-03 00:00:00
pay_4459323,sub_172456,cust_991884,79,USD,2024-12-01,wire,succeeded,2024-12-01 00:00:00
pay_4279141,sub_830994,cust_477214,29,USD,2024-03-01,ach,succeeded,2024-03-01 00:00:00
pay_4229757,sub_830994,cust_477214,29,USD,2024-04-01,credit_card,succeeded,2024-04-01 00:00:00
pay_9923618,sub_830994,cust_477214,29,USD,2024-05-01,credit_card,succeeded,2024-05-01 00:00:00
pay_4949116,sub_830994,cust_477214,29,USD,2024-06-01,ach,succeeded,2024-06-01 00:00:00
pay_7108453,sub_830994,cust_477214,29,USD,2024-07-01,wire,succeeded,2024-07-01 00:00:00
pay_8064745,sub_830994,cust_477214,29,USD,2024-08-01,credit_card,succeeded,2024-08-01 00:00:00
pay_9046487,sub_830994,cust_477214,29,USD,2024-09-01,credit_card,succeeded,2024-09-01 00:00:00
pay_4873662,sub_146005,cust_642892,199,USD,2023-01-16,ach,succeeded,2023-01-16 00:00:00
pay_3185558,sub_146005,cust_642892,199,USD,2023-02-01,credit_card,succeeded,2023-02-01 00:00:00
pay_2772498,sub_146005,cust_642892,199,USD,2023-03-01,ach,succeeded,2023-03-01 00:00:00
pay_3829594,sub_146005,cust_642892,199,USD,2023-04-01,wire,succeeded,2023-04-01 00:00:00
pay_7704777,sub_146005,cust_642892,199,USD,2023-05-01,credit_card,succeeded,2023-05-01 00:00:00
pay_7012119,sub_146005,cust_642892,199,USD,2023-06-01,wire,succeeded,2023-06-01 00:00:00
pay_9604547,sub_146005,cust_642892,199,USD,2023-07-01,credit_card,succeeded,2023-07-01 00:00:00
pay_5519022,sub_146005,cust_642892,199,USD,2023-08-01,credit_card,succeeded,2023-08-01 00:00:00
pay_7205413,sub_146005,cust_642892,199,USD,2023-09-01,ach,succeeded,2023-09-01 00:00:00
pay_2891460,sub_146005,cust_642892,199,USD,2023-10-01,credit_card,succeeded,2023-10-01 00:00:00
pay_7362669,sub_146005,cust_642892,79,USD,2023-11-01,credit_card,succeeded,2023-11-01 00:00:00
pay_7395628,sub_146005,cust_642892,79,USD,2023-12-01,credit_card,succeeded,2023-12-01 00:00:00
pay_7487924,sub_146005,cust_642892,79,USD,2024-01-01,credit_card,succeeded,2024-01-01 00:00:00
pay_7292330,sub_146005,cust_642892,79,USD,2024-02-01,credit_card,succeeded,2024-02-01 00:00:00
pay_3791492,sub_146005,cust_642892,79,USD,2024-03-01,ach,succeeded,2024-03-01 00:00:00
pay_1371368,sub_146005,cust_642892,79,USD,2024-04-01,credit_card,succeeded,2024-04-01 00:00:00
pay_5523361,sub_146005,cust_642892,79,USD,2024-05-01,ach,succeeded,2024-05-01 00:00:00
pay_5331950,sub_486178,cust_389939,199,USD,2023-08-20,credit_card,succeeded,2023-08-20 00:00:00
pay_9401630,sub_486178,cust_389939,199,USD,2023-09-01,credit_card,succeeded,2023-09-01 00:00:00
pay_5286376,sub_486178,cust_389939,199,USD,2023-10-01,credit_card,succeeded,2023-10-01 00:00:00
pay_2501642,sub_486178,cust_389939,199,USD,2023-11-01,credit_card,succeeded,2023-11-01 00:00:00
pay_4328676,sub_486178,cust_389939,199,USD,2023-12-01,credit_card,succeeded,2023-12-01 00:00:00
pay_5574998,sub_486178,cust_389939,199,USD,2024-01-01,credit_card,succeeded,2024-01-01 00:00:00
pay_6670070,sub_486178,cust_389939,199,USD,2024-02-01,wire,succeeded,2024-02-01 00:00:00
pay_7883212,sub_486178,cust_389939,199,USD,2024-03-01,ach,succeeded,2024-03-01 00:00:00
pay_4873311,sub_486178,cust_389939,79,USD,2024-04-01,credit_card,failed,2024-04-01 00:00:00
pay_2555513,sub_486178,cust_389939,79,USD,2024-05-01,wire,succeeded,2024-05-01 00:00:00
pay_3309665,sub_486178,cust_389939,79,USD,2024-06-01,credit_card,succeeded,2024-06-01 00:00:00
pay_3513827,sub_486178,cust_389939,79,USD,2024-07-01,credit_card,succeeded,2024-07-01 00:00:00
pay_7315065,sub_486178,cust_389939,79,USD,2024-08-01,wire,succeeded,2024-08-01 00:00:00
pay_5480450,sub_486178,cust_389939,79,USD,2024-09-01,credit_card,succeeded,2024-09-01 00:00:00
pay_8466209,sub_486178,cust_389939,79,USD,2024-10-01,credit_card,succeeded,2024-10-01 00:00:00
pay_9898248,sub_486178,cust_389939,79,USD,2024-11-01,credit_card,succeeded,2024-11-01 00:00:00
pay_1928699,sub_486178,cust_389939,79,USD,2024-12-01,wire,succeeded,2024-12-01 00:00:00
pay_8566213,sub_698129,cust_175902,29,USD,2024-05-30,credit_card,succeeded,2024-05-30 00:00:00
pay_4249389,sub_698129,cust_175902,29,USD,2024-06-01,credit_card,succeeded,2024-06-01 00:00:00
pay_2426628,sub_698129,cust_175902,29,USD,2024-07-01,ach,failed,2024-07-01 00:00:00
pay_7051732,sub_698129,cust_175902,29,USD,2024-08-01,credit_card,succeeded,2024-08-01 00:00:00
pay_2168251,sub_698129,cust_175902,29,USD,2024-09-01,credit_card,succeeded,2024-09-01 00:00:00
pay_5355728,sub_698129,cust_175902,29,USD,2024-10-01,credit_card,succeeded,2024-10-01 00:00:00
pay_9853171,sub_698129,cust_175902,29,USD,2024-11-01,credit_card,succeeded,2024-11-01 00:00:00
pay_4167864,sub_698129,cust_175902,29,USD,2024-12-01,ach,succeeded,2024-12-01 00:00:00
pay_1569186,sub_170064,cust_495397,790,USD,2024-07-30,credit_card,succeeded,2024-07-30 00:00:00
pay_3897769,sub_170064,cust_495397,79,USD,2024-08-01,ach,succeeded,2024-08-01 00:00:00
pay_6548553,sub_170064,cust_495397,79,USD,2024-09-01,wire,succeeded,2024-09-01 00:00:00
pay_3082280,sub_170064,cust_495397,79,USD,2024-10-01,credit_card,succeeded,2024-10-01 00:00:00
pay_6962613,sub_170064,cust_495397,199,USD,2024-11-01,credit_card,succeeded,2024-11-01 00:00:00
pay_7496103,sub_170064,cust_495397,199,USD,2024-12-01,ach,succeeded,2024-12-01 00:00:00
pay_5927194,sub_239685,cust_370343,790,USD,2023-03-11,credit_card,succeeded,2023-03-11 00:00:00
pay_8985604,sub_239685,cust_370343,79,USD,2023-04-01,credit_card,succeeded,2023-04-01 00:00:00
pay_3188262,sub_239685,cust_370343,79,USD,2023-05-01,ach,succeeded,2023-05-01 00:00:00
pay_9396824,sub_239685,cust_370343,79,USD,2023-06-01,credit_card,succeeded,2023-06-01 00:00:00
pay_2883175,sub_239685,cust_370343,79,USD,2023-07-01,ach,succeeded,2023-07-01 00:00:00
pay_2121337,sub_239685,cust_370343,79,USD,2023-08-01,ach,succeeded,2023-08-01 00:00:00
pay_6134381,sub_239685,cust_370343,79,USD,2023-09-01,ach,succeeded,2023-09-01 00:00:00
pay_5774228,sub_239685,cust_370343,79,USD,2023-10-01,credit_card,succeeded,2023-10-01 00:00:00
pay_4929809,sub_239685,cust_370343,79,USD,2023-11-01,credit_card,succeeded,2023-11-01 00:00:00
pay_7866902,sub_239685,cust_370343,79,USD,2023-12-01,credit_card,succeeded,2023-12-01 00:00:00
pay_3723046,sub_239685,cust_370343,79,USD,2024-01-01,ach,succeeded,2024-01-01 00:00:00
pay_9629982,sub_239685,cust_370343,79,USD,2024-02-01,wire,succeeded,2024-02-01 00:00:00
pay_2528343,sub_239685,cust_370343,790,USD,2024-03-01,credit_card,succeeded,2024-03-01 00:00:00
pay_8465123,sub_239685,cust_370343,79,USD,2024-04-01,credit_card,succeeded,2024-04-01 00:00:00
pay_2735432,sub_239685,cust_370343,79,USD,2024-05-01,credit_card,succeeded,2024-05-01 00:00:00
pay_5762545,sub_239685,cust_370343,79,USD,2024-06-01,credit_card,succeeded,2024-06-01 00:00:00
pay_2256482,sub_239685,cust_370343,79,USD,2024-07-01,credit_card,succeeded,2024-07-01 00:00:00
pay_5539646,sub_239685,cust_370343,79,USD,2024-08-01,wire,succeeded,2024-08-01 00:00:00
pay_5728518,sub_239685,cust_370343,199,USD,2024-09-01,credit_card,succeeded,2024-09-01 00:00:00
pay_5838878,sub_239685,cust_370343,79,USD,2024-10-01,credit_card,succeeded,2024-10-01 00:00:00
pay_5114166,sub_239685,cust_370343,79,USD,2024-11-01,credit_card,succeeded,2024-11-01 00:00:00
pay_3512415,sub_239685,cust_370343,79,USD,2024-12-01,wire,succeeded,2024-12-01 00:00:00
pay_4578033,sub_129009,cust_470711,79,USD,2023-08-12,ach,succeeded,2023-08-12 00:00:00
pay_9973716,sub_129009,cust_470711,79,USD,2023-09-01,ach,succeeded,2023-09-01 00:00:00
pay_7801205,sub_129009,cust_470711,79,USD,2023-10-01,ach,succeeded,2023-10-01 00:00:00
pay_3092024,sub_129009,cust_470711,79,USD,2023-11-01,credit_card,succeeded,2023-11-01 00:00:00
pay_3323998,sub_129009,cust_470711,79,USD,2023-12-01,ach,succeeded,2023-12-01 00:00:00
pay_7347779,sub_129009,cust_470711,79,USD,2024-01-01,credit_card,succeeded,2024-01-01 00:00:00
pay_8924770,sub_129009,cust_470711,79,USD,2024-02-01,credit_card,succeeded,2024-02-01 00:00:00
pay_6731958,sub_129009,cust_470711,79,USD,2024-03-01,wire,succeeded,2024-03-01 00:00:00
pay_2086312,sub_129009,cust_470711,79,USD,2024-04-01,wire,succeeded,2024-04-01 00:00:00
pay_8864216,sub_129009,cust_470711,79,USD,2024-05-01,credit_card,succeeded,2024-05-01 00:00:00
pay_9753354,sub_129009,cust_470711,79,USD,2024-06-01,wire,succeeded,2024-06-01 00:00:00
pay_1034042,sub_129009,cust_470711,79,USD,2024-07-01,ach,succeeded,2024-07-01 00:00:00
pay_3027043,sub_129009,cust_470711,79,USD,2024-08-01,credit_card,succeeded,2024-08-01 00:00:00
pay_3000855,sub_129009,cust_470711,79,USD,2024-09-01,credit_card,succeeded,2024-09-01 00:00:00
pay_7733179,sub_129009,cust_470711,79,USD,2024-10-01,credit_card,succeeded,2024-10-01 00:00:00
pay_2371132,sub_129009,cust_470711,79,USD,2024-11-01,credit_card,succeeded,2024-11-01 00:00:00
pay_9469764,sub_129009,cust_470711,79,USD,2024-12-01,credit_card,succeeded,2024-12-01 00:00:00
pay_8675182,sub_351044,cust_702427,29,USD,2023-10-09,credit_card,succeeded,2023-10-09 00:00:00
pay_3893430,sub_351044,cust_702427,29,USD,2023-11-01,credit_card,succeeded,2023-11-01 00:00:00
pay_9211989,sub_351044,cust_702427,29,USD,2023-12-01,credit_card,succeeded,2023-12-01 00:00:00
pay_9660068,sub_351044,cust_702427,29,USD,2024-01-01,wire,succeeded,2024-01-01 00:00:00
pay_6645229,sub_351044,cust_702427,29,USD,2024-02-01,credit_card,succeeded,2024-02-01 00:00:00
pay_9100924,sub_351044,cust_702427,29,USD,2024-03-01,credit_card,succeeded,2024-03-01 00:00:00
pay_9314402,sub_351044,cust_702427,29,USD,2024-04-01,ach,succeeded,2024-04-01 00:00:00
pay_8864423,sub_351044,cust_702427,29,USD,2024-05-01,wire,failed,2024-05-01 00:00:00
pay_3030037,sub_351044,cust_702427,29,USD,2024-06-01,credit_card,succeeded,2024-06-01 00:00:00
pay_3895443,sub_351044,cust_702427,29,USD,2024-07-01,credit_card,succeeded,2024-07-01 00:00:00
pay_3631072,sub_351044,cust_702427,29,USD,2024-08-01,credit_card,succeeded,2024-08-01 00:00:00
pay_1516641,sub_351044,cust_702427,29,USD,2024-09-01,wire,succeeded,2024-09-01 00:00:00
pay_3784969,sub_351044,cust_702427,29,USD,2024-10-01,ach,succeeded,2024-10-01 00:00:00
pay_2013391,sub_351044,cust_702427,29,USD,2024-11-01,wire,succeeded,2024-11-01 00:00:00
pay_7809306,sub_351044,cust_702427,29,USD,2024-12-01,ach,succeeded,2024-12-01 00:00:00
pay_3489781,sub_847237,cust_543732,29,USD,2024-09-01,wire,succeeded,2024-09-01 00:00:00
pay_4410278,sub_847237,cust_543732,29,USD,2024-10-01,wire,succeeded,2024-10-01 00:00:00
pay_7056694,sub_367188,cust_675210,29,USD,2024-12-01,ach,succeeded,2024-12-01 00:00:00
pay_6157968,sub_143027,cust_490394,290,USD,2024-01-09,ach,succeeded,2024-01-09 00:00:00
pay_9885323,sub_143027,cust_490394,29,USD,2024-02-01,credit_card,succeeded,2024-02-01 00:00:00
pay_1019526,sub_143027,cust_490394,29,USD,2024-03-01,credit_card,succeeded,2024-03-01 00:00:00
pay_8925331,sub_143027,cust_490394,29,USD,2024-04-01,credit_card,succeeded,2024-04-01 00:00:00
pay_1355257,sub_143027,cust_490394,79,USD,2024-05-01,ach,succeeded,2024-05-01 00:00:00
pay_5126647,sub_143027,cust_490394,79,USD,2024-06-01,ach,succeeded,2024-06-01 00:00:00
pay_2019563,sub_143027,cust_490394,79,USD,2024-07-01,wire,succeeded,2024-07-01 00:00:00
pay_7994671,sub_143027,cust_490394,79,USD,2024-08-01,ach,succeeded,2024-08-01 00:00:00
pay_4771454,sub_854525,cust_943146,79,USD,2023-08-30,credit_card,succeeded,2023-08-30 00:00:00
pay_1589264,sub_854525,cust_943146,79,USD,2023-09-01,wire,succeeded,2023-09-01 00:00:00
pay_9637743,sub_854525,cust_943146,79,USD,2023-10-01,credit_card,succeeded,2023-10-01 00:00:00
pay_5551992,sub_854525,cust_943146,79,USD,2023-11-01,wire,succeeded,2023-11-01 00:00:00
pay_8301344,sub_854525,cust_943146,79,USD,2023-12-01,ach,succeeded,2023-12-01 00:00:00
pay_8386304,sub_854525,cust_943146,79,USD,2024-01-01,ach,succeeded,2024-01-01 00:00:00
pay_3952830,sub_854525,cust_943146,79,USD,2024-02-01,wire,succeeded,2024-02-01 00:00:00
pay_1994304,sub_854525,cust_943146,79,USD,2024-03-01,ach,succeeded,2024-03-01 00:00:00
pay_5513430,sub_854525,cust_943146,79,USD,2024-04-01,credit_card,succeeded,2024-04-01 00:00:00
pay_8409519,sub_280189,cust_541996,1990,USD,2024-05-26,credit_card,succeeded,2024-05-26 00:00:00
pay_7629805,sub_280189,cust_541996,199,USD,2024-06-01,credit_card,succeeded,2024-06-01 00:00:00
pay_2506799,sub_280189,cust_541996,199,USD,2024-07-01,wire,succeeded,2024-07-01 00:00:00
pay_9424597,sub_280189,cust_541996,199,USD,2024-08-01,credit_card,succeeded,2024-08-01 00:00:00
pay_5554112,sub_280189,cust_541996,199,USD,2024-09-01,ach,succeeded,2024-09-01 00:00:00
pay_6872444,sub_280189,cust_541996,199,USD,2024-10-01,credit_card,succeeded,2024-10-01 00:00:00
pay_1677097,sub_280189,cust_541996,199,USD,2024-11-01,credit_card,succeeded,2024-11-01 00:00:00
pay_3220915,sub_280189,cust_541996,199,USD,2024-12-01,credit_card,succeeded,2024-12-01 00:00:00
pay_8339416,sub_353781,cust_695417,29,USD,2023-07-01,credit_card,succeeded,2023-07-01 00:00:00
pay_4787760,sub_353781,cust_695417,29,USD,2023-08-01,credit_card,succeeded,2023-08-01 00:00:00
pay_7525330,sub_353781,cust_695417,29,USD,2023-09-01,credit_card,succeeded,2023-09-01 00:00:00
pay_7227987,sub_353781,cust_695417,29,USD,2023-10-01,ach,succeeded,2023-10-01 00:00:00
pay_1169602,sub_353781,cust_695417,29,USD,2023-11-01,wire,succeeded,2023-11-01 00:00:00
pay_1553774,sub_353781,cust_695417,29,USD,2023-12-01,ach,succeeded,2023-12-01 00:00:00
pay_5327018,sub_353781,cust_695417,79,USD,2024-01-01,credit_card,succeeded,2024-01-01 00:00:00
pay_4810110,sub_353781,cust_695417,79,USD,2024-02-01,credit_card,succeeded,2024-02-01 00:00:00
pay_9639267,sub_353781,cust_695417,79,USD,2024-03-01,credit_card,succeeded,2024-03-01 00:00:00
pay_3491173,sub_353781,cust_695417,79,USD,2024-04-01,credit_card,succeeded,2024-04-01 00:00:00
pay_9030174,sub_353781,cust_695417,79,USD,2024-05-01,credit_card,succeeded,2024-05-01 00:00:00
pay_6747840,sub_353781,cust_695417,199,USD,2024-06-01,wire,succeeded,2024-06-01 00:00:00
pay_1414786,sub_353781,cust_695417,199,USD,2024-07-01,credit_card,succeeded,2024-07-01 00:00:00
pay_7008943,sub_806017,cust_372387,79,USD,2024-01-05,credit_card,succeeded,2024-01-05 00:00:00
pay_7848369,sub_806017,cust_372387,79,USD,2024-02-01,wire,succeeded,2024-02-01 00:00:00
pay_4256835,sub_806017,cust_372387,79,USD,2024-03-01,credit_card,succeeded,2024-03-01 00:00:00
pay_4867956,sub_806017,cust_372387,79,USD,2024-04-01,credit_card,succeeded,2024-04-01 00:00:00
pay_3172959,sub_806017,cust_372387,79,USD,2024-05-01,credit_card,succeeded,2024-05-01 00:00:00
pay_6955113,sub_806017,cust_372387,79,USD,2024-06-01,ach,succeeded,2024-06-01 00:00:00
pay_9718036,sub_806017,cust_372387,79,USD,2024-07-01,credit_card,succeeded,2024-07-01 00:00:00
pay_4676158,sub_806017,cust_372387,79,USD,2024-08-01,ach,succeeded,2024-08-01 00:00:00
pay_4124564,sub_806017,cust_372387,79,USD,2024-09-01,credit_card,succeeded,2024-09-01 00:00:00
pay_4487943,sub_806017,cust_372387,79,USD,2024-10-01,credit_card,succeeded,2024-10-01 00:00:00
pay_4849159,sub_806017,cust_372387,79,USD,2024-11-01,ach,succeeded,2024-11-01 00:00:00
pay_1892659,sub_806017,cust_372387,79,USD,2024-12-01,credit_card,succeeded,2024-12-01 00:00:00
pay_6237747,sub_276560,cust_734992,790,USD,2023-07-23,credit_card,succeeded,2023-07-23 00:00:00
pay_5210801,sub_276560,cust_734992,79,USD,2023-08-01,credit_card,succeeded,2023-08-01 00:00:00
pay_8478794,sub_276560,cust_734992,79,USD,2023-09-01,credit_card,succeeded,2023-09-01 00:00:00
pay_4205914,sub_276560,cust_734992,79,USD,2023-10-01,credit_card,succeeded,2023-10-01 00:00:00
pay_4299288,sub_276560,cust_734992,79,USD,2023-11-01,credit_card,succeeded,2023-11-01 00:00:00
pay_9634200,sub_276560,cust_734992,79,USD,2023-12-01,credit_card,succeeded,2023-12-01 00:00:00
pay_7159492,sub_276560,cust_734992,79,USD,2024-01-01,ach,succeeded,2024-01-01 00:00:00
pay_2383944,sub_276560,cust_734992,79,USD,2024-02-01,credit_card,succeeded,2024-02-01 00:00:00
pay_9168251,sub_276560,cust_734992,79,USD,2024-03-01,wire,succeeded,2024-03-01 00:00:00
pay_1212086,sub_276560,cust_734992,79,USD,2024-04-01,credit_card,succeeded,2024-04-01 00:00:00
pay_8380098,sub_276560,cust_734992,79,USD,2024-05-01,credit_card,succeeded,2024-05-01 00:00:00
pay_7235831,sub_276560,cust_734992,79,USD,2024-06-01,credit_card,succeeded,2024-06-01 00:00:00
pay_8062645,sub_276560,cust_734992,790,USD,2024-07-01,wire,succeeded,2024-07-01 00:00:00
pay_1277872,sub_276560,cust_734992,79,USD,2024-08-01,ach,succeeded,2024-08-01 00:00:00
pay_6981786,sub_276560,cust_734992,79,USD,2024-09-01,credit_card,succeeded,2024-09-01 00:00:00
pay_3417252,sub_276560,cust_734992,79,USD,2024-10-01,credit_card,succeeded,2024-10-01 00:00:00
pay_4732223,sub_276560,cust_734992,79,USD,2024-11-01,ach,succeeded,2024-11-01 00:00:00
pay_3639760,sub_276560,cust_734992,79,USD,2024-12-01,ach,succeeded,2024-12-01 00:00:00
pay_6422544,sub_476984,cust_912378,29,USD,2024-04-02,credit_card,succeeded,2024-04-02 00:00:00
pay_8554817,sub_476984,cust_912378,29,USD,2024-05-01,credit_card,succeeded,2024-05-01 00:00:00
pay_8191998,sub_476984,cust_912378,29,USD,2024-06-01,wire,succeeded,2024-06-01 00:00:00
pay_4425542,sub_476984,cust_912378,29,USD,2024-07-01,credit_card,succeeded,2024-07-01 00:00:00
pay_3227787,sub_476984,cust_912378,29,USD,2024-08-01,wire,succeeded,2024-08-01 00:00:00
pay_4580001,sub_476984,cust_912378,29,USD,2024-09-01,wire,succeeded,2024-09-01 00:00:00
pay_8664070,sub_476984,cust_912378,79,USD,2024-10-01,wire,succeeded,2024-10-01 00:00:00
pay_8864304,sub_476984,cust_912378,79,USD,2024-11-01,wire,succeeded,2024-11-01 00:00:00
pay_4543799,sub_476984,cust_912378,79,USD,2024-12-01,credit_card,succeeded,2024-12-01 00:00:00
pay_1383481,sub_372482,cust_761938,79,USD,2024-09-19,credit_card,succeeded,2024-09-19 00:00:00
pay_9553179,sub_372482,cust_761938,79,USD,2024-10-01,credit_card,succeeded,2024-10-01 00:00:00
pay_8056596,sub_372482,cust_761938,79,USD,2024-11-01,credit_card,succeeded,2024-11-01 00:00:00
pay_2353874,sub_372482,cust_761938,79,USD,2024-12-01,credit_card,succeeded,2024-12-01 00:00:00
pay_1196013,sub_986993,cust_380465,79,USD,2024-09-11,ach,succeeded,2024-09-11 00:00:00
pay_9791397,sub_986993,cust_380465,79,USD,2024-10-01,ach,succeeded,2024-10-01 00:00:00
pay_1617796,sub_986993,cust_380465,79,USD,2024-11-01,ach,succeeded,2024-11-01 00:00:00
pay_4743902,sub_196864,cust_534098,79,USD,2023-06-21,credit_card,succeeded,2023-06-21 00:00:00
pay_8902593,sub_196864,cust_534098,79,USD,2023-07-01,credit_card,succeeded,2023-07-01 00:00:00
pay_9923671,sub_196864,cust_534098,79,USD,2023-08-01,ach,succeeded,2023-08-01 00:00:00
pay_7012532,sub_196864,cust_534098,199,USD,2023-09-01,wire,succeeded,2023-09-01 00:00:00
pay_1016268,sub_196864,cust_534098,199,USD,2023-10-01,credit_card,succeeded,2023-10-01 00:00:00
pay_4107115,sub_196864,cust_534098,199,USD,2023-11-01,credit_card,succeeded,2023-11-01 00:00:00
pay_8880304,sub_196864,cust_534098,79,USD,2023-12-01,ach,succeeded,2023-12-01 00:00:00
pay_2730794,sub_196864,cust_534098,79,USD,2024-01-01,credit_card,succeeded,2024-01-01 00:00:00
pay_7718285,sub_196864,cust_534098,79,USD,2024-02-01,credit_card,succeeded,2024-02-01 00:00:00
pay_8411607,sub_196864,cust_534098,79,USD,2024-03-01,credit_card,succeeded,2024-03-01 00:00:00
pay_7956373,sub_196864,cust_534098,79,USD,2024-04-01,credit_card,succeeded,2024-04-01 00:00:00
pay_5314614,sub_196864,cust_534098,79,USD,2024-05-01,wire,succeeded,2024-05-01 00:00:00
pay_5849125,sub_196864,cust_534098,29,USD,2024-06-01,credit_card,succeeded,2024-06-01 00:00:00
pay_6836228,sub_196864,cust_534098,29,USD,2024-07-01,credit_card,succeeded,2024-07-01 00:00:00
pay_5798227,sub_196864,cust_534098,29,USD,2024-08-01,ach,succeeded,2024-08-01 00:00:00
pay_7174035,sub_196864,cust_534098,29,USD,2024-09-01,credit_card,succeeded,2024-09-01 00:00:00
pay_1976564,sub_196864,cust_534098,29,USD,2024-10-01,wire,succeeded,2024-10-01 00:00:00
pay_1525317,sub_196864,cust_534098,29,USD,2024-11-01,credit_card,succeeded,2024-11-01 00:00:00
pay_2527394,sub_196864,cust_534098,29,USD,2024-12-01,credit_card,succeeded,2024-12-01 00:00:00
pay_8847422,sub_952812,cust_385647,29,USD,2024-07-15,credit_card,succeeded,2024-07-15 00:00:00
pay_7308956,sub_952812,cust_385647,29,USD,2024-08-01,credit_card,succeeded,2024-08-01 00:00:00
pay_3814291,sub_952812,cust_385647,29,USD,2024-09-01,credit_card,succeeded,2024-09-01 00:00:00
pay_8737724,sub_353677,cust_691380,1990,USD,2024-03-21,credit_card,succeeded,2024-03-21 00:00:00
pay_4118675,sub_353677,cust_691380,199,USD,2024-04-01,credit_card,succeeded,2024-04-01 00:00:00
pay_4431026,sub_353677,cust_691380,199,USD,2024-05-01,credit_card,succeeded,2024-05-01 00:00:00
pay_8583596,sub_353677,cust_691380,199,USD,2024-06-01,credit_card,succeeded,2024-06-01 00:00:00
pay_2095751,sub_353677,cust_691380,199,USD,2024-07-01,ach,succeeded,2024-07-01 00:00:00
pay_1085369,sub_353677,cust_691380,199,USD,2024-08-01,credit_card,succeeded,2024-08-01 00:00:00
pay_1560111,sub_353677,cust_691380,199,USD,2024-09-01,wire,succeeded,2024-09-01 00:00:00
pay_9714040,sub_353677,cust_691380,199,USD,2024-10-01,ach,failed,2024-10-01 00:00:00
pay_1384288,sub_353677,cust_691380,199,USD,2024-11-01,ach,succeeded,2024-11-01 00:00:00
pay_3587917,sub_353677,cust_691380,199,USD,2024-12-01,ach,succeeded,2024-12-01 00:00:00
pay_8504013,sub_100601,cust_483551,29,USD,2024-02-27,wire,succeeded,2024-02-27 00:00:00
pay_4316893,sub_100601,cust_483551,29,USD,2024-03-01,ach,succeeded,2024-03-01 00:00:00
pay_7091258,sub_100601,cust_483551,29,USD,2024-04-01,credit_card,succeeded,2024-04-01 00:00:00
pay_8226710,sub_100601,cust_483551,29,USD,2024-05-01,credit_card,succeeded,2024-05-01 00:00:00
pay_1389380,sub_100601,cust_483551,29,USD,2024-06-01,wire,succeeded,2024-06-01 00:00:00
pay_2622817,sub_100601,cust_483551,29,USD,2024-07-01,ach,succeeded,2024-07-01 00:00:00
pay_7136216,sub_100601,cust_483551,29,USD,2024-08-01,wire,succeeded,2024-08-01 00:00:00
pay_5790971,sub_100601,cust_483551,29,USD,2024-09-01,credit_card,succeeded,2024-09-01 00:00:00
pay_5142710,sub_100601,cust_483551,29,USD,2024-10-01,credit_card,succeeded,2024-10-01 00:00:00
pay_6035632,sub_100601,cust_483551,29,USD,2024-11-01,credit_card,succeeded,2024-11-01 00:00:00
pay_4580392,sub_100601,cust_483551,29,USD,2024-12-01,credit_card,succeeded,2024-12-01 00:00:00
pay_1955619,sub_778799,cust_821179,290,USD,2024-05-18,credit_card,succeeded,2024-05-18 00:00:00
pay_1503223,sub_778799,cust_821179,29,USD,2024-06-01,credit_card,succeeded,2024-06-01 00:00:00
pay_6784289,sub_778799,cust_821179,29,USD,2024-07-01,credit_card,succeeded,2024-07-01 00:00:00
pay_8423952,sub_778799,cust_821179,29,USD,2024-08-01,wire,succeeded,2024-08-01 00:00:00
pay_6082538,sub_778799,cust_821179,29,USD,2024-09-01,ach,succeeded,2024-09-01 00:00:00
pay_9869529,sub_778799,cust_821179,29,USD,2024-10-01,wire,succeeded,2024-10-01 00:00:00
pay_8466877,sub_176983,cust_687783,29,USD,2024-03-23,credit_card,succeeded,2024-03-23 00:00:00
pay_5429570,sub_176983,cust_687783,29,USD,2024-04-01,credit_card,succeeded,2024-04-01 00:00:00
pay_7765860,sub_176983,cust_687783,29,USD,2024-05-01,wire,succeeded,2024-05-01 00:00:00
pay_4595723,sub_176983,cust_687783,79,USD,2024-06-01,wire,succeeded,2024-06-01 00:00:00
pay_3646482,sub_176983,cust_687783,79,USD,2024-07-01,credit_card,succeeded,2024-07-01 00:00:00
pay_5022231,sub_176983,cust_687783,79,USD,2024-08-01,credit_card,succeeded,2024-08-01 00:00:00
pay_7542015,sub_176983,cust_687783,79,USD,2024-09-01,credit_card,succeeded,2024-09-01 00:00:00
pay_3774944,sub_176983,cust_687783,79,USD,2024-10-01,credit_card,succeeded,2024-10-01 00:00:00
pay_6002466,sub_116820,cust_351198,199,USD,2024-06-13,credit_card,succeeded,2024-06-13 00:00:00
pay_9864908,sub_116820,cust_351198,199,USD,2024-07-01,ach,succeeded,2024-07-01 00:00:00
pay_3966280,sub_116820,cust_351198,199,USD,2024-08-01,credit_card,succeeded,2024-08-01 00:00:00
pay_2713338,sub_116820,cust_351198,199,USD,2024-09-01,credit_card,succeeded,2024-09-01 00:00:00
pay_4944902,sub_116820,cust_351198,199,USD,2024-10-01,wire,succeeded,2024-10-01 00:00:00
pay_1085715,sub_116820,cust_351198,199,USD,2024-11-01,wire,succeeded,2024-11-01 00:00:00
pay_4516117,sub_116820,cust_351198,199,USD,2024-12-01,credit_card,succeeded,2024-12-01 00:00:00
pay_8039846,sub_117173,cust_291267,290,USD,2023-05-20,wire,succeeded,2023-05-20 00:00:00
pay_8166665,sub_117173,cust_291267,29,USD,2023-06-01,credit_card,succeeded,2023-06-01 00:00:00
pay_1983115,sub_117173,cust_291267,29,USD,2023-07-01,credit_card,succeeded,2023-07-01 00:00:00
pay_5354644,sub_117173,cust_291267,29,USD,2023-08-01,ach,succeeded,2023-08-01 00:00:00
pay_8219447,sub_117173,cust_291267,29,USD,2023-09-01,wire,succeeded,2023-09-01 00:00:00
pay_2374365,sub_117173,cust_291267,29,USD,2023-10-01,ach,succeeded,2023-10-01 00:00:00
pay_3976602,sub_117173,cust_291267,29,USD,2023-11-01,credit_card,succeeded,2023-11-01 00:00:00
pay_1742890,sub_117173,cust_291267,29,USD,2023-12-01,credit_card,succeeded,2023-12-01 00:00:00
pay_7795786,sub_117173,cust_291267,29,USD,2024-01-01,credit_card,succeeded,2024-01-01 00:00:00
pay_7858111,sub_117173,cust_291267,29,USD,2024-02-01,wire,succeeded,2024-02-01 00:00:00
pay_2176584,sub_117173,cust_291267,29,USD,2024-03-01,wire,succeeded,2024-03-01 00:00:00
pay_1745151,sub_117173,cust_291267,79,USD,2024-04-01,credit_card,succeeded,2024-04-01 00:00:00
pay_6078428,sub_117173,cust_291267,790,USD,2024-05-01,credit_card,succeeded,2024-05-01 00:00:00
pay_4718013,sub_117173,cust_291267,79,USD,2024-06-01,credit_card,succeeded,2024-06-01 00:00:00
pay_3198186,sub_117173,cust_291267,79,USD,2024-07-01,wire,succeeded,2024-07-01 00:00:00
pay_7729218,sub_117173,cust_291267,79,USD,2024-08-01,credit_card,succeeded,2024-08-01 00:00:00
pay_4748441,sub_117173,cust_291267,79,USD,2024-09-01,wire,succeeded,2024-09-01 00:00:00
pay_1005430,sub_117173,cust_291267,79,USD,2024-10-01,credit_card,succeeded,2024-10-01 00:00:00
pay_6683046,sub_117173,cust_291267,79,USD,2024-11-01,ach,succeeded,2024-11-01 00:00:00
pay_9701641,sub_117173,cust_291267,79,USD,2024-12-01,credit_card,succeeded,2024-12-01 00:00:00
pay_1522888,sub_792706,cust_227885,790,USD,2023-09-12,credit_card,succeeded,2023-09-12 00:00:00
pay_5937590,sub_792706,cust_227885,79,USD,2023-10-01,credit_card,succeeded,2023-10-01 00:00:00
pay_2588414,sub_792706,cust_227885,29,USD,2023-11-01,wire,succeeded,2023-11-01 00:00:00
pay_7287806,sub_792706,cust_227885,29,USD,2023-12-01,wire,succeeded,2023-12-01 00:00:00
pay_2520290,sub_792706,cust_227885,29,USD,2024-01-01,wire,succeeded,2024-01-01 00:00:00
pay_2945079,sub_792706,cust_227885,29,USD,2024-02-01,credit_card,succeeded,2024-02-01 00:00:00
pay_7269263,sub_303941,cust_798359,29,USD,2023-08-02,credit_card,succeeded,2023-08-02 00:00:00
pay_6637865,sub_303941,cust_798359,29,USD,2023-09-01,credit_card,succeeded,2023-09-01 00:00:00
pay_4734796,sub_303941,cust_798359,29,USD,2023-10-01,wire,succeeded,2023-10-01 00:00:00
pay_8348792,sub_303941,cust_798359,29,USD,2023-11-01,credit_card,succeeded,2023-11-01 00:00:00
pay_9262026,sub_303941,cust_798359,29,USD,2023-12-01,credit_card,succeeded,2023-12-01 00:00:00
pay_9997083,sub_303941,cust_798359,29,USD,2024-01-01,credit_card,succeeded,2024-01-01 00:00:00
pay_3476369,sub_303941,cust_798359,29,USD,2024-02-01,wire,succeeded,2024-02-01 00:00:00
pay_3733615,sub_303941,cust_798359,29,USD,2024-03-01,wire,succeeded,2024-03-01 00:00:00
pay_7134426,sub_139280,cust_646230,79,USD,2023-05-06,credit_card,succeeded,2023-05-06 00:00:00
pay_2701430,sub_139280,cust_646230,79,USD,2023-06-01,wire,succeeded,2023-06-01 00:00:00
pay_3578628,sub_139280,cust_646230,79,USD,2023-07-01,wire,succeeded,2023-07-01 00:00:00
pay_3357151,sub_139280,cust_646230,79,USD,2023-08-01,credit_card,succeeded,2023-08-01 00:00:00
pay_5688368,sub_139280,cust_646230,79,USD,2023-09-01,wire,succeeded,2023-09-01 00:00:00
pay_3261050,sub_139280,cust_646230,79,USD,2023-10-01,credit_card,succeeded,2023-10-01 00:00:00
pay_5449090,sub_139280,cust_646230,199,USD,2023-11-01,credit_card,succeeded,2023-11-01 00:00:00
pay_4576858,sub_139280,cust_646230,199,USD,2023-12-01,ach,succeeded,2023-12-01 00:00:00
pay_2225437,sub_139280,cust_646230,199,USD,2024-01-01,ach,succeeded,2024-01-01 00:00:00
pay_9760228,sub_139280,cust_646230,199,USD,2024-02-01,wire,succeeded,2024-02-01 00:00:00
pay_3592071,sub_139280,cust_646230,199,USD,2024-03-01,ach,succeeded,2024-03-01 00:00:00
pay_1115847,sub_139280,cust_646230,199,USD,2024-04-01,ach,succeeded,2024-04-01 00:00:00
pay_2145771,sub_139280,cust_646230,199,USD,2024-05-01,credit_card,succeeded,2024-05-01 00:00:00
pay_3202986,sub_139280,cust_646230,199,USD,2024-06-01,credit_card,succeeded,2024-06-01 00:00:00
pay_1999008,sub_139280,cust_646230,199,USD,2024-07-01,ach,succeeded,2024-07-01 00:00:00
pay_7217607,sub_139280,cust_646230,199,USD,2024-08-01,credit_card,succeeded,2024-08-01 00:00:00
pay_9227322,sub_139280,cust_646230,199,USD,2024-09-01,credit_card,succeeded,2024-09-01 00:00:00
pay_2977692,sub_139280,cust_646230,199,USD,2024-10-01,wire,succeeded,2024-10-01 00:00:00
pay_2064889,sub_139280,cust_646230,199,USD,2024-11-01,wire,succeeded,2024-11-01 00:00:00
pay_3037405,sub_139280,cust_646230,199,USD,2024-12-01,credit_card,succeeded,2024-12-01 00:00:00
pay_4859134,sub_370157,cust_824305,79,USD,2024-05-01,wire,succeeded,2024-05-01 00:00:00
pay_4718703,sub_370157,cust_824305,79,USD,2024-06-01,credit_card,succeeded,2024-06-01 00:00:00
pay_6444980,sub_370157,cust_824305,79,USD,2024-07-01,credit_card,succeeded,2024-07-01 00:00:00
pay_9522296,sub_370157,cust_824305,79,USD,2024-08-01,ach,succeeded,2024-08-01 00:00:00
pay_3275964,sub_370157,cust_824305,79,USD,2024-09-01,credit_card,succeeded,2024-09-01 00:00:00
pay_3527377,sub_370157,cust_824305,79,USD,2024-10-01,credit_card,succeeded,2024-10-01 00:00:00
pay_5772932,sub_370157,cust_824305,79,USD,2024-11-01,credit_card,succeeded,2024-11-01 00:00:00
pay_9470736,sub_370157,cust_824305,79,USD,2024-12-01,wire,succeeded,2024-12-01 00:00:00
pay_2769249,sub_185070,cust_685472,79,USD,2024-10-22,credit_card,succeeded,2024-10-22 00:00:00
pay_7491156,sub_185070,cust_685472,79,USD,2024-11-01,credit_card,succeeded,2024-11-01 00:00:00
pay_7787413,sub_185070,cust_685472,79,USD,2024-12-01,wire,succeeded,2024-12-01 00:00:00
pay_5835315,sub_261528,cust_141406,79,USD,2024-05-11,credit_card,succeeded,2024-05-11 00:00:00
pay_3739338,sub_261528,cust_141406,79,USD,2024-06-01,credit_card,succeeded,2024-06-01 00:00:00
pay_1821298,sub_261528,cust_141406,79,USD,2024-07-01,credit_card,succeeded,2024-07-01 00:00:00
pay_1098746,sub_261528,cust_141406,79,USD,2024-08-01,wire,succeeded,2024-08-01 00:00:00
pay_5598386,sub_261528,cust_141406,79,USD,2024-09-01,credit_card,succeeded,2024-09-01 00:00:00
pay_1223625,sub_261528,cust_141406,79,USD,2024-10-01,credit_card,succeeded,2024-10-01 00:00:00
pay_7829497,sub_261528,cust_141406,79,USD,2024-11-01,credit_card,succeeded,2024-11-01 00:00:00
pay_2264611,sub_261528,cust_141406,79,USD,2024-12-01,wire,succeeded,2024-12-01 00:00:00
pay_2714746,sub_515597,cust_591147,199,USD,2023-10-09,credit_card,succeeded,2023-10-09 00:00:00
pay_4960862,sub_515597,cust_591147,199,USD,2023-11-01,credit_card,succeeded,2023-11-01 00:00:00
pay_6464058,sub_515597,cust_591147,199,USD,2023-12-01,credit_card,succeeded,2023-12-01 00:00:00
pay_6912239,sub_515597,cust_591147,199,USD,2024-01-01,credit_card,succeeded,2024-01-01 00:00:00
pay_1193858,sub_515597,cust_591147,199,USD,2024-02-01,wire,succeeded,2024-02-01 00:00:00
pay_6577035,sub_515597,cust_591147,199,USD,2024-03-01,wire,succeeded,2024-03-01 00:00:00
pay_3209608,sub_515597,cust_591147,199,USD,2024-04-01,ach,succeeded,2024-04-01 00:00:00
pay_7683619,sub_515597,cust_591147,199,USD,2024-05-01,ach,succeeded,2024-05-01 00:00:00
pay_4698345,sub_515597,cust_591147,199,USD,2024-06-01,wire,succeeded,2024-06-01 00:00:00
pay_6844967,sub_515597,cust_591147,199,USD,2024-07-01,wire,succeeded,2024-07-01 00:00:00
pay_9172376,sub_515597,cust_591147,79,USD,2024-08-01,credit_card,succeeded,2024-08-01 00:00:00
pay_5599970,sub_515597,cust_591147,29,USD,2024-09-01,credit_card,succeeded,2024-09-01 00:00:00
pay_1269713,sub_515597,cust_591147,29,USD,2024-10-01,credit_card,succeeded,2024-10-01 00:00:00
pay_8621904,sub_515597,cust_591147,29,USD,2024-11-01,ach,succeeded,2024-11-01 00:00:00
pay_4005497,sub_515597,cust_591147,29,USD,2024-12-01,credit_card,succeeded,2024-12-01 00:00:00
pay_9953228,sub_594097,cust_576136,79,USD,2023-01-01,credit_card,succeeded,2023-01-01 00:00:00
pay_7552080,sub_594097,cust_576136,79,USD,2023-02-01,wire,succeeded,2023-02-01 00:00:00
pay_6794791,sub_594097,cust_576136,79,USD,2023-03-01,credit_card,succeeded,2023-03-01 00:00:00
pay_7555631,sub_594097,cust_576136,79,USD,2023-04-01,credit_card,succeeded,2023-04-01 00:00:00
pay_9798582,sub_594097,cust_576136,79,USD,2023-05-01,ach,succeeded,2023-05-01 00:00:00
pay_5923997,sub_594097,cust_576136,79,USD,2023-06-01,ach,succeeded,2023-06-01 00:00:00
pay_6371540,sub_594097,cust_576136,79,USD,2023-07-01,wire,succeeded,2023-07-01 00:00:00
pay_3260741,sub_594097,cust_576136,79,USD,2023-08-01,ach,succeeded,2023-08-01 00:00:00
pay_8482476,sub_140833,cust_790266,290,USD,2024-07-05,ach,succeeded,2024-07-05 00:00:00
pay_7546967,sub_140833,cust_790266,29,USD,2024-08-01,ach,succeeded,2024-08-01 00:00:00
pay_7694402,sub_140833,cust_790266,29,USD,2024-09-01,ach,succeeded,2024-09-01 00:00:00
pay_4181647,sub_140833,cust_790266,29,USD,2024-10-01,credit_card,failed,2024-10-01 00:00:00
pay_3138670,sub_140833,cust_790266,29,USD,2024-11-01,credit_card,succeeded,2024-11-01 00:00:00
pay_7711232,sub_140833,cust_790266,29,USD,2024-12-01,wire,succeeded,2024-12-01 00:00:00
pay_7930068,sub_212762,cust_215830,199,USD,2023-04-09,ach,succeeded,2023-04-09 00:00:00
pay_3096077,sub_212762,cust_215830,199,USD,2023-05-01,ach,succeeded,2023-05-01 00:00:00
pay_3640755,sub_212762,cust_215830,199,USD,2023-06-01,ach,succeeded,2023-06-01 00:00:00
pay_5955190,sub_212762,cust_215830,199,USD,2023-07-01,credit_card,succeeded,2023-07-01 00:00:00
pay_7105613,sub_212762,cust_215830,79,USD,2023-08-01,ach,succeeded,2023-08-01 00:00:00
pay_4460833,sub_212762,cust_215830,79,USD,2023-09-01,credit_card,succeeded,2023-09-01 00:00:00
pay_3474935,sub_212762,cust_215830,79,USD,2023-10-01,credit_card,succeeded,2023-10-01 00:00:00
pay_4008346,sub_212762,cust_215830,79,USD,2023-11-01,credit_card,succeeded,2023-11-01 00:00:00
pay_6730611,sub_212762,cust_215830,79,USD,2023-12-01,ach,succeeded,2023-12-01 00:00:00
pay_1011537,sub_212762,cust_215830,199,USD,2024-01-01,wire,succeeded,2024-01-01 00:00:00
pay_9765768,sub_212762,cust_215830,199,USD,2024-02-01,wire,succeeded,2024-02-01 00:00:00
pay_7551149,sub_828664,cust_133362,199,USD,2024-08-07,credit_card,succeeded,2024-08-07 00:00:00
pay_2811947,sub_828664,cust_133362,199,USD,2024-09-01,credit_card,succeeded,2024-09-01 00:00:00
pay_1949008,sub_828664,cust_133362,199,USD,2024-10-01,credit_card,succeeded,2024-10-01 00:00:00
pay_1138490,sub_828664,cust_133362,199,USD,2024-11-01,credit_card,succeeded,2024-11-01 00:00:00
pay_4819531,sub_828664,cust_133362,199,USD,2024-12-01,credit_card,succeeded,2024-12-01 00:00:00
pay_2470634,sub_538272,cust_852715,790,USD,2023-03-14,credit_card,succeeded,2023-03-14 00:00:00
pay_9640862,sub_538272,cust_852715,79,USD,2023-04-01,credit_card,succeeded,2023-04-01 00:00:00
pay_7940883,sub_538272,cust_852715,79,USD,2023-05-01,credit_card,succeeded,2023-05-01 00:00:00
pay_4857678,sub_538272,cust_852715,79,USD,2023-06-01,credit_card,succeeded,2023-06-01 00:00:00
pay_5063448,sub_538272,cust_852715,79,USD,2023-07-01,credit_card,succeeded,2023-07-01 00:00:00
pay_3073320,sub_538272,cust_852715,79,USD,2023-08-01,credit_card,succeeded,2023-08-01 00:00:00
pay_3464304,sub_538272,cust_852715,79,USD,2023-09-01,wire,succeeded,2023-09-01 00:00:00
pay_5330922,sub_538272,cust_852715,199,USD,2023-10-01,credit_card,succeeded,2023-10-01 00:00:00
pay_5650035,sub_538272,cust_852715,79,USD,2023-11-01,credit_card,succeeded,2023-11-01 00:00:00
pay_1519571,sub_538272,cust_852715,79,USD,2023-12-01,wire,succeeded,2023-12-01 00:00:00
pay_9144961,sub_538272,cust_852715,29,USD,2024-01-01,wire,succeeded,2024-01-01 00:00:00
pay_4302334,sub_538272,cust_852715,29,USD,2024-02-01,ach,succeeded,2024-02-01 00:00:00
pay_9081810,sub_538272,cust_852715,290,USD,2024-03-01,wire,succeeded,2024-03-01 00:00:00
pay_3535547,sub_538272,cust_852715,29,USD,2024-04-01,credit_card,succeeded,2024-04-01 00:00:00
pay_3492884,sub_538272,cust_852715,29,USD,2024-05-01,credit_card,succeeded,2024-05-01 00:00:00
pay_8165282,sub_538272,cust_852715,29,USD,2024-06-01,wire,succeeded,2024-06-01 00:00:00
pay_2555743,sub_538272,cust_852715,29,USD,2024-07-01,credit_card,succeeded,2024-07-01 00:00:00
pay_9674575,sub_538272,cust_852715,29,USD,2024-08-01,credit_card,succeeded,2024-08-01 00:00:00
pay_1259922,sub_538272,cust_852715,29,USD,2024-09-01,credit_card,succeeded,2024-09-01 00:00:00
pay_7423431,sub_538272,cust_852715,29,USD,2024-10-01,credit_card,succeeded,2024-10-01 00:00:00
pay_3728392,sub_538272,cust_852715,29,USD,2024-11-01,ach,succeeded,2024-11-01 00:00:00
pay_8770604,sub_538272,cust_852715,29,USD,2024-12-01,wire,succeeded,2024-12-01 00:00:00
pay_8301766,sub_481901,cust_685126,79,USD,2024-03-01,credit_card,succeeded,2024-03-01 00:00:00
pay_7067008,sub_481901,cust_685126,79,USD,2024-04-01,wire,succeeded,2024-04-01 00:00:00
pay_5735214,sub_481901,cust_685126,79,USD,2024-05-01,credit_card,succeeded,2024-05-01 00:00:00
pay_7996292,sub_481901,cust_685126,199,USD,2024-06-01,credit_card,succeeded,2024-06-01 00:00:00
pay_6041682,sub_481901,cust_685126,199,USD,2024-07-01,wire,succeeded,2024-07-01 00:00:00
pay_9945384,sub_481901,cust_685126,199,USD,2024-08-01,credit_card,succeeded,2024-08-01 00:00:00
pay_9287783,sub_481901,cust_685126,199,USD,2024-09-01,credit_card,succeeded,2024-09-01 00:00:00
pay_5956453,sub_481901,cust_685126,199,USD,2024-10-01,credit_card,succeeded,2024-10-01 00:00:00
pay_6401085,sub_481901,cust_685126,199,USD,2024-11-01,credit_card,succeeded,2024-11-01 00:00:00
pay_2134281,sub_481901,cust_685126,199,USD,2024-12-01,ach,succeeded,2024-12-01 00:00:00
pay_4130061,sub_535998,cust_287588,79,USD,2024-07-25,wire,succeeded,2024-07-25 00:00:00
pay_1772799,sub_535998,cust_287588,79,USD,2024-08-01,credit_card,failed,2024-08-01 00:00:00
pay_7132464,sub_535998,cust_287588,79,USD,2024-09-01,credit_card,succeeded,2024-09-01 00:00:00
pay_9846078,sub_733257,cust_209159,29,USD,2023-06-20,credit_card,succeeded,2023-06-20 00:00:00
pay_8914267,sub_733257,cust_209159,29,USD,2023-07-01,credit_card,succeeded,2023-07-01 00:00:00
pay_5395559,sub_733257,cust_209159,29,USD,2023-08-01,ach,failed,2023-08-01 00:00:00
pay_8300574,sub_733257,cust_209159,29,USD,2023-09-01,ach,succeeded,2023-09-01 00:00:00
pay_1742572,sub_733257,cust_209159,29,USD,2023-10-01,wire,succeeded,2023-10-01 00:00:00
pay_9307136,sub_845920,cust_676802,29,USD,2023-11-29,credit_card,succeeded,2023-11-29 00:00:00
pay_9397901,sub_845920,cust_676802,29,USD,2023-12-01,ach,succeeded,2023-12-01 00:00:00
pay_3170668,sub_845920,cust_676802,29,USD,2024-01-01,credit_card,succeeded,2024-01-01 00:00:00
pay_6258079,sub_845920,cust_676802,29,USD,2024-02-01,credit_card,succeeded,2024-02-01 00:00:00
pay_4609586,sub_625417,cust_902903,79,USD,2024-07-17,ach,succeeded,2024-07-17 00:00:00
pay_4180661,sub_625417,cust_902903,79,USD,2024-08-01,credit_card,succeeded,2024-08-01 00:00:00
pay_3286132,sub_625417,cust_902903,79,USD,2024-09-01,ach,succeeded,2024-09-01 00:00:00
pay_1578253,sub_625417,cust_902903,79,USD,2024-10-01,ach,succeeded,2024-10-01 00:00:00
pay_2379079,sub_625417,cust_902903,79,USD,2024-11-01,credit_card,succeeded,2024-11-01 00:00:00
pay_5417911,sub_625417,cust_902903,79,USD,2024-12-01,credit_card,succeeded,2024-12-01 00:00:00
pay_3043149,sub_654418,cust_117094,1990,USD,2024-06-14,credit_card,failed,2024-06-14 00:00:00
pay_2369348,sub_654418,cust_117094,199,USD,2024-07-01,credit_card,succeeded,2024-07-01 00:00:00
pay_6963830,sub_654418,cust_117094,199,USD,2024-08-01,credit_card,succeeded,2024-08-01 00:00:00
pay_7408078,sub_654418,cust_117094,199,USD,2024-09-01,credit_card,succeeded,2024-09-01 00:00:00
pay_8740350,sub_654418,cust_117094,199,USD,2024-10-01,credit_card,succeeded,2024-10-01 00:00:00
pay_4434995,sub_654418,cust_117094,199,USD,2024-11-01,credit_card,succeeded,2024-11-01 00:00:00
pay_9033348,sub_654418,cust_117094,199,USD,2024-12-01,credit_card,succeeded,2024-12-01 00:00:00
pay_7080475,sub_146675,cust_823222,79,USD,2023-10-10,credit_card,succeeded,2023-10-10 00:00:00
pay_5077516,sub_146675,cust_823222,79,USD,2023-11-01,credit_card,succeeded,2023-11-01 00:00:00
pay_8565242,sub_146675,cust_823222,79,USD,2023-12-01,credit_card,succeeded,2023-12-01 00:00:00
pay_8841724,sub_146675,cust_823222,79,USD,2024-01-01,credit_card,succeeded,2024-01-01 00:00:00
pay_1766854,sub_146675,cust_823222,79,USD,2024-02-01,credit_card,succeeded,2024-02-01 00:00:00
pay_6075855,sub_146675,cust_823222,79,USD,2024-03-01,credit_card,succeeded,2024-03-01 00:00:00
pay_9327109,sub_146675,cust_823222,79,USD,2024-04-01,credit_card,succeeded,2024-04-01 00:00:00
pay_6971763,sub_146675,cust_823222,79,USD,2024-05-01,wire,succeeded,2024-05-01 00:00:00
pay_2154595,sub_146675,cust_823222,79,USD,2024-06-01,wire,succeeded,2024-06-01 00:00:00
pay_2548877,sub_146675,cust_823222,79,USD,2024-07-01,ach,succeeded,2024-07-01 00:00:00
pay_1900724,sub_146675,cust_823222,79,USD,2024-08-01,credit_card,succeeded,2024-08-01 00:00:00
pay_3574403,sub_146675,cust_823222,79,USD,2024-09-01,ach,succeeded,2024-09-01 00:00:00
pay_4646534,sub_146675,cust_823222,79,USD,2024-10-01,ach,succeeded,2024-10-01 00:00:00
pay_4684117,sub_146675,cust_823222,79,USD,2024-11-01,wire,succeeded,2024-11-01 00:00:00
pay_5839656,sub_146675,cust_823222,79,USD,2024-12-01,wire,succeeded,2024-12-01 00:00:00
pay_4534222,sub_941368,cust_931420,290,USD,2024-05-09,credit_card,succeeded,2024-05-09 00:00:00
pay_3808155,sub_941368,cust_931420,29,USD,2024-06-01,credit_card,succeeded,2024-06-01 00:00:00
pay_6393757,sub_941368,cust_931420,29,USD,2024-07-01,credit_card,succeeded,2024-07-01 00:00:00
pay_8364726,sub_603174,cust_907812,79,USD,2024-02-01,credit_card,succeeded,2024-02-01 00:00:00
pay_4468513,sub_603174,cust_907812,29,USD,2024-03-01,credit_card,succeeded,2024-03-01 00:00:00
pay_9814085,sub_603174,cust_907812,29,USD,2024-04-01,credit_card,succeeded,2024-04-01 00:00:00
pay_8773281,sub_603174,cust_907812,29,USD,2024-05-01,credit_card,succeeded,2024-05-01 00:00:00
pay_9327698,sub_603174,cust_907812,29,USD,2024-06-01,credit_card,succeeded,2024-06-01 00:00:00
pay_1301969,sub_603174,cust_907812,29,USD,2024-07-01,credit_card,failed,2024-07-01 00:00:00
pay_7897618,sub_603174,cust_907812,290,USD,2024-08-01,credit_card,succeeded,2024-08-01 00:00:00
pay_1062609,sub_603174,cust_907812,29,USD,2024-09-01,ach,succeeded,2024-09-01 00:00:00
pay_3336223,sub_603174,cust_907812,29,USD,2024-10-01,credit_card,succeeded,2024-10-01 00:00:00
pay_3594682,sub_603174,cust_907812,29,USD,2024-11-01,credit_card,succeeded,2024-11-01 00:00:00
pay_4036431,sub_603174,cust_907812,29,USD,2024-12-01,wire,succeeded,2024-12-01 00:00:00
pay_4565605,sub_179928,cust_434827,290,USD,2024-07-06,wire,succeeded,2024-07-06 00:00:00
pay_3768794,sub_179928,cust_434827,29,USD,2024-08-01,ach,succeeded,2024-08-01 00:00:00
pay_5388737,sub_179928,cust_434827,29,USD,2024-09-01,ach,succeeded,2024-09-01 00:00:00
pay_5386034,sub_179928,cust_434827,29,USD,2024-10-01,credit_card,succeeded,2024-10-01 00:00:00
pay_4314529,sub_179928,cust_434827,29,USD,2024-11-01,credit_card,succeeded,2024-11-01 00:00:00
pay_7042367,sub_179928,cust_434827,29,USD,2024-12-01,wire,succeeded,2024-12-01 00:00:00
pay_8229112,sub_227338,cust_889410,79,USD,2024-09-01,wire,succeeded,2024-09-01 00:00:00
pay_1615455,sub_227338,cust_889410,79,USD,2024-10-01,ach,succeeded,2024-10-01 00:00:00
pay_7662108,sub_227338,cust_889410,79,USD,2024-11-01,credit_card,succeeded,2024-11-01 00:00:00
pay_6910856,sub_227338,cust_889410,79,USD,2024-12-01,credit_card,succeeded,2024-12-01 00:00:00
pay_4395449,sub_800447,cust_881519,79,USD,2023-02-20,credit_card,succeeded,2023-02-20 00:00:00
pay_5439652,sub_800447,cust_881519,79,USD,2023-03-01,credit_card,succeeded,2023-03-01 00:00:00
pay_9741787,sub_800447,cust_881519,79,USD,2023-04-01,credit_card,succeeded,2023-04-01 00:00:00
pay_2536329,sub_800447,cust_881519,79,USD,2023-05-01,credit_card,succeeded,2023-05-01 00:00:00
pay_6188973,sub_800447,cust_881519,79,USD,2023-06-01,ach,succeeded,2023-06-01 00:00:00
pay_3584030,sub_800447,cust_881519,79,USD,2023-07-01,credit_card,succeeded,2023-07-01 00:00:00
pay_1488037,sub_800447,cust_881519,79,USD,2023-08-01,ach,succeeded,2023-08-01 00:00:00
pay_8846411,sub_800447,cust_881519,79,USD,2023-09-01,wire,succeeded,2023-09-01 00:00:00
pay_8949711,sub_800447,cust_881519,79,USD,2023-10-01,credit_card,succeeded,2023-10-01 00:00:00
pay_4783677,sub_800447,cust_881519,79,USD,2023-11-01,ach,succeeded,2023-11-01 00:00:00
pay_9875603,sub_800447,cust_881519,79,USD,2023-12-01,credit_card,succeeded,2023-12-01 00:00:00
pay_7891572,sub_800447,cust_881519,79,USD,2024-01-01,credit_card,succeeded,2024-01-01 00:00:00
pay_7063783,sub_800447,cust_881519,29,USD,2024-02-01,wire,succeeded,2024-02-01 00:00:00
pay_7245694,sub_800447,cust_881519,29,USD,2024-03-01,wire,succeeded,2024-03-01 00:00:00
pay_3800451,sub_800447,cust_881519,29,USD,2024-04-01,credit_card,succeeded,2024-04-01 00:00:00
pay_9382579,sub_800447,cust_881519,29,USD,2024-05-01,wire,succeeded,2024-05-01 00:00:00
pay_2751562,sub_553405,cust_307731,79,USD,2024-05-14,credit_card,succeeded,2024-05-14 00:00:00
pay_7880557,sub_553405,cust_307731,79,USD,2024-06-01,credit_card,succeeded,2024-06-01 00:00:00
pay_7608160,sub_553405,cust_307731,79,USD,2024-07-01,credit_card,succeeded,2024-07-01 00:00:00
pay_3974031,sub_553405,cust_307731,79,USD,2024-08-01,ach,succeeded,2024-08-01 00:00:00
pay_8175107,sub_553405,cust_307731,79,USD,2024-09-01,wire,succeeded,2024-09-01 00:00:00
pay_9189227,sub_553405,cust_307731,79,USD,2024-10-01,credit_card,succeeded,2024-10-01 00:00:00
pay_7054562,sub_553405,cust_307731,79,USD,2024-11-01,wire,succeeded,2024-11-01 00:00:00
pay_4500040,sub_553405,cust_307731,79,USD,2024-12-01,credit_card,succeeded,2024-12-01 00:00:00
pay_5309037,sub_880823,cust_550956,199,USD,2023-11-28,wire,succeeded,2023-11-28 00:00:00
pay_6805688,sub_880823,cust_550956,199,USD,2023-12-01,credit_card,succeeded,2023-12-01 00:00:00
pay_1394043,sub_880823,cust_550956,199,USD,2024-01-01,wire,succeeded,2024-01-01 00:00:00
pay_5995921,sub_880823,cust_550956,199,USD,2024-02-01,credit_card,succeeded,2024-02-01 00:00:00
pay_9244136,sub_880823,cust_550956,199,USD,2024-03-01,credit_card,succeeded,2024-03-01 00:00:00
pay_1217869,sub_880823,cust_550956,199,USD,2024-04-01,ach,succeeded,2024-04-01 00:00:00
pay_2929069,sub_880823,cust_550956,199,USD,2024-05-01,credit_card,succeeded,2024-05-01 00:00:00
pay_1556296,sub_880823,cust_550956,79,USD,2024-06-01,credit_card,succeeded,2024-06-01 00:00:00
pay_4757154,sub_880823,cust_550956,79,USD,2024-07-01,wire,succeeded,2024-07-01 00:00:00
pay_6166514,sub_880823,cust_550956,79,USD,2024-08-01,wire,succeeded,2024-08-01 00:00:00
pay_6164323,sub_880823,cust_550956,79,USD,2024-09-01,credit_card,succeeded,2024-09-01 00:00:00
pay_4335472,sub_880823,cust_550956,79,USD,2024-10-01,ach,succeeded,2024-10-01 00:00:00
pay_9378396,sub_880823,cust_550956,79,USD,2024-11-01,wire,succeeded,2024-11-01 00:00:00
pay_2251341,sub_880823,cust_550956,79,USD,2024-12-01,credit_card,succeeded,2024-12-01 00:00:00
pay_1214182,sub_430479,cust_787247,290,USD,2023-01-25,credit_card,succeeded,2023-01-25 00:00:00
pay_9800899,sub_430479,cust_787247,29,USD,2023-02-01,ach,failed,2023-02-01 00:00:00
pay_7450393,sub_430479,cust_787247,29,USD,2023-03-01,credit_card,succeeded,2023-03-01 00:00:00
pay_1311186,sub_430479,cust_787247,29,USD,2023-04-01,credit_card,succeeded,2023-04-01 00:00:00
pay_2502609,sub_430479,cust_787247,29,USD,2023-05-01,credit_card,succeeded,2023-05-01 00:00:00
pay_9073323,sub_430479,cust_787247,29,USD,2023-06-01,credit_card,succeeded,2023-06-01 00:00:00
pay_1448978,sub_430479,cust_787247,29,USD,2023-07-01,ach,succeeded,2023-07-01 00:00:00
pay_7390274,sub_430479,cust_787247,29,USD,2023-08-01,ach,succeeded,2023-08-01 00:00:00
pay_7494535,sub_430479,cust_787247,29,USD,2023-09-01,ach,succeeded,2023-09-01 00:00:00
pay_1613527,sub_430479,cust_787247,79,USD,2023-10-01,wire,succeeded,2023-10-01 00:00:00
pay_2982588,sub_430479,cust_787247,79,USD,2023-11-01,credit_card,succeeded,2023-11-01 00:00:00
pay_4249269,sub_430479,cust_787247,79,USD,2023-12-01,ach,succeeded,2023-12-01 00:00:00
pay_6126322,sub_430479,cust_787247,790,USD,2024-01-01,credit_card,succeeded,2024-01-01 00:00:00
pay_1958563,sub_430479,cust_787247,79,USD,2024-02-01,credit_card,succeeded,2024-02-01 00:00:00
pay_7492009,sub_430479,cust_787247,79,USD,2024-03-01,wire,succeeded,2024-03-01 00:00:00
pay_3654684,sub_243570,cust_957915,29,USD,2023-08-28,credit_card,succeeded,2023-08-28 00:00:00
pay_8868052,sub_243570,cust_957915,29,USD,2023-09-01,credit_card,succeeded,2023-09-01 00:00:00
pay_7107511,sub_243570,cust_957915,29,USD,2023-10-01,credit_card,succeeded,2023-10-01 00:00:00
pay_8447933,sub_243570,cust_957915,29,USD,2023-11-01,wire,succeeded,2023-11-01 00:00:00
pay_9202257,sub_243570,cust_957915,29,USD,2023-12-01,ach,succeeded,2023-12-01 00:00:00
pay_2939974,sub_243570,cust_957915,29,USD,2024-01-01,credit_card,failed,2024-01-01 00:00:00
pay_2608514,sub_243570,cust_957915,29,USD,2024-02-01,ach,succeeded,2024-02-01 00:00:00
pay_4449428,sub_243570,cust_957915,29,USD,2024-03-01,credit_card,succeeded,2024-03-01 00:00:00
pay_7940881,sub_243570,cust_957915,79,USD,2024-04-01,credit_card,succeeded,2024-04-01 00:00:00
pay_8113716,sub_243570,cust_957915,79,USD,2024-05-01,wire,succeeded,2024-05-01 00:00:00
pay_9529303,sub_243570,cust_957915,79,USD,2024-06-01,wire,succeeded,2024-06-01 00:00:00
pay_8048125,sub_243570,cust_957915,79,USD,2024-07-01,credit_card,succeeded,2024-07-01 00:00:00
pay_9786991,sub_243570,cust_957915,79,USD,2024-08-01,credit_card,succeeded,2024-08-01 00:00:00
pay_8957144,sub_243570,cust_957915,29,USD,2024-09-01,credit_card,succeeded,2024-09-01 00:00:00
pay_9404621,sub_243570,cust_957915,29,USD,2024-10-01,ach,succeeded,2024-10-01 00:00:00
pay_9033759,sub_243570,cust_957915,29,USD,2024-11-01,wire,succeeded,2024-11-01 00:00:00
pay_4565798,sub_243570,cust_957915,29,USD,2024-12-01,credit_card,succeeded,2024-12-01 00:00:00
pay_7890772,sub_433774,cust_254850,29,USD,2024-09-01,credit_card,succeeded,2024-09-01 00:00:00
pay_9324589,sub_433774,cust_254850,290,USD,2024-10-01,credit_card,succeeded,2024-10-01 00:00:00
pay_4368270,sub_433774,cust_254850,29,USD,2024-11-01,credit_card,succeeded,2024-11-01 00:00:00
pay_9267722,sub_433774,cust_254850,29,USD,2024-12-01,ach,succeeded,2024-12-01 00:00:00
pay_6882933,sub_877093,cust_313701,199,USD,2024-07-13,wire,succeeded,2024-07-13 00:00:00
pay_5426463,sub_877093,cust_313701,199,USD,2024-08-01,credit_card,succeeded,2024-08-01 00:00:00
pay_7496909,sub_877093,cust_313701,199,USD,2024-09-01,ach,succeeded,2024-09-01 00:00:00
pay_5447266,sub_877093,cust_313701,79,USD,2024-10-01,ach,succeeded,2024-10-01 00:00:00
pay_6853075,sub_877093,cust_313701,79,USD,2024-11-01,credit_card,succeeded,2024-11-01 00:00:00
pay_5003268,sub_877093,cust_313701,79,USD,2024-12-01,credit_card,succeeded,2024-12-01 00:00:00
pay_5240300,sub_779986,cust_108739,790,USD,2023-03-10,credit_card,succeeded,2023-03-10 00:00:00
pay_3176146,sub_779986,cust_108739,79,USD,2023-04-01,credit_card,succeeded,2023-04-01 00:00:00
pay_7116047,sub_779986,cust_108739,79,USD,2023-05-01,credit_card,failed,2023-05-01 00:00:00
pay_3846306,sub_779986,cust_108739,29,USD,2023-06-01,wire,succeeded,2023-06-01 00:00:00
pay_5578395,sub_779986,cust_108739,29,USD,2023-07-01,wire,succeeded,2023-07-01 00:00:00
pay_6281812,sub_779986,cust_108739,29,USD,2023-08-01,credit_card,succeeded,2023-08-01 00:00:00
pay_5340236,sub_779986,cust_108739,29,USD,2023-09-01,credit_card,succeeded,2023-09-01 00:00:00
pay_4976592,sub_779986,cust_108739,29,USD,2023-10-01,ach,succeeded,2023-10-01 00:00:00
pay_6861919,sub_779986,cust_108739,29,USD,2023-11-01,credit_card,succeeded,2023-11-01 00:00:00
pay_1545899,sub_779986,cust_108739,29,USD,2023-12-01,ach,succeeded,2023-12-01 00:00:00
pay_7284703,sub_779986,cust_108739,29,USD,2024-01-01,credit_card,succeeded,2024-01-01 00:00:00
pay_4333996,sub_779986,cust_108739,79,USD,2024-02-01,wire,succeeded,2024-02-01 00:00:00
pay_7759768,sub_779986,cust_108739,790,USD,2024-03-01,wire,succeeded,2024-03-01 00:00:00
pay_3027788,sub_779986,cust_108739,79,USD,2024-04-01,credit_card,succeeded,2024-04-01 00:00:00
pay_7371564,sub_779986,cust_108739,79,USD,2024-05-01,credit_card,succeeded,2024-05-01 00:00:00
pay_9805717,sub_779986,cust_108739,79,USD,2024-06-01,credit_card,succeeded,2024-06-01 00:00:00
pay_5642193,sub_779986,cust_108739,79,USD,2024-07-01,credit_card,succeeded,2024-07-01 00:00:00
pay_8693998,sub_779986,cust_108739,79,USD,2024-08-01,credit_card,succeeded,2024-08-01 00:00:00
pay_5610990,sub_779986,cust_108739,79,USD,2024-09-01,credit_card,succeeded,2024-09-01 00:00:00
pay_7481438,sub_779986,cust_108739,79,USD,2024-10-01,credit_card,succeeded,2024-10-01 00:00:00
pay_5321271,sub_779986,cust_108739,79,USD,2024-11-01,credit_card,succeeded,2024-11-01 00:00:00
pay_1769899,sub_779986,cust_108739,79,USD,2024-12-01,credit_card,succeeded,2024-12-01 00:00:00
pay_9665856,sub_841242,cust_505298,79,USD,2023-08-25,credit_card,succeeded,2023-08-25 00:00:00
pay_8582557,sub_841242,cust_505298,79,USD,2023-09-01,wire,succeeded,2023-09-01 00:00:00
pay_4390524,sub_841242,cust_505298,79,USD,2023-10-01,credit_card,succeeded,2023-10-01 00:00:00
pay_8839642,sub_841242,cust_505298,79,USD,2023-11-01,credit_card,succeeded,2023-11-01 00:00:00
pay_5470756,sub_841242,cust_505298,79,USD,2023-12-01,ach,succeeded,2023-12-01 00:00:00
pay_1626506,sub_841242,cust_505298,79,USD,2024-01-01,credit_card,succeeded,2024-01-01 00:00:00
pay_3289931,sub_841242,cust_505298,79,USD,2024-02-01,ach,succeeded,2024-02-01 00:00:00
pay_8961410,sub_841242,cust_505298,79,USD,2024-03-01,credit_card,succeeded,2024-03-01 00:00:00
pay_3460153,sub_841242,cust_505298,79,USD,2024-04-01,credit_card,succeeded,2024-04-01 00:00:00
pay_5759312,sub_841242,cust_505298,79,USD,2024-05-01,credit_card,succeeded,2024-05-01 00:00:00
pay_2489614,sub_841242,cust_505298,79,USD,2024-06-01,credit_card,succeeded,2024-06-01 00:00:00
pay_9207968,sub_841242,cust_505298,199,USD,2024-07-01,ach,succeeded,2024-07-01 00:00:00
pay_9947623,sub_841242,cust_505298,199,USD,2024-08-01,credit_card,succeeded,2024-08-01 00:00:00
pay_6501214,sub_841242,cust_505298,199,USD,2024-09-01,credit_card,succeeded,2024-09-01 00:00:00
pay_9686375,sub_841242,cust_505298,199,USD,2024-10-01,credit_card,succeeded,2024-10-01 00:00:00
pay_8742414,sub_841242,cust_505298,199,USD,2024-11-01,ach,succeeded,2024-11-01 00:00:00
pay_8874095,sub_841242,cust_505298,79,USD,2024-12-01,credit_card,succeeded,2024-12-01 00:00:00
pay_4960412,sub_254127,cust_817552,790,USD,2023-12-27,credit_card,succeeded,2023-12-27 00:00:00
pay_5422235,sub_254127,cust_817552,79,USD,2024-01-01,credit_card,succeeded,2024-01-01 00:00:00
pay_6392735,sub_254127,cust_817552,79,USD,2024-02-01,ach,succeeded,2024-02-01 00:00:00
pay_7227782,sub_254127,cust_817552,79,USD,2024-03-01,credit_card,succeeded,2024-03-01 00:00:00
pay_8936603,sub_254127,cust_817552,79,USD,2024-04-01,wire,succeeded,2024-04-01 00:00:00
pay_6727632,sub_254127,cust_817552,79,USD,2024-05-01,credit_card,succeeded,2024-05-01 00:00:00
pay_6770327,sub_254127,cust_817552,79,USD,2024-06-01,credit_card,succeeded,2024-06-01 00:00:00
pay_4116023,sub_254127,cust_817552,79,USD,2024-07-01,ach,succeeded,2024-07-01 00:00:00
pay_7769399,sub_254127,cust_817552,79,USD,2024-08-01,wire,failed,2024-08-01 00:00:00
pay_8259722,sub_254127,cust_817552,79,USD,2024-09-01,ach,succeeded,2024-09-01 00:00:00
pay_2429359,sub_254127,cust_817552,79,USD,2024-10-01,wire,succeeded,2024-10-01 00:00:00
pay_3009073,sub_254127,cust_817552,79,USD,2024-11-01,credit_card,succeeded,2024-11-01 00:00:00
pay_5012361,sub_254127,cust_817552,790,USD,2024-12-01,ach,succeeded,2024-12-01 00:00:00
pay_4664502,sub_297133,cust_954441,1990,USD,2023-01-31,wire,succeeded,2023-01-31 00:00:00
pay_4147460,sub_297133,cust_954441,199,USD,2023-02-01,ach,succeeded,2023-02-01 00:00:00
pay_7105489,sub_297133,cust_954441,199,USD,2023-03-01,wire,succeeded,2023-03-01 00:00:00
pay_9739541,sub_297133,cust_954441,199,USD,2023-04-01,credit_card,succeeded,2023-04-01 00:00:00
pay_2718893,sub_297133,cust_954441,199,USD,2023-05-01,credit_card,succeeded,2023-05-01 00:00:00
pay_5168475,sub_297133,cust_954441,199,USD,2023-06-01,ach,succeeded,2023-06-01 00:00:00
pay_9397813,sub_297133,cust_954441,199,USD,2023-07-01,ach,succeeded,2023-07-01 00:00:00
pay_9472901,sub_297133,cust_954441,199,USD,2023-08-01,credit_card,failed,2023-08-01 00:00:00
pay_2109614,sub_919350,cust_810929,1990,USD,2024-09-19,credit_card,succeeded,2024-09-19 00:00:00
pay_7785754,sub_919350,cust_810929,199,USD,2024-10-01,credit_card,succeeded,2024-10-01 00:00:00
pay_1502686,sub_919350,cust_810929,199,USD,2024-11-01,ach,succeeded,2024-11-01 00:00:00
pay_9320794,sub_919350,cust_810929,199,USD,2024-12-01,credit_card,succeeded,2024-12-01 00:00:00
pay_9853509,sub_533485,cust_316800,29,USD,2024-10-30,credit_card,succeeded,2024-10-30 00:00:00
pay_6056497,sub_533485,cust_316800,29,USD,2024-11-01,ach,succeeded,2024-11-01 00:00:00
pay_5511470,sub_533485,cust_316800,29,USD,2024-12-01,wire,succeeded,2024-12-01 00:00:00
pay_1178342,sub_546853,cust_241822,290,USD,2024-03-16,credit_card,succeeded,2024-03-16 00:00:00
pay_6893319,sub_546853,cust_241822,29,USD,2024-04-01,ach,succeeded,2024-04-01 00:00:00
pay_6512376,sub_546853,cust_241822,29,USD,2024-05-01,credit_card,succeeded,2024-05-01 00:00:00
pay_1121448,sub_546853,cust_241822,29,USD,2024-06-01,credit_card,succeeded,2024-06-01 00:00:00
pay_3169230,sub_546853,cust_241822,29,USD,2024-07-01,ach,succeeded,2024-07-01 00:00:00
pay_1968980,sub_546853,cust_241822,29,USD,2024-08-01,wire,succeeded,2024-08-01 00:00:00
pay_2974411,sub_546853,cust_241822,29,USD,2024-09-01,ach,failed,2024-09-01 00:00:00
pay_9490111,sub_546853,cust_241822,29,USD,2024-10-01,credit_card,succeeded,2024-10-01 00:00:00
pay_7542448,sub_546853,cust_241822,29,USD,2024-11-01,credit_card,succeeded,2024-11-01 00:00:00
pay_2387594,sub_546853,cust_241822,29,USD,2024-12-01,ach,succeeded,2024-12-01 00:00:00
pay_9711693,sub_331279,cust_433025,29,USD,2024-02-01,credit_card,succeeded,2024-02-01 00:00:00
pay_9431822,sub_331279,cust_433025,29,USD,2024-03-01,credit_card,succeeded,2024-03-01 00:00:00
pay_5482053,sub_331279,cust_433025,29,USD,2024-04-01,credit_card,succeeded,2024-04-01 00:00:00
pay_6292385,sub_331279,cust_433025,29,USD,2024-05-01,wire,succeeded,2024-05-01 00:00:00
pay_4353815,sub_331279,cust_433025,29,USD,2024-06-01,credit_card,succeeded,2024-06-01 00:00:00
pay_1564961,sub_331279,cust_433025,29,USD,2024-07-01,ach,succeeded,2024-07-01 00:00:00
pay_7236805,sub_331279,cust_433025,29,USD,2024-08-01,ach,succeeded,2024-08-01 00:00:00
pay_6742471,sub_396551,cust_767782,29,USD,2023-10-08,credit_card,failed,2023-10-08 00:00:00
pay_1907396,sub_396551,cust_767782,29,USD,2023-11-01,credit_card,succeeded,2023-11-01 00:00:00
pay_3666799,sub_396551,cust_767782,29,USD,2023-12-01,credit_card,succeeded,2023-12-01 00:00:00
pay_1633577,sub_396551,cust_767782,79,USD,2024-01-01,credit_card,succeeded,2024-01-01 00:00:00
pay_7747887,sub_396551,cust_767782,79,USD,2024-02-01,ach,succeeded,2024-02-01 00:00:00
pay_1357871,sub_396551,cust_767782,79,USD,2024-03-01,wire,succeeded,2024-03-01 00:00:00
pay_3770463,sub_396551,cust_767782,79,USD,2024-04-01,credit_card,succeeded,2024-04-01 00:00:00
pay_7703346,sub_396551,cust_767782,79,USD,2024-05-01,credit_card,succeeded,2024-05-01 00:00:00
pay_1053973,sub_396551,cust_767782,79,USD,2024-06-01,credit_card,succeeded,2024-06-01 00:00:00
pay_2968629,sub_396551,cust_767782,79,USD,2024-07-01,credit_card,failed,2024-07-01 00:00:00
pay_2008669,sub_396551,cust_767782,199,USD,2024-08-01,credit_card,succeeded,2024-08-01 00:00:00
pay_4497720,sub_396551,cust_767782,199,USD,2024-09-01,credit_card,succeeded,2024-09-01 00:00:00
pay_3448961,sub_396551,cust_767782,199,USD,2024-10-01,wire,failed,2024-10-01 00:00:00
pay_2567293,sub_396551,cust_767782,199,USD,2024-11-01,wire,succeeded,2024-11-01 00:00:00
pay_6475377,sub_396551,cust_767782,199,USD,2024-12-01,credit_card,succeeded,2024-12-01 00:00:00
pay_3147866,sub_148028,cust_846606,290,USD,2024-10-27,credit_card,failed,2024-10-27 00:00:00
pay_9920446,sub_148028,cust_846606,29,USD,2024-11-01,credit_card,succeeded,2024-11-01 00:00:00
pay_7450998,sub_148028,cust_846606,29,USD,2024-12-01,wire,succeeded,2024-12-01 00:00:00
pay_1930573,sub_895792,cust_115743,29,USD,2023-10-04,credit_card,succeeded,2023-10-04 00:00:00
pay_3087855,sub_895792,cust_115743,29,USD,2023-11-01,credit_card,succeeded,2023-11-01 00:00:00
pay_1938110,sub_895792,cust_115743,29,USD,2023-12-01,credit_card,succeeded,2023-12-01 00:00:00
pay_5829908,sub_895792,cust_115743,29,USD,2024-01-01,ach,succeeded,2024-01-01 00:00:00
pay_9660487,sub_895792,cust_115743,29,USD,2024-02-01,credit_card,succeeded,2024-02-01 00:00:00
pay_9143886,sub_895792,cust_115743,29,USD,2024-03-01,wire,succeeded,2024-03-01 00:00:00
pay_4432174,sub_895792,cust_115743,29,USD,2024-04-01,wire,succeeded,2024-04-01 00:00:00
pay_3522637,sub_895792,cust_115743,29,USD,2024-05-01,credit_card,succeeded,2024-05-01 00:00:00
pay_6528230,sub_895792,cust_115743,29,USD,2024-06-01,credit_card,succeeded,2024-06-01 00:00:00
pay_2761238,sub_895792,cust_115743,29,USD,2024-07-01,credit_card,succeeded,2024-07-01 00:00:00
pay_9988965,sub_895792,cust_115743,29,USD,2024-08-01,credit_card,succeeded,2024-08-01 00:00:00
pay_4150658,sub_895792,cust_115743,29,USD,2024-09-01,wire,succeeded,2024-09-01 00:00:00
pay_8324777,sub_895792,cust_115743,79,USD,2024-10-01,credit_card,succeeded,2024-10-01 00:00:00
pay_6956512,sub_895792,cust_115743,79,USD,2024-11-01,credit_card,succeeded,2024-11-01 00:00:00
pay_4098179,sub_895792,cust_115743,79,USD,2024-12-01,credit_card,succeeded,2024-12-01 00:00:00
pay_8835596,sub_138394,cust_747033,79,USD,2024-05-16,ach,succeeded,2024-05-16 00:00:00
pay_9823952,sub_138394,cust_747033,79,USD,2024-06-01,credit_card,succeeded,2024-06-01 00:00:00
pay_6678211,sub_138394,cust_747033,79,USD,2024-07-01,wire,succeeded,2024-07-01 00:00:00
pay_1899889,sub_138394,cust_747033,79,USD,2024-08-01,wire,succeeded,2024-08-01 00:00:00
pay_8100485,sub_138394,cust_747033,79,USD,2024-09-01,wire,succeeded,2024-09-01 00:00:00
pay_6089056,sub_138394,cust_747033,79,USD,2024-10-01,credit_card,succeeded,2024-10-01 00:00:00
pay_8608176,sub_138394,cust_747033,79,USD,2024-11-01,ach,succeeded,2024-11-01 00:00:00
pay_6680499,sub_138394,cust_747033,79,USD,2024-12-01,credit_card,succeeded,2024-12-01 00:00:00
pay_5935373,sub_944539,cust_428096,199,USD,2024-02-08,wire,succeeded,2024-02-08 00:00:00
pay_2931538,sub_944539,cust_428096,199,USD,2024-03-01,credit_card,succeeded,2024-03-01 00:00:00
pay_9563443,sub_944539,cust_428096,199,USD,2024-04-01,wire,succeeded,2024-04-01 00:00:00
pay_5283351,sub_944539,cust_428096,199,USD,2024-05-01,credit_card,succeeded,2024-05-01 00:00:00
pay_5873459,sub_944539,cust_428096,199,USD,2024-06-01,credit_card,succeeded,2024-06-01 00:00:00
pay_6577353,sub_944539,cust_428096,199,USD,2024-07-01,credit_card,succeeded,2024-07-01 00:00:00
pay_7928542,sub_944539,cust_428096,199,USD,2024-08-01,wire,succeeded,2024-08-01 00:00:00
pay_6816153,sub_944539,cust_428096,199,USD,2024-09-01,credit_card,succeeded,2024-09-01 00:00:00
pay_4528753,sub_944539,cust_428096,199,USD,2024-10-01,credit_card,succeeded,2024-10-01 00:00:00
pay_9527917,sub_944539,cust_428096,199,USD,2024-11-01,wire,succeeded,2024-11-01 00:00:00
pay_2040238,sub_944539,cust_428096,199,USD,2024-12-01,wire,succeeded,2024-12-01 00:00:00
pay_3249897,sub_703638,cust_967182,29,USD,2023-02-13,credit_card,succeeded,2023-02-13 00:00:00
pay_6532041,sub_703638,cust_967182,29,USD,2023-03-01,credit_card,succeeded,2023-03-01 00:00:00
pay_8583737,sub_703638,cust_967182,29,USD,2023-04-01,ach,succeeded,2023-04-01 00:00:00
pay_5555171,sub_703638,cust_967182,29,USD,2023-05-01,credit_card,succeeded,2023-05-01 00:00:00
pay_4018551,sub_703638,cust_967182,29,USD,2023-06-01,credit_card,succeeded,2023-06-01 00:00:00
pay_2970852,sub_703638,cust_967182,29,USD,2023-07-01,credit_card,succeeded,2023-07-01 00:00:00
pay_8505746,sub_703638,cust_967182,29,USD,2023-08-01,credit_card,succeeded,2023-08-01 00:00:00
pay_5166108,sub_699475,cust_299072,29,USD,2023-10-26,ach,succeeded,2023-10-26 00:00:00
pay_1646551,sub_699475,cust_299072,29,USD,2023-11-01,credit_card,succeeded,2023-11-01 00:00:00
pay_5781888,sub_699475,cust_299072,29,USD,2023-12-01,credit_card,succeeded,2023-12-01 00:00:00
pay_5768227,sub_893341,cust_823468,290,USD,2024-06-13,wire,succeeded,2024-06-13 00:00:00
pay_7980239,sub_893341,cust_823468,29,USD,2024-07-01,ach,succeeded,2024-07-01 00:00:00
pay_2770378,sub_893341,cust_823468,29,USD,2024-08-01,ach,succeeded,2024-08-01 00:00:00
pay_4313130,sub_893341,cust_823468,79,USD,2024-09-01,wire,succeeded,2024-09-01 00:00:00
pay_8076185,sub_893341,cust_823468,79,USD,2024-10-01,ach,succeeded,2024-10-01 00:00:00
pay_6534671,sub_893341,cust_823468,79,USD,2024-11-01,credit_card,succeeded,2024-11-01 00:00:00
pay_6763075,sub_893341,cust_823468,29,USD,2024-12-01,credit_card,succeeded,2024-12-01 00:00:00
pay_8556510,sub_213796,cust_829928,29,USD,2024-07-13,ach,succeeded,2024-07-13 00:00:00
pay_1349328,sub_213796,cust_829928,29,USD,2024-08-01,ach,succeeded,2024-08-01 00:00:00
pay_3598197,sub_213796,cust_829928,29,USD,2024-09-01,credit_card,succeeded,2024-09-01 00:00:00
pay_9097950,sub_213796,cust_829928,79,USD,2024-10-01,ach,succeeded,2024-10-01 00:00:00
pay_2052832,sub_213796,cust_829928,79,USD,2024-11-01,credit_card,succeeded,2024-11-01 00:00:00
pay_2898773,sub_213796,cust_829928,79,USD,2024-12-01,credit_card,succeeded,2024-12-01 00:00:00
pay_9328820,sub_575062,cust_194560,79,USD,2023-09-14,credit_card,succeeded,2023-09-14 00:00:00
pay_5746570,sub_575062,cust_194560,79,USD,2023-10-01,credit_card,succeeded,2023-10-01 00:00:00
pay_5037598,sub_575062,cust_194560,79,USD,2023-11-01,credit_card,succeeded,2023-11-01 00:00:00
pay_6640699,sub_575062,cust_194560,79,USD,2023-12-01,credit_card,succeeded,2023-12-01 00:00:00
pay_4142999,sub_575062,cust_194560,79,USD,2024-01-01,credit_card,succeeded,2024-01-01 00:00:00
pay_4601894,sub_575062,cust_194560,29,USD,2024-02-01,credit_card,succeeded,2024-02-01 00:00:00
pay_9114373,sub_575062,cust_194560,29,USD,2024-03-01,ach,succeeded,2024-03-01 00:00:00
pay_1905441,sub_575062,cust_194560,29,USD,2024-04-01,wire,succeeded,2024-04-01 00:00:00
pay_6974725,sub_575062,cust_194560,29,USD,2024-05-01,credit_card,succeeded,2024-05-01 00:00:00
pay_2537762,sub_575062,cust_194560,29,USD,2024-06-01,credit_card,succeeded,2024-06-01 00:00:00
pay_1852536,sub_575062,cust_194560,29,USD,2024-07-01,credit_card,succeeded,2024-07-01 00:00:00
pay_8946517,sub_575062,cust_194560,29,USD,2024-08-01,credit_card,succeeded,2024-08-01 00:00:00
pay_6530256,sub_575062,cust_194560,29,USD,2024-09-01,ach,succeeded,2024-09-01 00:00:00
pay_3662134,sub_575062,cust_194560,29,USD,2024-10-01,credit_card,succeeded,2024-10-01 00:00:00
pay_8663691,sub_575062,cust_194560,29,USD,2024-11-01,wire,succeeded,2024-11-01 00:00:00
pay_7559372,sub_575062,cust_194560,29,USD,2024-12-01,wire,succeeded,2024-12-01 00:00:00
pay_1775541,sub_156405,cust_764873,29,USD,2024-01-07,wire,succeeded,2024-01-07 00:00:00
pay_5069646,sub_156405,cust_764873,29,USD,2024-02-01,credit_card,succeeded,2024-02-01 00:00:00
pay_8050356,sub_156405,cust_764873,29,USD,2024-03-01,credit_card,succeeded,2024-03-01 00:00:00
pay_9684781,sub_156405,cust_764873,29,USD,2024-04-01,wire,succeeded,2024-04-01 00:00:00
pay_1410098,sub_156405,cust_764873,29,USD,2024-05-01,credit_card,succeeded,2024-05-01 00:00:00
pay_7237861,sub_156405,cust_764873,29,USD,2024-06-01,wire,succeeded,2024-06-01 00:00:00
pay_2313301,sub_343060,cust_905579,790,USD,2023-06-24,credit_card,succeeded,2023-06-24 00:00:00
pay_4432773,sub_343060,cust_905579,79,USD,2023-07-01,credit_card,succeeded,2023-07-01 00:00:00
pay_7809825,sub_343060,cust_905579,79,USD,2023-08-01,credit_card,succeeded,2023-08-01 00:00:00
pay_4185312,sub_343060,cust_905579,79,USD,2023-09-01,credit_card,succeeded,2023-09-01 00:00:00
pay_8271733,sub_343060,cust_905579,79,USD,2023-10-01,credit_card,succeeded,2023-10-01 00:00:00
pay_1714120,sub_343060,cust_905579,79,USD,2023-11-01,credit_card,succeeded,2023-11-01 00:00:00
pay_4962847,sub_343060,cust_905579,79,USD,2023-12-01,wire,succeeded,2023-12-01 00:00:00
pay_8508579,sub_343060,cust_905579,79,USD,2024-01-01,wire,succeeded,2024-01-01 00:00:00
pay_2053339,sub_343060,cust_905579,79,USD,2024-02-01,wire,succeeded,2024-02-01 00:00:00
pay_4544271,sub_315273,cust_423026,199,USD,2023-11-13,wire,succeeded,2023-11-13 00:00:00
pay_8546302,sub_315273,cust_423026,199,USD,2023-12-01,wire,succeeded,2023-12-01 00:00:00
pay_7915805,sub_315273,cust_423026,199,USD,2024-01-01,ach,succeeded,2024-01-01 00:00:00
pay_5168565,sub_315273,cust_423026,199,USD,2024-02-01,credit_card,succeeded,2024-02-01 00:00:00
pay_3266846,sub_315273,cust_423026,199,USD,2024-03-01,credit_card,succeeded,2024-03-01 00:00:00
pay_6016012,sub_315273,cust_423026,79,USD,2024-04-01,wire,succeeded,2024-04-01 00:00:00
pay_4113753,sub_315273,cust_423026,79,USD,2024-05-01,credit_card,succeeded,2024-05-01 00:00:00
pay_7790705,sub_315273,cust_423026,79,USD,2024-06-01,ach,succeeded,2024-06-01 00:00:00
pay_5665644,sub_315273,cust_423026,79,USD,2024-07-01,credit_card,succeeded,2024-07-01 00:00:00
pay_7929467,sub_315273,cust_423026,79,USD,2024-08-01,credit_card,succeeded,2024-08-01 00:00:00
pay_1503082,sub_315273,cust_423026,79,USD,2024-09-01,credit_card,succeeded,2024-09-01 00:00:00
pay_4256866,sub_912965,cust_112800,199,USD,2024-04-14,credit_card,succeeded,2024-04-14 00:00:00
pay_8282887,sub_912965,cust_112800,199,USD,2024-05-01,ach,succeeded,2024-05-01 00:00:00
pay_6490541,sub_912965,cust_112800,79,USD,2024-06-01,wire,succeeded,2024-06-01 00:00:00
pay_8958633,sub_912965,cust_112800,199,USD,2024-07-01,ach,succeeded,2024-07-01 00:00:00
pay_6072636,sub_912965,cust_112800,199,USD,2024-08-01,credit_card,succeeded,2024-08-01 00:00:00
pay_3831402,sub_912965,cust_112800,199,USD,2024-09-01,credit_card,succeeded,2024-09-01 00:00:00
pay_8480359,sub_912965,cust_112800,199,USD,2024-10-01,credit_card,succeeded,2024-10-01 00:00:00
pay_5315835,sub_912965,cust_112800,199,USD,2024-11-01,ach,succeeded,2024-11-01 00:00:00
pay_4644458,sub_912965,cust_112800,199,USD,2024-12-01,wire,succeeded,2024-12-01 00:00:00
pay_6619686,sub_401134,cust_317723,29,USD,2023-05-01,credit_card,succeeded,2023-05-01 00:00:00
pay_6486761,sub_401134,cust_317723,29,USD,2023-06-01,credit_card,succeeded,2023-06-01 00:00:00
pay_7767515,sub_401134,cust_317723,29,USD,2023-07-01,credit_card,succeeded,2023-07-01 00:00:00
pay_4288069,sub_401134,cust_317723,29,USD,2023-08-01,wire,succeeded,2023-08-01 00:00:00
pay_3560141,sub_401134,cust_317723,29,USD,2023-09-01,ach,succeeded,2023-09-01 00:00:00
pay_1186381,sub_401134,cust_317723,29,USD,2023-10-01,wire,succeeded,2023-10-01 00:00:00
pay_7291982,sub_146290,cust_447195,29,USD,2023-11-01,credit_card,succeeded,2023-11-01 00:00:00
pay_7519642,sub_146290,cust_447195,29,USD,2023-12-01,ach,succeeded,2023-12-01 00:00:00
pay_9713426,sub_146290,cust_447195,29,USD,2024-01-01,credit_card,succeeded,2024-01-01 00:00:00
pay_3042377,sub_146290,cust_447195,29,USD,2024-02-01,wire,succeeded,2024-02-01 00:00:00
pay_3333797,sub_146290,cust_447195,29,USD,2024-03-01,wire,succeeded,2024-03-01 00:00:00
pay_3447696,sub_146290,cust_447195,29,USD,2024-04-01,credit_card,succeeded,2024-04-01 00:00:00
pay_3288452,sub_146290,cust_447195,29,USD,2024-05-01,credit_card,succeeded,2024-05-01 00:00:00
pay_9231662,sub_146290,cust_447195,29,USD,2024-06-01,credit_card,succeeded,2024-06-01 00:00:00
pay_1880007,sub_146290,cust_447195,29,USD,2024-07-01,credit_card,succeeded,2024-07-01 00:00:00
pay_4865534,sub_146290,cust_447195,29,USD,2024-08-01,ach,succeeded,2024-08-01 00:00:00
pay_5527187,sub_146290,cust_447195,29,USD,2024-09-01,credit_card,succeeded,2024-09-01 00:00:00
pay_2079141,sub_146290,cust_447195,29,USD,2024-10-01,credit_card,succeeded,2024-10-01 00:00:00
pay_9253380,sub_146290,cust_447195,29,USD,2024-11-01,credit_card,succeeded,2024-11-01 00:00:00
pay_9738020,sub_146290,cust_447195,29,USD,2024-12-01,credit_card,succeeded,2024-12-01 00:00:00
pay_5103833,sub_923278,cust_925551,199,USD,2024-07-29,credit_card,succeeded,2024-07-29 00:00:00
pay_6531488,sub_923278,cust_925551,199,USD,2024-08-01,credit_card,succeeded,2024-08-01 00:00:00
pay_6461852,sub_923278,cust_925551,199,USD,2024-09-01,ach,succeeded,2024-09-01 00:00:00
pay_7238439,sub_923278,cust_925551,199,USD,2024-10-01,ach,succeeded,2024-10-01 00:00:00
pay_1035718,sub_923278,cust_925551,199,USD,2024-11-01,credit_card,succeeded,2024-11-01 00:00:00
pay_6659360,sub_923278,cust_925551,199,USD,2024-12-01,credit_card,succeeded,2024-12-01 00:00:00
pay_3210644,sub_748115,cust_960109,79,USD,2023-03-11,ach,succeeded,2023-03-11 00:00:00
pay_9035909,sub_748115,cust_960109,79,USD,2023-04-01,ach,succeeded,2023-04-01 00:00:00
pay_5285710,sub_748115,cust_960109,199,USD,2023-05-01,wire,succeeded,2023-05-01 00:00:00
pay_7949644,sub_748115,cust_960109,199,USD,2023-06-01,credit_card,succeeded,2023-06-01 00:00:00
pay_1611042,sub_748115,cust_960109,199,USD,2023-07-01,credit_card,succeeded,2023-07-01 00:00:00
pay_5284230,sub_748115,cust_960109,199,USD,2023-08-01,ach,succeeded,2023-08-01 00:00:00
pay_5216288,sub_748115,cust_960109,199,USD,2023-09-01,credit_card,succeeded,2023-09-01 00:00:00
pay_2030989,sub_748115,cust_960109,199,USD,2023-10-01,credit_card,succeeded,2023-10-01 00:00:00
pay_9558084,sub_748115,cust_960109,199,USD,2023-11-01,ach,succeeded,2023-11-01 00:00:00
pay_8648952,sub_748115,cust_960109,199,USD,2023-12-01,credit_card,succeeded,2023-12-01 00:00:00
pay_3303311,sub_748115,cust_960109,199,USD,2024-01-01,credit_card,succeeded,2024-01-01 00:00:00
pay_2389523,sub_748115,cust_960109,199,USD,2024-02-01,wire,succeeded,2024-02-01 00:00:00
pay_9853023,sub_748115,cust_960109,199,USD,2024-03-01,credit_card,succeeded,2024-03-01 00:00:00
pay_1364100,sub_748115,cust_960109,199,USD,2024-04-01,credit_card,succeeded,2024-04-01 00:00:00
pay_2699225,sub_748115,cust_960109,199,USD,2024-05-01,credit_card,succeeded,2024-05-01 00:00:00
pay_6360396,sub_748115,cust_960109,199,USD,2024-06-01,credit_card,succeeded,2024-06-01 00:00:00
pay_5414274,sub_748115,cust_960109,199,USD,2024-07-01,credit_card,succeeded,2024-07-01 00:00:00
pay_4117289,sub_748115,cust_960109,199,USD,2024-08-01,wire,succeeded,2024-08-01 00:00:00
pay_8982486,sub_748115,cust_960109,199,USD,2024-09-01,ach,succeeded,2024-09-01 00:00:00
pay_4436174,sub_748115,cust_960109,199,USD,2024-10-01,credit_card,succeeded,2024-10-01 00:00:00
pay_1798938,sub_748115,cust_960109,199,USD,2024-11-01,credit_card,succeeded,2024-11-01 00:00:00
pay_4430189,sub_748115,cust_960109,199,USD,2024-12-01,wire,succeeded,2024-12-01 00:00:00
pay_7747993,sub_519124,cust_320038,29,USD,2023-08-03,credit_card,succeeded,2023-08-03 00:00:00
pay_9479318,sub_519124,cust_320038,29,USD,2023-09-01,wire,succeeded,2023-09-01 00:00:00
pay_9238712,sub_519124,cust_320038,79,USD,2023-10-01,credit_card,succeeded,2023-10-01 00:00:00
pay_3535059,sub_519124,cust_320038,79,USD,2023-11-01,credit_card,succeeded,2023-11-01 00:00:00
pay_9870866,sub_519124,cust_320038,79,USD,2023-12-01,credit_card,succeeded,2023-12-01 00:00:00
pay_5957199,sub_519124,cust_320038,79,USD,2024-01-01,wire,succeeded,2024-01-01 00:00:00
pay_7818750,sub_519124,cust_320038,79,USD,2024-02-01,credit_card,succeeded,2024-02-01 00:00:00
pay_1351140,sub_236850,cust_926471,79,USD,2023-10-22,credit_card,succeeded,2023-10-22 00:00:00
pay_8936991,sub_236850,cust_926471,79,USD,2023-11-01,credit_card,succeeded,2023-11-01 00:00:00
pay_6894627,sub_236850,cust_926471,79,USD,2023-12-01,wire,succeeded,2023-12-01 00:00:00
pay_2605286,sub_236850,cust_926471,79,USD,2024-01-01,credit_card,succeeded,2024-01-01 00:00:00
pay_4616644,sub_236850,cust_926471,79,USD,2024-02-01,credit_card,succeeded,2024-02-01 00:00:00
pay_9452364,sub_236850,cust_926471,79,USD,2024-03-01,credit_card,succeeded,2024-03-01 00:00:00
pay_1104674,sub_236850,cust_926471,79,USD,2024-04-01,ach,succeeded,2024-04-01 00:00:00
pay_7145165,sub_236850,cust_926471,79,USD,2024-05-01,credit_card,succeeded,2024-05-01 00:00:00
pay_8182438,sub_236850,cust_926471,199,USD,2024-06-01,credit_card,succeeded,2024-06-01 00:00:00
pay_3569308,sub_236850,cust_926471,199,USD,2024-07-01,credit_card,failed,2024-07-01 00:00:00
pay_8646625,sub_236850,cust_926471,199,USD,2024-08-01,credit_card,succeeded,2024-08-01 00:00:00
pay_4375010,sub_236850,cust_926471,199,USD,2024-09-01,ach,succeeded,2024-09-01 00:00:00
pay_8499605,sub_236850,cust_926471,199,USD,2024-10-01,credit_card,succeeded,2024-10-01 00:00:00
pay_3600427,sub_236850,cust_926471,79,USD,2024-11-01,credit_card,succeeded,2024-11-01 00:00:00
pay_2387217,sub_236850,cust_926471,79,USD,2024-12-01,wire,succeeded,2024-12-01 00:00:00
pay_5731239,sub_295652,cust_620509,199,USD,2024-06-16,credit_card,succeeded,2024-06-16 00:00:00
pay_4013443,sub_295652,cust_620509,199,USD,2024-07-01,ach,succeeded,2024-07-01 00:00:00
pay_6895346,sub_295652,cust_620509,199,USD,2024-08-01,ach,succeeded,2024-08-01 00:00:00
pay_3944968,sub_295652,cust_620509,199,USD,2024-09-01,credit_card,succeeded,2024-09-01 00:00:00
pay_2450355,sub_295652,cust_620509,199,USD,2024-10-01,ach,succeeded,2024-10-01 00:00:00
pay_6700102,sub_295652,cust_620509,199,USD,2024-11-01,wire,succeeded,2024-11-01 00:00:00
pay_3441853,sub_295652,cust_620509,199,USD,2024-12-01,credit_card,failed,2024-12-01 00:00:00
pay_6565956,sub_495597,cust_223949,79,USD,2023-01-25,credit_card,succeeded,2023-01-25 00:00:00
pay_8665557,sub_495597,cust_223949,79,USD,2023-02-01,credit_card,succeeded,2023-02-01 00:00:00
pay_5059319,sub_495597,cust_223949,79,USD,2023-03-01,ach,succeeded,2023-03-01 00:00:00
pay_8936786,sub_495597,cust_223949,79,USD,2023-04-01,credit_card,succeeded,2023-04-01 00:00:00
pay_6269479,sub_495597,cust_223949,79,USD,2023-05-01,credit_card,succeeded,2023-05-01 00:00:00
pay_6976827,sub_495597,cust_223949,79,USD,2023-06-01,ach,failed,2023-06-01 00:00:00
pay_1699094,sub_495597,cust_223949,79,USD,2023-07-01,ach,succeeded,2023-07-01 00:00:00
pay_6355401,sub_495597,cust_223949,79,USD,2023-08-01,ach,succeeded,2023-08-01 00:00:00
pay_2191148,sub_495597,cust_223949,79,USD,2023-09-01,credit_card,succeeded,2023-09-01 00:00:00
pay_9766934,sub_495597,cust_223949,79,USD,2023-10-01,credit_card,succeeded,2023-10-01 00:00:00
pay_8610816,sub_495597,cust_223949,79,USD,2023-11-01,wire,succeeded,2023-11-01 00:00:00
pay_4023728,sub_495597,cust_223949,79,USD,2023-12-01,credit_card,succeeded,2023-12-01 00:00:00
pay_4147796,sub_495597,cust_223949,79,USD,2024-01-01,wire,succeeded,2024-01-01 00:00:00
pay_4881349,sub_495597,cust_223949,79,USD,2024-02-01,credit_card,succeeded,2024-02-01 00:00:00
pay_7217223,sub_495597,cust_223949,79,USD,2024-03-01,credit_card,succeeded,2024-03-01 00:00:00
pay_6363202,sub_495597,cust_223949,79,USD,2024-04-01,credit_card,succeeded,2024-04-01 00:00:00
pay_8023000,sub_495597,cust_223949,79,USD,2024-05-01,credit_card,succeeded,2024-05-01 00:00:00
pay_1940615,sub_495597,cust_223949,79,USD,2024-06-01,ach,succeeded,2024-06-01 00:00:00
pay_4159912,sub_303768,cust_904291,290,USD,2023-01-07,credit_card,succeeded,2023-01-07 00:00:00
pay_9858588,sub_303768,cust_904291,29,USD,2023-02-01,credit_card,succeeded,2023-02-01 00:00:00
pay_5553498,sub_303768,cust_904291,29,USD,2023-03-01,credit_card,succeeded,2023-03-01 00:00:00
pay_5447081,sub_303768,cust_904291,29,USD,2023-04-01,ach,succeeded,2023-04-01 00:00:00
pay_6609093,sub_303768,cust_904291,29,USD,2023-05-01,credit_card,succeeded,2023-05-01 00:00:00
pay_1411877,sub_303768,cust_904291,29,USD,2023-06-01,credit_card,succeeded,2023-06-01 00:00:00
pay_6110124,sub_303768,cust_904291,29,USD,2023-07-01,credit_card,succeeded,2023-07-01 00:00:00
pay_2087050,sub_303768,cust_904291,79,USD,2023-08-01,credit_card,succeeded,2023-08-01 00:00:00
pay_9462834,sub_303768,cust_904291,79,USD,2023-09-01,credit_card,succeeded,2023-09-01 00:00:00
pay_2652996,sub_303768,cust_904291,79,USD,2023-10-01,credit_card,succeeded,2023-10-01 00:00:00
pay_4193733,sub_303768,cust_904291,79,USD,2023-11-01,credit_card,succeeded,2023-11-01 00:00:00
pay_7124098,sub_303768,cust_904291,79,USD,2023-12-01,credit_card,succeeded,2023-12-01 00:00:00
pay_7990186,sub_303768,cust_904291,790,USD,2024-01-01,credit_card,succeeded,2024-01-01 00:00:00
pay_1109273,sub_303768,cust_904291,79,USD,2024-02-01,credit_card,succeeded,2024-02-01 00:00:00
pay_7179124,sub_303768,cust_904291,79,USD,2024-03-01,credit_card,succeeded,2024-03-01 00:00:00
pay_1888105,sub_303768,cust_904291,79,USD,2024-04-01,credit_card,succeeded,2024-04-01 00:00:00
pay_5727959,sub_303768,cust_904291,79,USD,2024-05-01,credit_card,succeeded,2024-05-01 00:00:00
pay_5421583,sub_303768,cust_904291,79,USD,2024-06-01,credit_card,succeeded,2024-06-01 00:00:00
pay_8532522,sub_303768,cust_904291,79,USD,2024-07-01,credit_card,succeeded,2024-07-01 00:00:00
pay_3461593,sub_303768,cust_904291,79,USD,2024-08-01,credit_card,succeeded,2024-08-01 00:00:00
pay_1179918,sub_303768,cust_904291,79,USD,2024-09-01,credit_card,succeeded,2024-09-01 00:00:00
pay_2867625,sub_303768,cust_904291,79,USD,2024-10-01,credit_card,succeeded,2024-10-01 00:00:00
pay_3845700,sub_303768,cust_904291,79,USD,2024-11-01,wire,succeeded,2024-11-01 00:00:00
pay_4757673,sub_303768,cust_904291,79,USD,2024-12-01,credit_card,succeeded,2024-12-01 00:00:00
pay_8897047,sub_620792,cust_805139,790,USD,2024-05-05,credit_card,succeeded,2024-05-05 00:00:00
pay_7276558,sub_620792,cust_805139,79,USD,2024-06-01,ach,succeeded,2024-06-01 00:00:00
pay_8617079,sub_620792,cust_805139,79,USD,2024-07-01,ach,succeeded,2024-07-01 00:00:00
pay_7291049,sub_620792,cust_805139,199,USD,2024-08-01,credit_card,succeeded,2024-08-01 00:00:00
pay_2583664,sub_620792,cust_805139,199,USD,2024-09-01,ach,succeeded,2024-09-01 00:00:00
pay_4972084,sub_620792,cust_805139,199,USD,2024-10-01,wire,succeeded,2024-10-01 00:00:00
pay_2160805,sub_127859,cust_953715,290,USD,2024-02-28,credit_card,succeeded,2024-02-28 00:00:00
pay_7091533,sub_127859,cust_953715,29,USD,2024-03-01,wire,succeeded,2024-03-01 00:00:00
pay_7348900,sub_127859,cust_953715,29,USD,2024-04-01,wire,succeeded,2024-04-01 00:00:00
pay_4174324,sub_127859,cust_953715,29,USD,2024-05-01,credit_card,succeeded,2024-05-01 00:00:00
pay_2235408,sub_127859,cust_953715,29,USD,2024-06-01,ach,succeeded,2024-06-01 00:00:00
pay_7304758,sub_127859,cust_953715,79,USD,2024-07-01,credit_card,succeeded,2024-07-01 00:00:00
pay_1468585,sub_127859,cust_953715,79,USD,2024-08-01,wire,succeeded,2024-08-01 00:00:00
pay_5323488,sub_127859,cust_953715,79,USD,2024-09-01,credit_card,succeeded,2024-09-01 00:00:00
pay_6878493,sub_127859,cust_953715,79,USD,2024-10-01,credit_card,succeeded,2024-10-01 00:00:00
pay_6954959,sub_127859,cust_953715,79,USD,2024-11-01,credit_card,succeeded,2024-11-01 00:00:00
pay_6604411,sub_127859,cust_953715,79,USD,2024-12-01,wire,succeeded,2024-12-01 00:00:00
pay_7184221,sub_963020,cust_818791,29,USD,2024-07-01,ach,succeeded,2024-07-01 00:00:00
pay_9346043,sub_963020,cust_818791,29,USD,2024-08-01,ach,failed,2024-08-01 00:00:00
pay_1112516,sub_963020,cust_818791,29,USD,2024-09-01,wire,succeeded,2024-09-01 00:00:00
pay_4018667,sub_963020,cust_818791,29,USD,2024-10-01,credit_card,succeeded,2024-10-01 00:00:00
pay_6374378,sub_963020,cust_818791,79,USD,2024-11-01,ach,succeeded,2024-11-01 00:00:00
pay_4058281,sub_963020,cust_818791,790,USD,2024-12-01,ach,succeeded,2024-12-01 00:00:00
pay_3686287,sub_459609,cust_735111,290,USD,2024-02-03,ach,succeeded,2024-02-03 00:00:00
pay_3158731,sub_459609,cust_735111,29,USD,2024-03-01,ach,failed,2024-03-01 00:00:00
pay_2088084,sub_459609,cust_735111,29,USD,2024-04-01,credit_card,succeeded,2024-04-01 00:00:00
pay_9598872,sub_459609,cust_735111,29,USD,2024-10-01,credit_card,succeeded,2024-10-01 00:00:00
pay_1442743,sub_459609,cust_735111,29,USD,2024-11-01,wire,succeeded,2024-11-01 00:00:00
pay_4695683,sub_459609,cust_735111,29,USD,2024-12-01,ach,succeeded,2024-12-01 00:00:00
pay_2140904,sub_538586,cust_621199,79,USD,2023-09-01,wire,succeeded,2023-09-01 00:00:00
pay_1058521,sub_538586,cust_621199,79,USD,2023-10-01,wire,succeeded,2023-10-01 00:00:00
pay_8840888,sub_538586,cust_621199,79,USD,2023-11-01,credit_card,succeeded,2023-11-01 00:00:00
pay_4293446,sub_538586,cust_621199,199,USD,2023-12-01,credit_card,succeeded,2023-12-01 00:00:00
pay_7815179,sub_538586,cust_621199,199,USD,2024-01-01,credit_card,succeeded,2024-01-01 00:00:00
pay_6783538,sub_538586,cust_621199,199,USD,2024-02-01,wire,succeeded,2024-02-01 00:00:00
pay_9236732,sub_538586,cust_621199,199,USD,2024-03-01,ach,succeeded,2024-03-01 00:00:00
pay_2419802,sub_538586,cust_621199,199,USD,2024-04-01,credit_card,succeeded,2024-04-01 00:00:00
pay_8787075,sub_538586,cust_621199,199,USD,2024-05-01,credit_card,succeeded,2024-05-01 00:00:00
pay_9498003,sub_538586,cust_621199,199,USD,2024-06-01,credit_card,succeeded,2024-06-01 00:00:00
pay_2687061,sub_538586,cust_621199,199,USD,2024-07-01,credit_card,succeeded,2024-07-01 00:00:00
pay_8160556,sub_538586,cust_621199,199,USD,2024-08-01,wire,succeeded,2024-08-01 00:00:00
pay_6132296,sub_538586,cust_621199,199,USD,2024-09-01,ach,succeeded,2024-09-01 00:00:00
pay_9235215,sub_538586,cust_621199,199,USD,2024-10-01,ach,failed,2024-10-01 00:00:00
pay_6334061,sub_538586,cust_621199,199,USD,2024-11-01,wire,succeeded,2024-11-01 00:00:00
pay_2880198,sub_538586,cust_621199,79,USD,2024-12-01,wire,succeeded,2024-12-01 00:00:00
pay_3504777,sub_918210,cust_311915,790,USD,2023-04-05,credit_card,succeeded,2023-04-05 00:00:00
pay_3015387,sub_918210,cust_311915,79,USD,2023-05-01,credit_card,succeeded,2023-05-01 00:00:00
pay_5029184,sub_918210,cust_311915,79,USD,2023-06-01,wire,succeeded,2023-06-01 00:00:00
pay_8710198,sub_918210,cust_311915,79,USD,2023-07-01,credit_card,succeeded,2023-07-01 00:00:00
pay_3931114,sub_918210,cust_311915,79,USD,2023-08-01,credit_card,succeeded,2023-08-01 00:00:00
pay_9321316,sub_918210,cust_311915,79,USD,2023-09-01,credit_card,succeeded,2023-09-01 00:00:00
pay_8834550,sub_918210,cust_311915,79,USD,2023-10-01,credit_card,succeeded,2023-10-01 00:00:00
pay_9807052,sub_918210,cust_311915,79,USD,2023-11-01,ach,succeeded,2023-11-01 00:00:00
pay_4173187,sub_918210,cust_311915,79,USD,2023-12-01,credit_card,succeeded,2023-12-01 00:00:00
pay_3193079,sub_918210,cust_311915,79,USD,2024-01-01,credit_card,succeeded,2024-01-01 00:00:00
pay_9332195,sub_918210,cust_311915,79,USD,2024-02-01,credit_card,succeeded,2024-02-01 00:00:00
pay_5733741,sub_918210,cust_311915,79,USD,2024-03-01,ach,succeeded,2024-03-01 00:00:00
pay_5005695,sub_918210,cust_311915,1990,USD,2024-04-01,credit_card,succeeded,2024-04-01 00:00:00
pay_6588362,sub_918210,cust_311915,199,USD,2024-05-01,wire,succeeded,2024-05-01 00:00:00
pay_4945943,sub_918210,cust_311915,199,USD,2024-06-01,credit_card,succeeded,2024-06-01 00:00:00
pay_8879851,sub_918210,cust_311915,199,USD,2024-07-01,credit_card,succeeded,2024-07-01 00:00:00
pay_3425906,sub_918210,cust_311915,199,USD,2024-08-01,credit_card,succeeded,2024-08-01 00:00:00
pay_4357908,sub_918210,cust_311915,199,USD,2024-09-01,credit_card,succeeded,2024-09-01 00:00:00
pay_5264310,sub_918210,cust_311915,199,USD,2024-10-01,ach,succeeded,2024-10-01 00:00:00
pay_3065085,sub_918210,cust_311915,199,USD,2024-11-01,credit_card,succeeded,2024-11-01 00:00:00
pay_9235977,sub_918210,cust_311915,199,USD,2024-12-01,credit_card,succeeded,2024-12-01 00:00:00
pay_8050267,sub_557431,cust_649063,29,USD,2023-11-14,wire,succeeded,2023-11-14 00:00:00
pay_4536953,sub_557431,cust_649063,29,USD,2023-12-01,credit_card,succeeded,2023-12-01 00:00:00
pay_1630348,sub_557431,cust_649063,29,USD,2024-01-01,credit_card,succeeded,2024-01-01 00:00:00
pay_5115714,sub_557431,cust_649063,29,USD,2024-02-01,wire,succeeded,2024-02-01 00:00:00
pay_4636454,sub_557431,cust_649063,29,USD,2024-03-01,credit_card,succeeded,2024-03-01 00:00:00
pay_7598728,sub_557431,cust_649063,29,USD,2024-04-01,wire,succeeded,2024-04-01 00:00:00
pay_9010135,sub_557431,cust_649063,29,USD,2024-05-01,credit_card,succeeded,2024-05-01 00:00:00
pay_6526818,sub_557431,cust_649063,29,USD,2024-06-01,credit_card,succeeded,2024-06-01 00:00:00
pay_3880053,sub_557431,cust_649063,79,USD,2024-07-01,credit_card,succeeded,2024-07-01 00:00:00
pay_5643359,sub_557431,cust_649063,79,USD,2024-08-01,wire,succeeded,2024-08-01 00:00:00
pay_5254385,sub_557431,cust_649063,79,USD,2024-09-01,ach,succeeded,2024-09-01 00:00:00
pay_2908179,sub_557431,cust_649063,79,USD,2024-10-01,credit_card,succeeded,2024-10-01 00:00:00
pay_7765092,sub_557431,cust_649063,79,USD,2024-11-01,wire,succeeded,2024-11-01 00:00:00
pay_4304572,sub_557431,cust_649063,79,USD,2024-12-01,credit_card,succeeded,2024-12-01 00:00:00
pay_3050519,sub_799512,cust_138328,790,USD,2024-04-15,ach,succeeded,2024-04-15 00:00:00
pay_3771635,sub_799512,cust_138328,79,USD,2024-05-01,credit_card,succeeded,2024-05-01 00:00:00
pay_4708239,sub_799512,cust_138328,79,USD,2024-06-01,credit_card,succeeded,2024-06-01 00:00:00
pay_8719030,sub_799512,cust_138328,79,USD,2024-07-01,wire,succeeded,2024-07-01 00:00:00
pay_1135474,sub_799512,cust_138328,79,USD,2024-08-01,credit_card,succeeded,2024-08-01 00:00:00
pay_5645661,sub_799512,cust_138328,79,USD,2024-09-01,ach,succeeded,2024-09-01 00:00:00
pay_1930815,sub_799512,cust_138328,79,USD,2024-10-01,credit_card,succeeded,2024-10-01 00:00:00
pay_9092582,sub_799512,cust_138328,79,USD,2024-11-01,ach,succeeded,2024-11-01 00:00:00
pay_2323346,sub_799512,cust_138328,199,USD,2024-12-01,ach,succeeded,2024-12-01 00:00:00
pay_2244267,sub_367642,cust_310297,29,USD,2023-07-17,credit_card,succeeded,2023-07-17 00:00:00
pay_4551449,sub_367642,cust_310297,29,USD,2023-08-01,credit_card,succeeded,2023-08-01 00:00:00
pay_4462747,sub_367642,cust_310297,29,USD,2023-09-01,credit_card,succeeded,2023-09-01 00:00:00
pay_2283313,sub_367642,cust_310297,29,USD,2023-10-01,credit_card,succeeded,2023-10-01 00:00:00
pay_9303945,sub_367642,cust_310297,29,USD,2023-11-01,credit_card,succeeded,2023-11-01 00:00:00
pay_3360932,sub_367642,cust_310297,29,USD,2023-12-01,ach,succeeded,2023-12-01 00:00:00
pay_5557931,sub_367642,cust_310297,29,USD,2024-01-01,wire,succeeded,2024-01-01 00:00:00
pay_4155713,sub_367642,cust_310297,29,USD,2024-02-01,ach,succeeded,2024-02-01 00:00:00
pay_7260583,sub_367642,cust_310297,29,USD,2024-03-01,ach,succeeded,2024-03-01 00:00:00
pay_8007933,sub_367642,cust_310297,29,USD,2024-04-01,credit_card,succeeded,2024-04-01 00:00:00
pay_5304732,sub_367642,cust_310297,29,USD,2024-05-01,credit_card,succeeded,2024-05-01 00:00:00
pay_2684767,sub_367642,cust_310297,29,USD,2024-06-01,ach,succeeded,2024-06-01 00:00:00
pay_8727784,sub_367642,cust_310297,29,USD,2024-07-01,credit_card,succeeded,2024-07-01 00:00:00
pay_6291925,sub_367642,cust_310297,79,USD,2024-08-01,credit_card,succeeded,2024-08-01 00:00:00
pay_5568035,sub_367642,cust_310297,79,USD,2024-09-01,credit_card,failed,2024-09-01 00:00:00
pay_5573235,sub_367642,cust_310297,199,USD,2024-10-01,credit_card,succeeded,2024-10-01 00:00:00
pay_2014070,sub_367642,cust_310297,199,USD,2024-11-01,credit_card,succeeded,2024-11-01 00:00:00
pay_3447911,sub_367642,cust_310297,199,USD,2024-12-01,ach,failed,2024-12-01 00:00:00
pay_8951448,sub_254069,cust_753205,29,USD,2024-07-27,credit_card,succeeded,2024-07-27 00:00:00
pay_6852022,sub_254069,cust_753205,29,USD,2024-08-01,credit_card,succeeded,2024-08-01 00:00:00
pay_3520838,sub_254069,cust_753205,29,USD,2024-09-01,credit_card,succeeded,2024-09-01 00:00:00
pay_1023435,sub_697144,cust_279594,79,USD,2023-03-14,credit_card,succeeded,2023-03-14 00:00:00
pay_2191242,sub_697144,cust_279594,79,USD,2023-04-01,wire,succeeded,2023-04-01 00:00:00
pay_7973599,sub_697144,cust_279594,79,USD,2023-05-01,wire,succeeded,2023-05-01 00:00:00
pay_2906299,sub_697144,cust_279594,79,USD,2023-06-01,credit_card,succeeded,2023-06-01 00:00:00
pay_5117463,sub_697144,cust_279594,79,USD,2023-07-01,credit_card,succeeded,2023-07-01 00:00:00
pay_6384807,sub_697144,cust_279594,79,USD,2023-08-01,credit_card,succeeded,2023-08-01 00:00:00
pay_9435536,sub_697144,cust_279594,79,USD,2023-09-01,credit_card,succeeded,2023-09-01 00:00:00
pay_6451769,sub_697144,cust_279594,79,USD,2023-10-01,ach,succeeded,2023-10-01 00:00:00
pay_4165058,sub_697144,cust_279594,79,USD,2023-11-01,credit_card,succeeded,2023-11-01 00:00:00
pay_7637429,sub_697144,cust_279594,79,USD,2023-12-01,credit_card,succeeded,2023-12-01 00:00:00
pay_7912820,sub_697144,cust_279594,79,USD,2024-01-01,credit_card,succeeded,2024-01-01 00:00:00
pay_3707365,sub_697144,cust_279594,79,USD,2024-02-01,ach,succeeded,2024-02-01 00:00:00
pay_6609009,sub_697144,cust_279594,79,USD,2024-03-01,credit_card,succeeded,2024-03-01 00:00:00
pay_3729089,sub_697144,cust_279594,79,USD,2024-04-01,credit_card,succeeded,2024-04-01 00:00:00
pay_3070990,sub_697144,cust_279594,29,USD,2024-05-01,credit_card,succeeded,2024-05-01 00:00:00
pay_5205384,sub_697144,cust_279594,29,USD,2024-06-01,ach,succeeded,2024-06-01 00:00:00
pay_3845703,sub_697144,cust_279594,29,USD,2024-07-01,credit_card,succeeded,2024-07-01 00:00:00
pay_5772963,sub_697144,cust_279594,29,USD,2024-08-01,credit_card,succeeded,2024-08-01 00:00:00
pay_2398549,sub_697144,cust_279594,29,USD,2024-09-01,ach,succeeded,2024-09-01 00:00:00
pay_5951020,sub_697144,cust_279594,29,USD,2024-10-01,credit_card,succeeded,2024-10-01 00:00:00
pay_7426091,sub_697144,cust_279594,29,USD,2024-11-01,credit_card,succeeded,2024-11-01 00:00:00
pay_6712992,sub_697144,cust_279594,29,USD,2024-12-01,credit_card,succeeded,2024-12-01 00:00:00
pay_1831937,sub_645252,cust_502233,29,USD,2023-02-25,credit_card,succeeded,2023-02-25 00:00:00
pay_5191541,sub_645252,cust_502233,29,USD,2023-03-01,wire,succeeded,2023-03-01 00:00:00
pay_2291707,sub_645252,cust_502233,29,USD,2023-04-01,credit_card,succeeded,2023-04-01 00:00:00
pay_6997357,sub_645252,cust_502233,29,USD,2023-05-01,credit_card,succeeded,2023-05-01 00:00:00
pay_6658905,sub_645252,cust_502233,29,USD,2023-06-01,credit_card,succeeded,2023-06-01 00:00:00
pay_2432902,sub_645252,cust_502233,29,USD,2023-07-01,credit_card,succeeded,2023-07-01 00:00:00
pay_3859793,sub_645252,cust_502233,29,USD,2023-08-01,credit_card,failed,2023-08-01 00:00:00
pay_2790029,sub_645252,cust_502233,29,USD,2023-09-01,ach,succeeded,2023-09-01 00:00:00
pay_2130365,sub_645252,cust_502233,29,USD,2023-10-01,ach,succeeded,2023-10-01 00:00:00
pay_6661219,sub_645252,cust_502233,29,USD,2023-11-01,ach,succeeded,2023-11-01 00:00:00
pay_2441062,sub_645252,cust_502233,29,USD,2023-12-01,wire,succeeded,2023-12-01 00:00:00
pay_6633387,sub_645252,cust_502233,29,USD,2024-01-01,credit_card,succeeded,2024-01-01 00:00:00
pay_4663001,sub_645252,cust_502233,29,USD,2024-02-01,credit_card,succeeded,2024-02-01 00:00:00
pay_7034034,sub_645252,cust_502233,29,USD,2024-03-01,credit_card,succeeded,2024-03-01 00:00:00
pay_6713381,sub_645252,cust_502233,29,USD,2024-04-01,wire,succeeded,2024-04-01 00:00:00
pay_2129728,sub_645252,cust_502233,29,USD,2024-05-01,credit_card,succeeded,2024-05-01 00:00:00
pay_6360227,sub_645252,cust_502233,29,USD,2024-06-01,wire,succeeded,2024-06-01 00:00:00
pay_2659332,sub_645252,cust_502233,29,USD,2024-07-01,credit_card,succeeded,2024-07-01 00:00:00
pay_3859431,sub_645252,cust_502233,29,USD,2024-08-01,wire,succeeded,2024-08-01 00:00:00
pay_6522947,sub_645252,cust_502233,29,USD,2024-09-01,credit_card,succeeded,2024-09-01 00:00:00
pay_6100571,sub_645252,cust_502233,29,USD,2024-10-01,wire,succeeded,2024-10-01 00:00:00
pay_2436873,sub_645252,cust_502233,79,USD,2024-11-01,wire,succeeded,2024-11-01 00:00:00
pay_2722081,sub_645252,cust_502233,79,USD,2024-12-01,credit_card,succeeded,2024-12-01 00:00:00
pay_5535463,sub_461462,cust_427617,29,USD,2023-12-07,wire,succeeded,2023-12-07 00:00:00
pay_2848153,sub_461462,cust_427617,29,USD,2024-01-01,credit_card,succeeded,2024-01-01 00:00:00
pay_2410808,sub_203025,cust_832534,29,USD,2024-04-24,credit_card,failed,2024-04-24 00:00:00
pay_7070282,sub_203025,cust_832534,29,USD,2024-05-01,ach,succeeded,2024-05-01 00:00:00
pay_4180304,sub_203025,cust_832534,29,USD,2024-06-01,wire,succeeded,2024-06-01 00:00:00
pay_3825424,sub_203025,cust_832534,29,USD,2024-07-01,ach,succeeded,2024-07-01 00:00:00
pay_1095992,sub_203025,cust_832534,29,USD,2024-08-01,credit_card,succeeded,2024-08-01 00:00:00
pay_1512186,sub_203025,cust_832534,29,USD,2024-09-01,credit_card,succeeded,2024-09-01 00:00:00
pay_1720723,sub_203025,cust_832534,29,USD,2024-10-01,credit_card,succeeded,2024-10-01 00:00:00
pay_9490760,sub_203025,cust_832534,29,USD,2024-11-01,credit_card,succeeded,2024-11-01 00:00:00
pay_8312178,sub_203025,cust_832534,29,USD,2024-12-01,wire,succeeded,2024-12-01 00:00:00
pay_9614928,sub_667770,cust_746910,29,USD,2023-09-22,wire,succeeded,2023-09-22 00:00:00
pay_7106690,sub_667770,cust_746910,29,USD,2023-10-01,wire,succeeded,2023-10-01 00:00:00
pay_2243239,sub_667770,cust_746910,29,USD,2023-11-01,wire,succeeded,2023-11-01 00:00:00
pay_4130926,sub_667770,cust_746910,29,USD,2023-12-01,wire,succeeded,2023-12-01 00:00:00
pay_7469044,sub_667770,cust_746910,29,USD,2024-01-01,ach,succeeded,2024-01-01 00:00:00
pay_6485289,sub_667770,cust_746910,29,USD,2024-02-01,wire,succeeded,2024-02-01 00:00:00
pay_7985065,sub_667770,cust_746910,29,USD,2024-03-01,credit_card,succeeded,2024-03-01 00:00:00
pay_3076249,sub_667770,cust_746910,29,USD,2024-04-01,credit_card,succeeded,2024-04-01 00:00:00
pay_3508754,sub_509650,cust_218370,790,USD,2023-12-26,credit_card,succeeded,2023-12-26 00:00:00
pay_1426752,sub_509650,cust_218370,79,USD,2024-01-01,credit_card,succeeded,2024-01-01 00:00:00
pay_2034085,sub_509650,cust_218370,79,USD,2024-02-01,wire,succeeded,2024-02-01 00:00:00
pay_3305088,sub_509650,cust_218370,79,USD,2024-03-01,credit_card,succeeded,2024-03-01 00:00:00
pay_7755214,sub_509650,cust_218370,79,USD,2024-04-01,wire,succeeded,2024-04-01 00:00:00
pay_4956446,sub_509650,cust_218370,79,USD,2024-05-01,credit_card,succeeded,2024-05-01 00:00:00
pay_5206142,sub_509650,cust_218370,79,USD,2024-06-01,credit_card,succeeded,2024-06-01 00:00:00
pay_3475502,sub_509650,cust_218370,199,USD,2024-07-01,credit_card,succeeded,2024-07-01 00:00:00
pay_7594547,sub_509650,cust_218370,199,USD,2024-08-01,ach,succeeded,2024-08-01 00:00:00
pay_5071765,sub_509650,cust_218370,199,USD,2024-09-01,credit_card,succeeded,2024-09-01 00:00:00
pay_3339374,sub_158705,cust_848969,79,USD,2023-04-20,credit_card,failed,2023-04-20 00:00:00
pay_5246950,sub_158705,cust_848969,79,USD,2023-05-01,credit_card,succeeded,2023-05-01 00:00:00
pay_8112060,sub_158705,cust_848969,79,USD,2023-06-01,ach,succeeded,2023-06-01 00:00:00
pay_8519356,sub_158705,cust_848969,79,USD,2023-07-01,ach,succeeded,2023-07-01 00:00:00
pay_6216653,sub_158705,cust_848969,79,USD,2023-08-01,credit_card,succeeded,2023-08-01 00:00:00
pay_4320261,sub_158705,cust_848969,79,USD,2023-09-01,wire,succeeded,2023-09-01 00:00:00
pay_9279443,sub_760117,cust_674566,29,USD,2023-06-12,ach,succeeded,2023-06-12 00:00:00
pay_8881363,sub_760117,cust_674566,29,USD,2023-07-01,credit_card,succeeded,2023-07-01 00:00:00
pay_9375299,sub_760117,cust_674566,29,USD,2023-08-01,ach,succeeded,2023-08-01 00:00:00
pay_2258941,sub_760117,cust_674566,29,USD,2023-09-01,credit_card,succeeded,2023-09-01 00:00:00
pay_6671392,sub_760117,cust_674566,29,USD,2023-10-01,credit_card,succeeded,2023-10-01 00:00:00
pay_1868372,sub_760117,cust_674566,29,USD,2023-11-01,credit_card,succeeded,2023-11-01 00:00:00
pay_4668555,sub_760117,cust_674566,29,USD,2023-12-01,credit_card,succeeded,2023-12-01 00:00:00
pay_7213792,sub_760117,cust_674566,29,USD,2024-01-01,credit_card,succeeded,2024-01-01 00:00:00
pay_9271947,sub_727924,cust_827851,29,USD,2023-08-30,credit_card,failed,2023-08-30 00:00:00
pay_8750269,sub_727924,cust_827851,29,USD,2023-09-01,credit_card,succeeded,2023-09-01 00:00:00
pay_4067661,sub_727924,cust_827851,29,USD,2023-10-01,ach,succeeded,2023-10-01 00:00:00
pay_2086013,sub_727924,cust_827851,29,USD,2023-11-01,ach,succeeded,2023-11-01 00:00:00
pay_9922954,sub_727924,cust_827851,29,USD,2023-12-01,wire,succeeded,2023-12-01 00:00:00
pay_3984361,sub_727924,cust_827851,29,USD,2024-01-01,ach,succeeded,2024-01-01 00:00:00
pay_8288055,sub_727924,cust_827851,29,USD,2024-02-01,credit_card,succeeded,2024-02-01 00:00:00
pay_6352982,sub_727924,cust_827851,29,USD,2024-03-01,credit_card,succeeded,2024-03-01 00:00:00
pay_2734731,sub_727924,cust_827851,29,USD,2024-04-01,wire,succeeded,2024-04-01 00:00:00
pay_9578010,sub_727924,cust_827851,29,USD,2024-05-01,wire,succeeded,2024-05-01 00:00:00
pay_7397601,sub_727924,cust_827851,29,USD,2024-06-01,credit_card,succeeded,2024-06-01 00:00:00
pay_3791930,sub_727924,cust_827851,29,USD,2024-07-01,ach,succeeded,2024-07-01 00:00:00
pay_8155135,sub_727924,cust_827851,29,USD,2024-08-01,wire,succeeded,2024-08-01 00:00:00
pay_1666585,sub_727924,cust_827851,29,USD,2024-09-01,credit_card,failed,2024-09-01 00:00:00
pay_4896493,sub_727924,cust_827851,29,USD,2024-10-01,credit_card,succeeded,2024-10-01 00:00:00
pay_8660615,sub_727924,cust_827851,29,USD,2024-11-01,credit_card,succeeded,2024-11-01 00:00:00
pay_7160857,sub_727924,cust_827851,29,USD,2024-12-01,wire,succeeded,2024-12-01 00:00:00
pay_2352974,sub_503149,cust_682051,290,USD,2023-04-10,ach,succeeded,2023-04-10 00:00:00
pay_4138788,sub_503149,cust_682051,29,USD,2023-05-01,credit_card,succeeded,2023-05-01 00:00:00
pay_6347712,sub_503149,cust_682051,29,USD,2023-06-01,credit_card,succeeded,2023-06-01 00:00:00
pay_8844678,sub_503149,cust_682051,29,USD,2023-07-01,credit_card,succeeded,2023-07-01 00:00:00
pay_8873261,sub_375564,cust_618306,29,USD,2024-10-22,credit_card,succeeded,2024-10-22 00:00:00
pay_7290722,sub_375564,cust_618306,29,USD,2024-11-01,credit_card,succeeded,2024-11-01 00:00:00
pay_5991775,sub_375564,cust_618306,29,USD,2024-12-01,wire,succeeded,2024-12-01 00:00:00
pay_7702476,sub_239110,cust_574978,290,USD,2024-06-28,credit_card,succeeded,2024-06-28 00:00:00
pay_8651561,sub_239110,cust_574978,29,USD,2024-07-01,ach,succeeded,2024-07-01 00:00:00
pay_7955891,sub_239110,cust_574978,29,USD,2024-08-01,credit_card,succeeded,2024-08-01 00:00:00
pay_4987610,sub_239110,cust_574978,29,USD,2024-09-01,wire,succeeded,2024-09-01 00:00:00
pay_6458551,sub_239110,cust_574978,29,USD,2024-10-01,wire,succeeded,2024-10-01 00:00:00
pay_5315180,sub_239110,cust_574978,29,USD,2024-11-01,wire,succeeded,2024-11-01 00:00:00
pay_7022947,sub_239110,cust_574978,29,USD,2024-12-01,credit_card,succeeded,2024-12-01 00:00:00
pay_3732729,sub_213994,cust_419343,199,USD,2024-03-21,credit_card,succeeded,2024-03-21 00:00:00
pay_6647998,sub_213994,cust_419343,199,USD,2024-04-01,credit_card,succeeded,2024-04-01 00:00:00
pay_4169690,sub_213994,cust_419343,199,USD,2024-05-01,credit_card,succeeded,2024-05-01 00:00:00
pay_2129457,sub_213994,cust_419343,199,USD,2024-06-01,credit_card,succeeded,2024-06-01 00:00:00
pay_7936884,sub_182412,cust_408474,199,USD,2023-03-05,credit_card,succeeded,2023-03-05 00:00:00
pay_6945631,sub_182412,cust_408474,199,USD,2023-04-01,credit_card,succeeded,2023-04-01 00:00:00
pay_2669370,sub_182412,cust_408474,199,USD,2023-05-01,credit_card,succeeded,2023-05-01 00:00:00
pay_9353110,sub_182412,cust_408474,79,USD,2023-06-01,credit_card,succeeded,2023-06-01 00:00:00
pay_4865344,sub_182412,cust_408474,79,USD,2023-07-01,ach,succeeded,2023-07-01 00:00:00
pay_6963993,sub_182412,cust_408474,79,USD,2023-08-01,wire,succeeded,2023-08-01 00:00:00
pay_6623297,sub_182412,cust_408474,79,USD,2023-09-01,credit_card,failed,2023-09-01 00:00:00
pay_9241577,sub_182412,cust_408474,29,USD,2023-10-01,credit_card,succeeded,2023-10-01 00:00:00
pay_3388446,sub_182412,cust_408474,29,USD,2023-11-01,credit_card,succeeded,2023-11-01 00:00:00
pay_3253317,sub_182412,cust_408474,29,USD,2023-12-01,ach,succeeded,2023-12-01 00:00:00
pay_9168229,sub_182412,cust_408474,29,USD,2024-01-01,wire,succeeded,2024-01-01 00:00:00
pay_8820227,sub_182412,cust_408474,29,USD,2024-02-01,credit_card,succeeded,2024-02-01 00:00:00
pay_4334002,sub_182412,cust_408474,29,USD,2024-03-01,credit_card,succeeded,2024-03-01 00:00:00
pay_2879666,sub_182412,cust_408474,29,USD,2024-04-01,credit_card,succeeded,2024-04-01 00:00:00
pay_8404596,sub_182412,cust_408474,29,USD,2024-05-01,credit_card,succeeded,2024-05-01 00:00:00
pay_9830319,sub_182412,cust_408474,29,USD,2024-06-01,wire,succeeded,2024-06-01 00:00:00
pay_4859756,sub_182412,cust_408474,29,USD,2024-07-01,credit_card,succeeded,2024-07-01 00:00:00
pay_6154085,sub_182412,cust_408474,29,USD,2024-08-01,ach,succeeded,2024-08-01 00:00:00
pay_6371348,sub_182412,cust_408474,29,USD,2024-09-01,credit_card,succeeded,2024-09-01 00:00:00
pay_3013353,sub_182412,cust_408474,79,USD,2024-10-01,credit_card,succeeded,2024-10-01 00:00:00
pay_8402708,sub_182412,cust_408474,79,USD,2024-11-01,credit_card,succeeded,2024-11-01 00:00:00
pay_8098634,sub_182412,cust_408474,79,USD,2024-12-01,credit_card,succeeded,2024-12-01 00:00:00
pay_9355787,sub_155469,cust_346668,79,USD,2024-03-18,credit_card,succeeded,2024-03-18 00:00:00
pay_6130694,sub_155469,cust_346668,79,USD,2024-04-01,wire,succeeded,2024-04-01 00:00:00
pay_4453497,sub_155469,cust_346668,79,USD,2024-05-01,credit_card,succeeded,2024-05-01 00:00:00
pay_2764211,sub_155469,cust_346668,79,USD,2024-06-01,credit_card,succeeded,2024-06-01 00:00:00
pay_9453512,sub_155469,cust_346668,79,USD,2024-07-01,ach,succeeded,2024-07-01 00:00:00
pay_5038910,sub_155469,cust_346668,79,USD,2024-08-01,credit_card,succeeded,2024-08-01 00:00:00
pay_6609114,sub_155469,cust_346668,79,USD,2024-09-01,wire,succeeded,2024-09-01 00:00:00
pay_1442028,sub_155469,cust_346668,79,USD,2024-10-01,credit_card,succeeded,2024-10-01 00:00:00
pay_9934658,sub_155469,cust_346668,79,USD,2024-11-01,credit_card,succeeded,2024-11-01 00:00:00
pay_1313942,sub_155469,cust_346668,79,USD,2024-12-01,credit_card,succeeded,2024-12-01 00:00:00
pay_5996930,sub_799689,cust_597938,29,USD,2023-05-23,wire,succeeded,2023-05-23 00:00:00
pay_2554904,sub_799689,cust_597938,29,USD,2023-06-01,credit_card,succeeded,2023-06-01 00:00:00
pay_3164079,sub_615454,cust_240800,290,USD,2023-01-12,credit_card,succeeded,2023-01-12 00:00:00
pay_6109527,sub_615454,cust_240800,29,USD,2023-02-01,credit_card,succeeded,2023-02-01 00:00:00
pay_1398218,sub_615454,cust_240800,79,USD,2023-03-01,wire,succeeded,2023-03-01 00:00:00
pay_1764054,sub_615454,cust_240800,79,USD,2023-04-01,credit_card,succeeded,2023-04-01 00:00:00
pay_8091002,sub_615454,cust_240800,79,USD,2023-05-01,credit_card,succeeded,2023-05-01 00:00:00
pay_8895057,sub_615454,cust_240800,79,USD,2023-06-01,wire,succeeded,2023-06-01 00:00:00
pay_4213844,sub_615454,cust_240800,79,USD,2023-07-01,credit_card,succeeded,2023-07-01 00:00:00
pay_5723605,sub_615454,cust_240800,29,USD,2023-08-01,wire,succeeded,2023-08-01 00:00:00
pay_9023657,sub_615454,cust_240800,29,USD,2023-09-01,credit_card,succeeded,2023-09-01 00:00:00
pay_3153509,sub_615454,cust_240800,29,USD,2023-10-01,credit_card,succeeded,2023-10-01 00:00:00
pay_6224220,sub_615454,cust_240800,29,USD,2023-11-01,ach,succeeded,2023-11-01 00:00:00
pay_4438168,sub_615454,cust_240800,29,USD,2023-12-01,credit_card,succeeded,2023-12-01 00:00:00
pay_2752774,sub_615454,cust_240800,290,USD,2024-01-01,credit_card,succeeded,2024-01-01 00:00:00
pay_2113056,sub_615454,cust_240800,29,USD,2024-02-01,credit_card,succeeded,2024-02-01 00:00:00
pay_5936339,sub_615454,cust_240800,29,USD,2024-03-01,ach,succeeded,2024-03-01 00:00:00
pay_1201107,sub_615454,cust_240800,29,USD,2024-04-01,credit_card,failed,2024-04-01 00:00:00
pay_3046127,sub_615454,cust_240800,29,USD,2024-05-01,credit_card,succeeded,2024-05-01 00:00:00
pay_6602886,sub_615454,cust_240800,29,USD,2024-06-01,ach,succeeded,2024-06-01 00:00:00
pay_3234020,sub_615454,cust_240800,29,USD,2024-07-01,credit_card,succeeded,2024-07-01 00:00:00
pay_3461908,sub_615454,cust_240800,29,USD,2024-08-01,credit_card,succeeded,2024-08-01 00:00:00
pay_6995182,sub_615454,cust_240800,29,USD,2024-09-01,ach,succeeded,2024-09-01 00:00:00
pay_8788870,sub_615454,cust_240800,29,USD,2024-10-01,credit_card,succeeded,2024-10-01 00:00:00
pay_9206094,sub_571485,cust_536056,1990,USD,2024-04-11,ach,succeeded,2024-04-11 00:00:00
pay_2287737,sub_571485,cust_536056,199,USD,2024-05-01,wire,succeeded,2024-05-01 00:00:00
pay_9335208,sub_571485,cust_536056,199,USD,2024-06-01,wire,succeeded,2024-06-01 00:00:00
pay_8616105,sub_571485,cust_536056,199,USD,2024-07-01,ach,succeeded,2024-07-01 00:00:00
pay_8347655,sub_571485,cust_536056,199,USD,2024-08-01,credit_card,succeeded,2024-08-01 00:00:00
pay_4653030,sub_571485,cust_536056,199,USD,2024-09-01,wire,succeeded,2024-09-01 00:00:00
pay_2282728,sub_571485,cust_536056,199,USD,2024-10-01,credit_card,succeeded,2024-10-01 00:00:00
pay_2409698,sub_571485,cust_536056,199,USD,2024-11-01,wire,succeeded,2024-11-01 00:00:00
pay_4744782,sub_571485,cust_536056,199,USD,2024-12-01,wire,succeeded,2024-12-01 00:00:00
pay_3696717,sub_347411,cust_336706,790,USD,2023-07-10,credit_card,succeeded,2023-07-10 00:00:00
pay_8995207,sub_347411,cust_336706,79,USD,2023-08-01,credit_card,succeeded,2023-08-01 00:00:00
pay_7060703,sub_347411,cust_336706,79,USD,2023-09-01,credit_card,succeeded,2023-09-01 00:00:00
pay_6353360,sub_347411,cust_336706,79,USD,2023-10-01,credit_card,succeeded,2023-10-01 00:00:00
pay_7876799,sub_347411,cust_336706,79,USD,2023-11-01,wire,succeeded,2023-11-01 00:00:00
pay_2417579,sub_347411,cust_336706,199,USD,2023-12-01,ach,succeeded,2023-12-01 00:00:00
pay_4747132,sub_347411,cust_336706,199,USD,2024-01-01,credit_card,succeeded,2024-01-01 00:00:00
pay_1513736,sub_347411,cust_336706,199,USD,2024-02-01,ach,succeeded,2024-02-01 00:00:00
pay_7756851,sub_347411,cust_336706,199,USD,2024-03-01,credit_card,succeeded,2024-03-01 00:00:00
pay_1671929,sub_347411,cust_336706,199,USD,2024-04-01,credit_card,succeeded,2024-04-01 00:00:00
pay_2794212,sub_347411,cust_336706,199,USD,2024-05-01,credit_card,succeeded,2024-05-01 00:00:00
pay_6351903,sub_347411,cust_336706,79,USD,2024-06-01,wire,succeeded,2024-06-01 00:00:00
pay_4233066,sub_347411,cust_336706,790,USD,2024-07-01,wire,succeeded,2024-07-01 00:00:00
pay_6457449,sub_569009,cust_704349,1990,USD,2024-01-11,credit_card,succeeded,2024-01-11 00:00:00
pay_3352318,sub_569009,cust_704349,199,USD,2024-02-01,credit_card,succeeded,2024-02-01 00:00:00
pay_5679629,sub_569009,cust_704349,199,USD,2024-03-01,credit_card,succeeded,2024-03-01 00:00:00
pay_4951676,sub_569009,cust_704349,199,USD,2024-04-01,wire,succeeded,2024-04-01 00:00:00
pay_2361474,sub_569009,cust_704349,199,USD,2024-05-01,wire,succeeded,2024-05-01 00:00:00
pay_1521716,sub_569009,cust_704349,199,USD,2024-06-01,ach,succeeded,2024-06-01 00:00:00
pay_6268270,sub_569009,cust_704349,79,USD,2024-07-01,ach,succeeded,2024-07-01 00:00:00
pay_1141485,sub_569009,cust_704349,79,USD,2024-08-01,credit_card,succeeded,2024-08-01 00:00:00
pay_8856113,sub_569009,cust_704349,79,USD,2024-09-01,credit_card,succeeded,2024-09-01 00:00:00
pay_4308799,sub_569009,cust_704349,79,USD,2024-10-01,ach,succeeded,2024-10-01 00:00:00
pay_5682604,sub_569009,cust_704349,79,USD,2024-11-01,credit_card,succeeded,2024-11-01 00:00:00
pay_6811045,sub_569009,cust_704349,79,USD,2024-12-01,credit_card,succeeded,2024-12-01 00:00:00
pay_6842538,sub_346645,cust_865654,79,USD,2024-06-23,credit_card,succeeded,2024-06-23 00:00:00
pay_6362174,sub_346645,cust_865654,79,USD,2024-07-01,credit_card,succeeded,2024-07-01 00:00:00
pay_1604167,sub_346645,cust_865654,79,USD,2024-08-01,ach,succeeded,2024-08-01 00:00:00
pay_9659536,sub_346645,cust_865654,79,USD,2024-09-01,wire,succeeded,2024-09-01 00:00:00
pay_8650956,sub_346645,cust_865654,79,USD,2024-10-01,ach,succeeded,2024-10-01 00:00:00
pay_9444567,sub_346645,cust_865654,79,USD,2024-11-01,wire,succeeded,2024-11-01 00:00:00
pay_3763919,sub_346645,cust_865654,79,USD,2024-12-01,credit_card,succeeded,2024-12-01 00:00:00
pay_2775920,sub_854124,cust_801200,199,USD,2023-03-21,credit_card,succeeded,2023-03-21 00:00:00
pay_8642556,sub_854124,cust_801200,199,USD,2023-04-01,credit_card,succeeded,2023-04-01 00:00:00
pay_1153492,sub_854124,cust_801200,199,USD,2023-05-01,credit_card,succeeded,2023-05-01 00:00:00
pay_6206904,sub_854124,cust_801200,199,USD,2023-06-01,ach,failed,2023-06-01 00:00:00
pay_2141705,sub_854124,cust_801200,199,USD,2023-07-01,credit_card,succeeded,2023-07-01 00:00:00
pay_5950036,sub_854124,cust_801200,199,USD,2023-08-01,ach,succeeded,2023-08-01 00:00:00
pay_8442257,sub_854124,cust_801200,199,USD,2023-09-01,credit_card,succeeded,2023-09-01 00:00:00
pay_1262129,sub_854124,cust_801200,199,USD,2023-10-01,credit_card,succeeded,2023-10-01 00:00:00
pay_1385635,sub_854124,cust_801200,199,USD,2023-11-01,credit_card,succeeded,2023-11-01 00:00:00
pay_7859446,sub_854124,cust_801200,199,USD,2023-12-01,ach,succeeded,2023-12-01 00:00:00
pay_8020233,sub_854124,cust_801200,199,USD,2024-01-01,credit_card,succeeded,2024-01-01 00:00:00
pay_3498712,sub_854124,cust_801200,199,USD,2024-02-01,ach,succeeded,2024-02-01 00:00:00
pay_5904727,sub_854124,cust_801200,199,USD,2024-03-01,credit_card,succeeded,2024-03-01 00:00:00
pay_9347757,sub_854124,cust_801200,199,USD,2024-04-01,credit_card,succeeded,2024-04-01 00:00:00
pay_7952949,sub_854124,cust_801200,199,USD,2024-05-01,ach,succeeded,2024-05-01 00:00:00
pay_1262926,sub_854124,cust_801200,199,USD,2024-06-01,credit_card,succeeded,2024-06-01 00:00:00
pay_8821558,sub_854124,cust_801200,199,USD,2024-07-01,credit_card,succeeded,2024-07-01 00:00:00
pay_3634529,sub_854124,cust_801200,199,USD,2024-08-01,credit_card,succeeded,2024-08-01 00:00:00
pay_1788633,sub_854124,cust_801200,199,USD,2024-09-01,credit_card,succeeded,2024-09-01 00:00:00
pay_4760258,sub_854124,cust_801200,199,USD,2024-10-01,credit_card,succeeded,2024-10-01 00:00:00
pay_3258276,sub_854124,cust_801200,79,USD,2024-11-01,credit_card,succeeded,2024-11-01 00:00:00
pay_8099188,sub_854124,cust_801200,79,USD,2024-12-01,wire,succeeded,2024-12-01 00:00:00
pay_9101459,sub_569320,cust_637566,199,USD,2024-04-25,credit_card,succeeded,2024-04-25 00:00:00
pay_2003980,sub_569320,cust_637566,199,USD,2024-05-01,credit_card,succeeded,2024-05-01 00:00:00
pay_1957090,sub_569320,cust_637566,199,USD,2024-06-01,credit_card,succeeded,2024-06-01 00:00:00
pay_4818153,sub_928928,cust_114892,29,USD,2023-04-25,wire,succeeded,2023-04-25 00:00:00
pay_8785256,sub_928928,cust_114892,29,USD,2023-05-01,ach,succeeded,2023-05-01 00:00:00
pay_9392150,sub_928928,cust_114892,29,USD,2023-06-01,wire,succeeded,2023-06-01 00:00:00
pay_5380896,sub_928928,cust_114892,29,USD,2023-07-01,ach,succeeded,2023-07-01 00:00:00
pay_3698512,sub_928928,cust_114892,29,USD,2023-08-01,credit_card,succeeded,2023-08-01 00:00:00
pay_5739729,sub_928928,cust_114892,29,USD,2023-09-01,wire,succeeded,2023-09-01 00:00:00
pay_4215341,sub_928928,cust_114892,29,USD,2023-10-01,credit_card,succeeded,2023-10-01 00:00:00
pay_8147178,sub_928928,cust_114892,29,USD,2023-11-01,credit_card,succeeded,2023-11-01 00:00:00
pay_5151698,sub_928928,cust_114892,29,USD,2023-12-01,credit_card,succeeded,2023-12-01 00:00:00
pay_6994048,sub_928928,cust_114892,29,USD,2024-01-01,ach,succeeded,2024-01-01 00:00:00
pay_2625667,sub_928928,cust_114892,29,USD,2024-02-01,wire,succeeded,2024-02-01 00:00:00
pay_3785875,sub_928928,cust_114892,29,USD,2024-03-01,ach,succeeded,2024-03-01 00:00:00
pay_2353481,sub_928928,cust_114892,29,USD,2024-04-01,ach,succeeded,2024-04-01 00:00:00
pay_5122673,sub_928928,cust_114892,29,USD,2024-05-01,credit_card,succeeded,2024-05-01 00:00:00
pay_8722454,sub_928928,cust_114892,29,USD,2024-06-01,credit_card,succeeded,2024-06-01 00:00:00
pay_3593036,sub_668087,cust_608473,199,USD,2023-07-05,credit_card,succeeded,2023-07-05 00:00:00
pay_8868449,sub_668087,cust_608473,199,USD,2023-08-01,credit_card,succeeded,2023-08-01 00:00:00
pay_6546609,sub_668087,cust_608473,199,USD,2023-09-01,credit_card,failed,2023-09-01 00:00:00
pay_6288219,sub_668087,cust_608473,199,USD,2023-10-01,credit_card,succeeded,2023-10-01 00:00:00
pay_3597713,sub_668087,cust_608473,199,USD,2023-11-01,credit_card,succeeded,2023-11-01 00:00:00
pay_6646491,sub_668087,cust_608473,199,USD,2023-12-01,credit_card,succeeded,2023-12-01 00:00:00
pay_2115038,sub_668087,cust_608473,199,USD,2024-01-01,credit_card,succeeded,2024-01-01 00:00:00
pay_1453303,sub_668087,cust_608473,199,USD,2024-02-01,credit_card,succeeded,2024-02-01 00:00:00
pay_1194285,sub_668087,cust_608473,199,USD,2024-03-01,ach,failed,2024-03-01 00:00:00
pay_7744629,sub_668087,cust_608473,199,USD,2024-04-01,wire,succeeded,2024-04-01 00:00:00
pay_1554463,sub_668087,cust_608473,199,USD,2024-05-01,credit_card,succeeded,2024-05-01 00:00:00
pay_3961786,sub_668087,cust_608473,199,USD,2024-06-01,credit_card,succeeded,2024-06-01 00:00:00
pay_6189058,sub_668087,cust_608473,199,USD,2024-07-01,credit_card,succeeded,2024-07-01 00:00:00
pay_8110714,sub_668087,cust_608473,199,USD,2024-08-01,ach,succeeded,2024-08-01 00:00:00
pay_5099412,sub_668087,cust_608473,199,USD,2024-09-01,credit_card,succeeded,2024-09-01 00:00:00
pay_5454588,sub_668087,cust_608473,199,USD,2024-10-01,credit_card,succeeded,2024-10-01 00:00:00
pay_8120587,sub_668087,cust_608473,199,USD,2024-11-01,credit_card,succeeded,2024-11-01 00:00:00
pay_7867873,sub_668087,cust_608473,199,USD,2024-12-01,credit_card,succeeded,2024-12-01 00:00:00
pay_6245733,sub_927887,cust_533007,29,USD,2024-01-28,wire,succeeded,2024-01-28 00:00:00
pay_6219107,sub_927887,cust_533007,29,USD,2024-02-01,credit_card,succeeded,2024-02-01 00:00:00
pay_7930451,sub_927887,cust_533007,29,USD,2024-03-01,credit_card,succeeded,2024-03-01 00:00:00
pay_6527260,sub_927887,cust_533007,29,USD,2024-04-01,credit_card,succeeded,2024-04-01 00:00:00
pay_6313853,sub_927887,cust_533007,29,USD,2024-05-01,wire,succeeded,2024-05-01 00:00:00
pay_7735650,sub_927887,cust_533007,29,USD,2024-06-01,wire,succeeded,2024-06-01 00:00:00
pay_7186497,sub_927887,cust_533007,29,USD,2024-07-01,credit_card,succeeded,2024-07-01 00:00:00
pay_5525008,sub_927887,cust_533007,29,USD,2024-08-01,wire,succeeded,2024-08-01 00:00:00
pay_6216787,sub_507976,cust_959340,29,USD,2024-02-01,credit_card,succeeded,2024-02-01 00:00:00
pay_4212901,sub_507976,cust_959340,29,USD,2024-03-01,credit_card,succeeded,2024-03-01 00:00:00
pay_7214920,sub_507976,cust_959340,29,USD,2024-04-01,wire,succeeded,2024-04-01 00:00:00
pay_6835332,sub_507976,cust_959340,29,USD,2024-05-01,wire,succeeded,2024-05-01 00:00:00
pay_4460371,sub_507976,cust_959340,29,USD,2024-06-01,credit_card,succeeded,2024-06-01 00:00:00
pay_3875528,sub_507976,cust_959340,29,USD,2024-07-01,wire,succeeded,2024-07-01 00:00:00
pay_6638205,sub_507976,cust_959340,29,USD,2024-08-01,credit_card,succeeded,2024-08-01 00:00:00
pay_9318770,sub_507976,cust_959340,29,USD,2024-09-01,credit_card,succeeded,2024-09-01 00:00:00
pay_9339523,sub_507976,cust_959340,29,USD,2024-10-01,wire,succeeded,2024-10-01 00:00:00
pay_8567612,sub_507976,cust_959340,29,USD,2024-11-01,credit_card,succeeded,2024-11-01 00:00:00
pay_5944083,sub_507976,cust_959340,29,USD,2024-12-01,credit_card,succeeded,2024-12-01 00:00:00
pay_5705988,sub_116391,cust_597643,29,USD,2023-09-26,ach,succeeded,2023-09-26 00:00:00
pay_9093726,sub_116391,cust_597643,29,USD,2023-10-01,credit_card,succeeded,2023-10-01 00:00:00
pay_5588110,sub_116391,cust_597643,29,USD,2023-11-01,wire,succeeded,2023-11-01 00:00:00
pay_5115149,sub_116391,cust_597643,29,USD,2023-12-01,credit_card,succeeded,2023-12-01 00:00:00
pay_5736404,sub_116391,cust_597643,29,USD,2024-01-01,credit_card,succeeded,2024-01-01 00:00:00
pay_1146114,sub_225805,cust_816047,790,USD,2023-02-12,ach,succeeded,2023-02-12 00:00:00
pay_9573729,sub_225805,cust_816047,79,USD,2023-03-01,credit_card,succeeded,2023-03-01 00:00:00
pay_8287859,sub_225805,cust_816047,79,USD,2023-04-01,credit_card,succeeded,2023-04-01 00:00:00
pay_8675147,sub_225805,cust_816047,79,USD,2023-05-01,credit_card,succeeded,2023-05-01 00:00:00
pay_4487860,sub_225805,cust_816047,79,USD,2023-06-01,ach,succeeded,2023-06-01 00:00:00
pay_4823023,sub_225805,cust_816047,79,USD,2023-07-01,wire,succeeded,2023-07-01 00:00:00
pay_5869645,sub_225805,cust_816047,29,USD,2023-08-01,ach,succeeded,2023-08-01 00:00:00
pay_2689060,sub_225805,cust_816047,29,USD,2023-09-01,credit_card,failed,2023-09-01 00:00:00
pay_5264159,sub_225805,cust_816047,29,USD,2023-10-01,credit_card,succeeded,2023-10-01 00:00:00
pay_7047539,sub_225805,cust_816047,29,USD,2023-11-01,credit_card,succeeded,2023-11-01 00:00:00
pay_6942955,sub_225805,cust_816047,29,USD,2023-12-01,credit_card,succeeded,2023-12-01 00:00:00
pay_1730201,sub_225805,cust_816047,29,USD,2024-01-01,credit_card,succeeded,2024-01-01 00:00:00
pay_2014125,sub_225805,cust_816047,290,USD,2024-02-01,wire,succeeded,2024-02-01 00:00:00
pay_4733815,sub_225805,cust_816047,29,USD,2024-03-01,credit_card,succeeded,2024-03-01 00:00:00
pay_5242493,sub_225805,cust_816047,29,USD,2024-04-01,ach,succeeded,2024-04-01 00:00:00
pay_3404576,sub_225805,cust_816047,29,USD,2024-05-01,ach,succeeded,2024-05-01 00:00:00
pay_7049342,sub_225805,cust_816047,29,USD,2024-06-01,credit_card,succeeded,2024-06-01 00:00:00
pay_5976940,sub_225805,cust_816047,79,USD,2024-07-01,credit_card,succeeded,2024-07-01 00:00:00
pay_7614280,sub_225805,cust_816047,79,USD,2024-08-01,credit_card,succeeded,2024-08-01 00:00:00
pay_7236644,sub_225805,cust_816047,199,USD,2024-09-01,credit_card,succeeded,2024-09-01 00:00:00
pay_4877872,sub_225805,cust_816047,199,USD,2024-10-01,wire,succeeded,2024-10-01 00:00:00
pay_9531474,sub_225805,cust_816047,199,USD,2024-11-01,wire,succeeded,2024-11-01 00:00:00
pay_5486857,sub_225805,cust_816047,199,USD,2024-12-01,credit_card,succeeded,2024-12-01 00:00:00
pay_6997646,sub_863197,cust_203050,790,USD,2023-09-19,credit_card,succeeded,2023-09-19 00:00:00
pay_5073469,sub_863197,cust_203050,79,USD,2023-10-01,ach,succeeded,2023-10-01 00:00:00
pay_9378130,sub_863197,cust_203050,79,USD,2023-11-01,wire,succeeded,2023-11-01 00:00:00
pay_7948107,sub_863197,cust_203050,79,USD,2023-12-01,credit_card,succeeded,2023-12-01 00:00:00
pay_6138764,sub_863197,cust_203050,79,USD,2024-01-01,wire,succeeded,2024-01-01 00:00:00
pay_6944909,sub_863197,cust_203050,79,USD,2024-02-01,wire,succeeded,2024-02-01 00:00:00
pay_8657436,sub_863197,cust_203050,79,USD,2024-03-01,wire,succeeded,2024-03-01 00:00:00
pay_3907503,sub_256957,cust_453796,199,USD,2024-11-24,ach,succeeded,2024-11-24 00:00:00
pay_2831981,sub_256957,cust_453796,199,USD,2024-12-01,ach,succeeded,2024-12-01 00:00:00
pay_5830107,sub_907151,cust_818798,290,USD,2024-04-01,credit_card,succeeded,2024-04-01 00:00:00
pay_2786276,sub_907151,cust_818798,29,USD,2024-05-01,wire,succeeded,2024-05-01 00:00:00
pay_3433799,sub_907151,cust_818798,29,USD,2024-06-01,credit_card,succeeded,2024-06-01 00:00:00
pay_3707866,sub_346425,cust_976042,1990,USD,2023-08-11,credit_card,succeeded,2023-08-11 00:00:00
pay_4500877,sub_346425,cust_976042,199,USD,2023-09-01,ach,succeeded,2023-09-01 00:00:00
pay_3169994,sub_346425,cust_976042,199,USD,2023-10-01,ach,succeeded,2023-10-01 00:00:00
pay_8745532,sub_346425,cust_976042,199,USD,2023-11-01,ach,succeeded,2023-11-01 00:00:00
pay_5540312,sub_346425,cust_976042,199,USD,2023-12-01,credit_card,succeeded,2023-12-01 00:00:00
pay_5643478,sub_346425,cust_976042,199,USD,2024-01-01,credit_card,succeeded,2024-01-01 00:00:00
pay_7533697,sub_346425,cust_976042,199,USD,2024-02-01,credit_card,succeeded,2024-02-01 00:00:00
pay_2665962,sub_346425,cust_976042,199,USD,2024-03-01,credit_card,succeeded,2024-03-01 00:00:00
pay_7337981,sub_346425,cust_976042,199,USD,2024-04-01,credit_card,succeeded,2024-04-01 00:00:00
pay_3059732,sub_346425,cust_976042,199,USD,2024-05-01,credit_card,succeeded,2024-05-01 00:00:00
pay_3279306,sub_346425,cust_976042,199,USD,2024-06-01,credit_card,succeeded,2024-06-01 00:00:00
pay_3716822,sub_346425,cust_976042,199,USD,2024-07-01,credit_card,succeeded,2024-07-01 00:00:00
pay_5898168,sub_346425,cust_976042,1990,USD,2024-08-01,credit_card,succeeded,2024-08-01 00:00:00
pay_3847230,sub_346425,cust_976042,199,USD,2024-09-01,wire,succeeded,2024-09-01 00:00:00
pay_3262103,sub_346425,cust_976042,199,USD,2024-10-01,ach,succeeded,2024-10-01 00:00:00
pay_8046413,sub_346425,cust_976042,199,USD,2024-11-01,ach,succeeded,2024-11-01 00:00:00
pay_5578628,sub_346425,cust_976042,199,USD,2024-12-01,credit_card,succeeded,2024-12-01 00:00:00
pay_4526499,sub_244933,cust_779378,79,USD,2024-08-02,credit_card,succeeded,2024-08-02 00:00:00
pay_4641041,sub_244933,cust_779378,79,USD,2024-09-01,credit_card,succeeded,2024-09-01 00:00:00
pay_8663942,sub_244933,cust_779378,79,USD,2024-10-01,credit_card,succeeded,2024-10-01 00:00:00
pay_3234621,sub_244933,cust_779378,79,USD,2024-11-01,ach,succeeded,2024-11-01 00:00:00
pay_4623016,sub_244933,cust_779378,79,USD,2024-12-01,wire,succeeded,2024-12-01 00:00:00
pay_4139132,sub_868488,cust_389809,199,USD,2024-03-13,credit_card,succeeded,2024-03-13 00:00:00
pay_6783317,sub_868488,cust_389809,199,USD,2024-04-01,credit_card,succeeded,2024-04-01 00:00:00
pay_3314474,sub_868488,cust_389809,199,USD,2024-05-01,ach,succeeded,2024-05-01 00:00:00
pay_8399131,sub_868488,cust_389809,199,USD,2024-06-01,credit_card,failed,2024-06-01 00:00:00
pay_4249915,sub_868488,cust_389809,199,USD,2024-07-01,credit_card,succeeded,2024-07-01 00:00:00
pay_9756449,sub_868488,cust_389809,199,USD,2024-08-01,ach,succeeded,2024-08-01 00:00:00
pay_7419930,sub_868488,cust_389809,199,USD,2024-09-01,credit_card,succeeded,2024-09-01 00:00:00
pay_9333551,sub_868488,cust_389809,199,USD,2024-10-01,credit_card,succeeded,2024-10-01 00:00:00
pay_6980635,sub_868488,cust_389809,199,USD,2024-11-01,ach,succeeded,2024-11-01 00:00:00
pay_1442005,sub_868488,cust_389809,199,USD,2024-12-01,credit_card,succeeded,2024-12-01 00:00:00
pay_4263930,sub_242737,cust_448813,1990,USD,2023-03-03,credit_card,succeeded,2023-03-03 00:00:00
pay_4724228,sub_242737,cust_448813,199,USD,2023-04-01,credit_card,succeeded,2023-04-01 00:00:00
pay_7062468,sub_340725,cust_213697,199,USD,2023-05-28,credit_card,succeeded,2023-05-28 00:00:00
pay_4516378,sub_340725,cust_213697,199,USD,2023-06-01,credit_card,succeeded,2023-06-01 00:00:00
pay_4820764,sub_340725,cust_213697,199,USD,2023-07-01,credit_card,succeeded,2023-07-01 00:00:00
pay_8991562,sub_340725,cust_213697,199,USD,2023-08-01,credit_card,succeeded,2023-08-01 00:00:00
pay_5616370,sub_340725,cust_213697,199,USD,2023-09-01,credit_card,succeeded,2023-09-01 00:00:00
pay_9677079,sub_340725,cust_213697,199,USD,2023-10-01,credit_card,succeeded,2023-10-01 00:00:00
pay_3682828,sub_340725,cust_213697,199,USD,2023-11-01,ach,succeeded,2023-11-01 00:00:00
pay_7259886,sub_340725,cust_213697,79,USD,2023-12-01,wire,succeeded,2023-12-01 00:00:00
pay_1449635,sub_340725,cust_213697,79,USD,2024-01-01,wire,succeeded,2024-01-01 00:00:00
pay_1311004,sub_340725,cust_213697,79,USD,2024-02-01,credit_card,succeeded,2024-02-01 00:00:00
pay_8920000,sub_340725,cust_213697,79,USD,2024-03-01,credit_card,succeeded,2024-03-01 00:00:00
pay_9012615,sub_340725,cust_213697,79,USD,2024-04-01,credit_card,succeeded,2024-04-01 00:00:00
pay_3034046,sub_340725,cust_213697,79,USD,2024-05-01,wire,succeeded,2024-05-01 00:00:00
pay_5685484,sub_340725,cust_213697,79,USD,2024-06-01,credit_card,succeeded,2024-06-01 00:00:00
pay_6424896,sub_340725,cust_213697,79,USD,2024-07-01,wire,succeeded,2024-07-01 00:00:00
pay_1634223,sub_340725,cust_213697,79,USD,2024-08-01,credit_card,succeeded,2024-08-01 00:00:00
pay_2264771,sub_340725,cust_213697,79,USD,2024-09-01,credit_card,succeeded,2024-09-01 00:00:00
pay_9658626,sub_340725,cust_213697,79,USD,2024-10-01,ach,succeeded,2024-10-01 00:00:00
pay_2929175,sub_340725,cust_213697,79,USD,2024-11-01,ach,succeeded,2024-11-01 00:00:00
pay_1495869,sub_340725,cust_213697,79,USD,2024-12-01,credit_card,succeeded,2024-12-01 00:00:00
pay_1230864,sub_251070,cust_173832,79,USD,2024-08-08,wire,succeeded,2024-08-08 00:00:00
pay_1951051,sub_251070,cust_173832,79,USD,2024-09-01,ach,succeeded,2024-09-01 00:00:00
pay_5748109,sub_251070,cust_173832,79,USD,2024-10-01,credit_card,succeeded,2024-10-01 00:00:00
pay_1197757,sub_251070,cust_173832,79,USD,2024-11-01,credit_card,succeeded,2024-11-01 00:00:00
pay_5692181,sub_251070,cust_173832,79,USD,2024-12-01,credit_card,succeeded,2024-12-01 00:00:00
pay_1402967,sub_854304,cust_509451,290,USD,2023-09-30,credit_card,succeeded,2023-09-30 00:00:00
pay_8100065,sub_854304,cust_509451,29,USD,2023-10-01,ach,succeeded,2023-10-01 00:00:00
pay_9651579,sub_854304,cust_509451,29,USD,2023-11-01,ach,succeeded,2023-11-01 00:00:00
pay_6672114,sub_854304,cust_509451,29,USD,2023-12-01,credit_card,succeeded,2023-12-01 00:00:00
pay_2626819,sub_854304,cust_509451,29,USD,2024-01-01,credit_card,succeeded,2024-01-01 00:00:00
pay_5977397,sub_854304,cust_509451,29,USD,2024-02-01,wire,succeeded,2024-02-01 00:00:00
pay_8344026,sub_854304,cust_509451,29,USD,2024-03-01,credit_card,succeeded,2024-03-01 00:00:00
pay_7556981,sub_854304,cust_509451,29,USD,2024-04-01,ach,succeeded,2024-04-01 00:00:00
pay_7599252,sub_854304,cust_509451,29,USD,2024-05-01,credit_card,succeeded,2024-05-01 00:00:00
pay_9417213,sub_854304,cust_509451,29,USD,2024-06-01,ach,succeeded,2024-06-01 00:00:00
pay_2751272,sub_854304,cust_509451,29,USD,2024-07-01,wire,succeeded,2024-07-01 00:00:00
pay_5832385,sub_854304,cust_509451,29,USD,2024-08-01,credit_card,succeeded,2024-08-01 00:00:00
pay_4791069,sub_854304,cust_509451,290,USD,2024-09-01,wire,succeeded,2024-09-01 00:00:00
pay_6435024,sub_854304,cust_509451,29,USD,2024-10-01,credit_card,succeeded,2024-10-01 00:00:00
pay_5349498,sub_854304,cust_509451,29,USD,2024-11-01,ach,succeeded,2024-11-01 00:00:00
pay_9170402,sub_854304,cust_509451,29,USD,2024-12-01,ach,succeeded,2024-12-01 00:00:00
pay_4244358,sub_309905,cust_863119,79,USD,2023-03-13,credit_card,succeeded,2023-03-13 00:00:00
pay_4375409,sub_309905,cust_863119,79,USD,2023-04-01,wire,succeeded,2023-04-01 00:00:00
pay_2788773,sub_309905,cust_863119,79,USD,2023-05-01,ach,succeeded,2023-05-01 00:00:00
pay_7336071,sub_309905,cust_863119,79,USD,2023-06-01,ach,succeeded,2023-06-01 00:00:00
pay_1562242,sub_309905,cust_863119,79,USD,2023-07-01,ach,succeeded,2023-07-01 00:00:00
pay_8037458,sub_309905,cust_863119,79,USD,2023-08-01,wire,succeeded,2023-08-01 00:00:00
pay_7038155,sub_309905,cust_863119,79,USD,2023-09-01,wire,succeeded,2023-09-01 00:00:00
pay_5542147,sub_309905,cust_863119,79,USD,2023-10-01,wire,succeeded,2023-10-01 00:00:00
pay_2443563,sub_309905,cust_863119,79,USD,2023-11-01,credit_card,succeeded,2023-11-01 00:00:00
pay_8327521,sub_309905,cust_863119,79,USD,2023-12-01,ach,succeeded,2023-12-01 00:00:00
pay_8193927,sub_309905,cust_863119,29,USD,2024-01-01,credit_card,succeeded,2024-01-01 00:00:00
pay_9455779,sub_309905,cust_863119,29,USD,2024-02-01,ach,succeeded,2024-02-01 00:00:00
pay_8550026,sub_523651,cust_476353,79,USD,2023-12-08,wire,succeeded,2023-12-08 00:00:00
pay_6318899,sub_523651,cust_476353,79,USD,2024-01-01,credit_card,succeeded,2024-01-01 00:00:00
pay_1878872,sub_523651,cust_476353,79,USD,2024-02-01,credit_card,succeeded,2024-02-01 00:00:00
pay_5676475,sub_523651,cust_476353,79,USD,2024-03-01,wire,succeeded,2024-03-01 00:00:00
pay_2837351,sub_523651,cust_476353,79,USD,2024-04-01,ach,succeeded,2024-04-01 00:00:00
pay_6978965,sub_523651,cust_476353,79,USD,2024-05-01,wire,succeeded,2024-05-01 00:00:00
pay_3469938,sub_523651,cust_476353,79,USD,2024-06-01,credit_card,succeeded,2024-06-01 00:00:00
pay_8357476,sub_523651,cust_476353,79,USD,2024-07-01,wire,succeeded,2024-07-01 00:00:00
pay_8388616,sub_523651,cust_476353,79,USD,2024-08-01,credit_card,failed,2024-08-01 00:00:00
pay_9094551,sub_523651,cust_476353,79,USD,2024-09-01,wire,succeeded,2024-09-01 00:00:00
pay_6780767,sub_523651,cust_476353,79,USD,2024-10-01,credit_card,succeeded,2024-10-01 00:00:00
pay_8500362,sub_523651,cust_476353,79,USD,2024-11-01,credit_card,succeeded,2024-11-01 00:00:00
pay_3993629,sub_523651,cust_476353,79,USD,2024-12-01,ach,succeeded,2024-12-01 00:00:00
pay_3341457,sub_607336,cust_903741,79,USD,2023-10-24,credit_card,succeeded,2023-10-24 00:00:00
pay_4700650,sub_607336,cust_903741,79,USD,2023-11-01,credit_card,succeeded,2023-11-01 00:00:00
pay_4495412,sub_607336,cust_903741,79,USD,2023-12-01,credit_card,succeeded,2023-12-01 00:00:00
pay_2976520,sub_607336,cust_903741,79,USD,2024-01-01,credit_card,succeeded,2024-01-01 00:00:00
pay_9116267,sub_607336,cust_903741,79,USD,2024-02-01,credit_card,succeeded,2024-02-01 00:00:00
pay_3588711,sub_607336,cust_903741,79,USD,2024-03-01,credit_card,succeeded,2024-03-01 00:00:00
pay_6727967,sub_607336,cust_903741,79,USD,2024-04-01,ach,failed,2024-04-01 00:00:00
pay_6854013,sub_607336,cust_903741,79,USD,2024-05-01,wire,succeeded,2024-05-01 00:00:00
pay_4928024,sub_607336,cust_903741,79,USD,2024-06-01,credit_card,succeeded,2024-06-01 00:00:00
pay_4047223,sub_607336,cust_903741,79,USD,2024-07-01,credit_card,succeeded,2024-07-01 00:00:00
pay_7386372,sub_607336,cust_903741,199,USD,2024-08-01,credit_card,succeeded,2024-08-01 00:00:00
pay_1014095,sub_607336,cust_903741,199,USD,2024-09-01,credit_card,failed,2024-09-01 00:00:00
pay_4571154,sub_607336,cust_903741,199,USD,2024-10-01,ach,succeeded,2024-10-01 00:00:00
pay_1774733,sub_607336,cust_903741,199,USD,2024-11-01,credit_card,succeeded,2024-11-01 00:00:00
pay_5507497,sub_607336,cust_903741,199,USD,2024-12-01,credit_card,succeeded,2024-12-01 00:00:00
pay_5125346,sub_284076,cust_822303,29,USD,2024-09-01,ach,succeeded,2024-09-01 00:00:00
pay_4171701,sub_284076,cust_822303,29,USD,2024-10-01,credit_card,succeeded,2024-10-01 00:00:00
pay_6422015,sub_284076,cust_822303,29,USD,2024-11-01,ach,succeeded,2024-11-01 00:00:00
pay_9994358,sub_284076,cust_822303,29,USD,2024-12-01,credit_card,succeeded,2024-12-01 00:00:00
pay_8445869,sub_927695,cust_926045,29,USD,2023-02-13,ach,succeeded,2023-02-13 00:00:00
pay_1463271,sub_927695,cust_926045,29,USD,2023-03-01,ach,succeeded,2023-03-01 00:00:00
pay_8150285,sub_927695,cust_926045,29,USD,2023-04-01,credit_card,succeeded,2023-04-01 00:00:00
pay_5569371,sub_927695,cust_926045,29,USD,2023-05-01,ach,failed,2023-05-01 00:00:00
pay_5664006,sub_927695,cust_926045,29,USD,2023-06-01,credit_card,succeeded,2023-06-01 00:00:00
pay_8468205,sub_927695,cust_926045,29,USD,2023-07-01,credit_card,succeeded,2023-07-01 00:00:00
pay_5660351,sub_927695,cust_926045,29,USD,2023-08-01,wire,succeeded,2023-08-01 00:00:00
pay_9190651,sub_927695,cust_926045,29,USD,2023-09-01,credit_card,succeeded,2023-09-01 00:00:00
pay_5759893,sub_927695,cust_926045,29,USD,2023-10-01,credit_card,succeeded,2023-10-01 00:00:00
pay_8343100,sub_927695,cust_926045,29,USD,2023-11-01,credit_card,succeeded,2023-11-01 00:00:00
pay_7401792,sub_927695,cust_926045,29,USD,2023-12-01,credit_card,succeeded,2023-12-01 00:00:00
pay_8691206,sub_927695,cust_926045,29,USD,2024-01-01,ach,succeeded,2024-01-01 00:00:00
pay_2331033,sub_927695,cust_926045,29,USD,2024-02-01,credit_card,succeeded,2024-02-01 00:00:00
pay_9217358,sub_927695,cust_926045,29,USD,2024-03-01,credit_card,succeeded,2024-03-01 00:00:00
pay_6453173,sub_927695,cust_926045,29,USD,2024-04-01,credit_card,succeeded,2024-04-01 00:00:00
pay_9415336,sub_927695,cust_926045,29,USD,2024-05-01,ach,succeeded,2024-05-01 00:00:00
pay_9783258,sub_927695,cust_926045,29,USD,2024-06-01,credit_card,succeeded,2024-06-01 00:00:00
pay_9379755,sub_927695,cust_926045,29,USD,2024-07-01,credit_card,succeeded,2024-07-01 00:00:00
pay_3857829,sub_927695,cust_926045,29,USD,2024-08-01,ach,succeeded,2024-08-01 00:00:00
pay_4923630,sub_927695,cust_926045,29,USD,2024-09-01,credit_card,succeeded,2024-09-01 00:00:00
pay_9440838,sub_927695,cust_926045,29,USD,2024-10-01,wire,succeeded,2024-10-01 00:00:00
pay_8017320,sub_927695,cust_926045,29,USD,2024-11-01,credit_card,succeeded,2024-11-01 00:00:00
pay_3886103,sub_102818,cust_175532,29,USD,2023-02-07,credit_card,succeeded,2023-02-07 00:00:00
pay_3287623,sub_102818,cust_175532,29,USD,2023-03-01,credit_card,succeeded,2023-03-01 00:00:00
pay_9793825,sub_102818,cust_175532,29,USD,2023-04-01,credit_card,succeeded,2023-04-01 00:00:00
pay_1399472,sub_799107,cust_115063,29,USD,2024-02-01,credit_card,succeeded,2024-02-01 00:00:00
pay_3062316,sub_799107,cust_115063,29,USD,2024-03-01,credit_card,succeeded,2024-03-01 00:00:00
pay_3325526,sub_799107,cust_115063,79,USD,2024-04-01,credit_card,succeeded,2024-04-01 00:00:00
pay_5581930,sub_799107,cust_115063,199,USD,2024-05-01,wire,succeeded,2024-05-01 00:00:00
pay_6890588,sub_799107,cust_115063,1990,USD,2024-06-01,ach,succeeded,2024-06-01 00:00:00
pay_9103019,sub_799107,cust_115063,199,USD,2024-07-01,credit_card,succeeded,2024-07-01 00:00:00
pay_5461373,sub_799107,cust_115063,199,USD,2024-08-01,credit_card,succeeded,2024-08-01 00:00:00
pay_8795690,sub_799107,cust_115063,199,USD,2024-09-01,ach,succeeded,2024-09-01 00:00:00
pay_5977814,sub_681131,cust_957179,29,USD,2023-04-19,credit_card,succeeded,2023-04-19 00:00:00
pay_4870054,sub_681131,cust_957179,29,USD,2023-05-01,wire,succeeded,2023-05-01 00:00:00
pay_2656424,sub_681131,cust_957179,29,USD,2023-06-01,ach,succeeded,2023-06-01 00:00:00
pay_6202894,sub_681131,cust_957179,29,USD,2023-07-01,credit_card,succeeded,2023-07-01 00:00:00
pay_7722154,sub_681131,cust_957179,29,USD,2023-08-01,ach,succeeded,2023-08-01 00:00:00
pay_8551752,sub_681131,cust_957179,29,USD,2023-09-01,ach,succeeded,2023-09-01 00:00:00
pay_8949617,sub_681131,cust_957179,29,USD,2023-10-01,ach,succeeded,2023-10-01 00:00:00
pay_5222957,sub_681131,cust_957179,29,USD,2023-11-01,ach,succeeded,2023-11-01 00:00:00
pay_1786330,sub_681131,cust_957179,29,USD,2023-12-01,wire,succeeded,2023-12-01 00:00:00
pay_1141275,sub_681131,cust_957179,29,USD,2024-01-01,wire,succeeded,2024-01-01 00:00:00
pay_6738192,sub_681131,cust_957179,29,USD,2024-02-01,credit_card,succeeded,2024-02-01 00:00:00
pay_6215216,sub_681131,cust_957179,29,USD,2024-03-01,credit_card,succeeded,2024-03-01 00:00:00
pay_4104547,sub_681131,cust_957179,29,USD,2024-04-01,credit_card,succeeded,2024-04-01 00:00:00
pay_2040574,sub_214798,cust_873774,29,USD,2024-11-25,credit_card,succeeded,2024-11-25 00:00:00
pay_9714211,sub_214798,cust_873774,29,USD,2024-12-01,ach,succeeded,2024-12-01 00:00:00
pay_9410070,sub_320254,cust_451801,29,USD,2024-11-01,ach,succeeded,2024-11-01 00:00:00
pay_8852067,sub_320254,cust_451801,29,USD,2024-12-01,credit_card,succeeded,2024-12-01 00:00:00
pay_5628396,sub_522257,cust_142675,29,USD,2024-04-01,credit_card,succeeded,2024-04-01 00:00:00
pay_8233072,sub_522257,cust_142675,29,USD,2024-05-01,credit_card,succeeded,2024-05-01 00:00:00
pay_7070254,sub_522257,cust_142675,79,USD,2024-06-01,credit_card,succeeded,2024-06-01 00:00:00
pay_3854940,sub_522257,cust_142675,79,USD,2024-07-01,wire,succeeded,2024-07-01 00:00:00
pay_8841892,sub_522257,cust_142675,79,USD,2024-08-01,credit_card,succeeded,2024-08-01 00:00:00
pay_8244310,sub_522257,cust_142675,199,USD,2024-09-01,credit_card,succeeded,2024-09-01 00:00:00
pay_7373723,sub_522257,cust_142675,199,USD,2024-10-01,ach,succeeded,2024-10-01 00:00:00
pay_7960624,sub_522257,cust_142675,199,USD,2024-11-01,ach,succeeded,2024-11-01 00:00:00
pay_1627853,sub_522257,cust_142675,199,USD,2024-12-01,credit_card,succeeded,2024-12-01 00:00:00
pay_2471699,sub_138821,cust_193471,199,USD,2024-10-29,credit_card,succeeded,2024-10-29 00:00:00
pay_4254455,sub_138821,cust_193471,199,USD,2024-11-01,credit_card,succeeded,2024-11-01 00:00:00
pay_4186303,sub_138821,cust_193471,199,USD,2024-12-01,wire,succeeded,2024-12-01 00:00:00
pay_5010851,sub_498756,cust_384111,29,USD,2024-06-19,credit_card,succeeded,2024-06-19 00:00:00
pay_2325063,sub_498756,cust_384111,29,USD,2024-07-01,credit_card,succeeded,2024-07-01 00:00:00
pay_9528030,sub_498756,cust_384111,29,USD,2024-08-01,credit_card,succeeded,2024-08-01 00:00:00
pay_7719001,sub_498756,cust_384111,29,USD,2024-09-01,credit_card,succeeded,2024-09-01 00:00:00
pay_9921738,sub_498756,cust_384111,29,USD,2024-10-01,credit_card,succeeded,2024-10-01 00:00:00
pay_9357614,sub_498756,cust_384111,29,USD,2024-11-01,credit_card,succeeded,2024-11-01 00:00:00
pay_5857837,sub_498756,cust_384111,29,USD,2024-12-01,credit_card,succeeded,2024-12-01 00:00:00
pay_7588335,sub_256900,cust_192296,290,USD,2024-10-04,credit_card,succeeded,2024-10-04 00:00:00
pay_5638566,sub_256900,cust_192296,29,USD,2024-11-01,credit_card,succeeded,2024-11-01 00:00:00
pay_8674889,sub_256900,cust_192296,79,USD,2024-12-01,credit_card,succeeded,2024-12-01 00:00:00
pay_9779222,sub_755725,cust_665940,29,USD,2024-06-03,credit_card,succeeded,2024-06-03 00:00:00
pay_8601198,sub_755725,cust_665940,29,USD,2024-07-01,wire,succeeded,2024-07-01 00:00:00
pay_4350726,sub_755725,cust_665940,29,USD,2024-08-01,wire,succeeded,2024-08-01 00:00:00
pay_2493042,sub_755725,cust_665940,29,USD,2024-09-01,credit_card,succeeded,2024-09-01 00:00:00
pay_7667545,sub_755725,cust_665940,29,USD,2024-10-01,ach,succeeded,2024-10-01 00:00:00
pay_8248196,sub_755725,cust_665940,29,USD,2024-11-01,credit_card,succeeded,2024-11-01 00:00:00
pay_4411373,sub_755725,cust_665940,29,USD,2024-12-01,wire,succeeded,2024-12-01 00:00:00
pay_6962643,sub_466975,cust_597457,29,USD,2024-11-01,wire,succeeded,2024-11-01 00:00:00
pay_5199941,sub_466975,cust_597457,29,USD,2024-12-01,credit_card,succeeded,2024-12-01 00:00:00
pay_9957097,sub_878720,cust_346729,790,USD,2024-03-31,credit_card,succeeded,2024-03-31 00:00:00
pay_7494032,sub_878720,cust_346729,79,USD,2024-04-01,credit_card,succeeded,2024-04-01 00:00:00
pay_2859597,sub_878720,cust_346729,79,USD,2024-05-01,ach,succeeded,2024-05-01 00:00:00
pay_8123072,sub_878720,cust_346729,79,USD,2024-06-01,wire,succeeded,2024-06-01 00:00:00
pay_8894132,sub_878720,cust_346729,79,USD,2024-07-01,ach,succeeded,2024-07-01 00:00:00
pay_3820596,sub_878720,cust_346729,79,USD,2024-08-01,wire,succeeded,2024-08-01 00:00:00
pay_5764012,sub_878720,cust_346729,79,USD,2024-09-01,credit_card,succeeded,2024-09-01 00:00:00
pay_7071466,sub_878720,cust_346729,79,USD,2024-10-01,credit_card,succeeded,2024-10-01 00:00:00
pay_8676822,sub_878720,cust_346729,79,USD,2024-11-01,credit_card,succeeded,2024-11-01 00:00:00
pay_1815567,sub_878720,cust_346729,79,USD,2024-12-01,credit_card,succeeded,2024-12-01 00:00:00
pay_1065843,sub_391431,cust_202827,79,USD,2023-08-31,credit_card,succeeded,2023-08-31 00:00:00
pay_9295548,sub_391431,cust_202827,79,USD,2023-09-01,credit_card,succeeded,2023-09-01 00:00:00
pay_1975229,sub_391431,cust_202827,79,USD,2023-10-01,wire,succeeded,2023-10-01 00:00:00
pay_3134176,sub_391431,cust_202827,79,USD,2023-11-01,credit_card,succeeded,2023-11-01 00:00:00
pay_8620153,sub_391431,cust_202827,79,USD,2023-12-01,credit_card,succeeded,2023-12-01 00:00:00
pay_3157652,sub_391431,cust_202827,79,USD,2024-01-01,credit_card,succeeded,2024-01-01 00:00:00
pay_7129228,sub_391431,cust_202827,79,USD,2024-02-01,credit_card,succeeded,2024-02-01 00:00:00
pay_5597229,sub_391431,cust_202827,79,USD,2024-03-01,credit_card,succeeded,2024-03-01 00:00:00
pay_7420486,sub_391431,cust_202827,199,USD,2024-04-01,credit_card,succeeded,2024-04-01 00:00:00
pay_5540953,sub_391431,cust_202827,199,USD,2024-05-01,ach,succeeded,2024-05-01 00:00:00
pay_3525044,sub_391431,cust_202827,199,USD,2024-06-01,credit_card,succeeded,2024-06-01 00:00:00
pay_6646903,sub_391431,cust_202827,199,USD,2024-07-01,ach,succeeded,2024-07-01 00:00:00
pay_4956432,sub_391431,cust_202827,199,USD,2024-08-01,wire,succeeded,2024-08-01 00:00:00
pay_6919121,sub_391431,cust_202827,199,USD,2024-09-01,credit_card,succeeded,2024-09-01 00:00:00
pay_5830980,sub_391431,cust_202827,199,USD,2024-10-01,credit_card,succeeded,2024-10-01 00:00:00
pay_7430050,sub_525239,cust_251981,790,USD,2023-08-10,credit_card,succeeded,2023-08-10 00:00:00
pay_2532492,sub_525239,cust_251981,79,USD,2023-09-01,credit_card,succeeded,2023-09-01 00:00:00
pay_1900168,sub_525239,cust_251981,79,USD,2023-10-01,ach,failed,2023-10-01 00:00:00
pay_9842479,sub_525239,cust_251981,79,USD,2023-11-01,credit_card,succeeded,2023-11-01 00:00:00
pay_5591159,sub_525239,cust_251981,79,USD,2023-12-01,credit_card,succeeded,2023-12-01 00:00:00
pay_5749335,sub_525239,cust_251981,79,USD,2024-01-01,wire,succeeded,2024-01-01 00:00:00
pay_6813727,sub_525239,cust_251981,79,USD,2024-02-01,credit_card,succeeded,2024-02-01 00:00:00
pay_7192010,sub_525239,cust_251981,79,USD,2024-03-01,credit_card,succeeded,2024-03-01 00:00:00
pay_4562779,sub_525239,cust_251981,79,USD,2024-04-01,credit_card,succeeded,2024-04-01 00:00:00
pay_9648510,sub_525239,cust_251981,79,USD,2024-05-01,credit_card,succeeded,2024-05-01 00:00:00
pay_8811985,sub_525239,cust_251981,79,USD,2024-06-01,credit_card,succeeded,2024-06-01 00:00:00
pay_5526992,sub_525239,cust_251981,79,USD,2024-07-01,credit_card,succeeded,2024-07-01 00:00:00
pay_4392549,sub_525239,cust_251981,790,USD,2024-08-01,credit_card,succeeded,2024-08-01 00:00:00
pay_1201739,sub_525239,cust_251981,79,USD,2024-09-01,ach,failed,2024-09-01 00:00:00
pay_3917394,sub_525239,cust_251981,79,USD,2024-10-01,credit_card,succeeded,2024-10-01 00:00:00
pay_5052136,sub_525239,cust_251981,79,USD,2024-11-01,credit_card,succeeded,2024-11-01 00:00:00
pay_9203440,sub_525239,cust_251981,29,USD,2024-12-01,ach,succeeded,2024-12-01 00:00:00
pay_4701250,sub_555275,cust_452207,29,USD,2023-05-11,ach,succeeded,2023-05-11 00:00:00
pay_6757060,sub_555275,cust_452207,29,USD,2023-06-01,credit_card,succeeded,2023-06-01 00:00:00
pay_2088364,sub_555275,cust_452207,29,USD,2023-07-01,ach,succeeded,2023-07-01 00:00:00
pay_6988926,sub_555275,cust_452207,29,USD,2023-08-01,ach,succeeded,2023-08-01 00:00:00
pay_6663203,sub_555275,cust_452207,29,USD,2023-09-01,credit_card,succeeded,2023-09-01 00:00:00
pay_2790788,sub_555275,cust_452207,79,USD,2023-10-01,credit_card,succeeded,2023-10-01 00:00:00
pay_2632827,sub_555275,cust_452207,79,USD,2023-11-01,credit_card,succeeded,2023-11-01 00:00:00
pay_7816358,sub_555275,cust_452207,79,USD,2023-12-01,ach,succeeded,2023-12-01 00:00:00
pay_5145031,sub_555275,cust_452207,79,USD,2024-01-01,wire,succeeded,2024-01-01 00:00:00
pay_3139713,sub_555275,cust_452207,79,USD,2024-02-01,wire,succeeded,2024-02-01 00:00:00
pay_8762336,sub_555275,cust_452207,79,USD,2024-03-01,credit_card,succeeded,2024-03-01 00:00:00
pay_2157193,sub_555275,cust_452207,79,USD,2024-04-01,credit_card,succeeded,2024-04-01 00:00:00
pay_2647890,sub_555275,cust_452207,79,USD,2024-05-01,credit_card,succeeded,2024-05-01 00:00:00
pay_4734330,sub_555275,cust_452207,79,USD,2024-06-01,credit_card,succeeded,2024-06-01 00:00:00
pay_8326007,sub_555275,cust_452207,79,USD,2024-07-01,credit_card,succeeded,2024-07-01 00:00:00
pay_6545917,sub_555275,cust_452207,79,USD,2024-08-01,wire,succeeded,2024-08-01 00:00:00
pay_5832198,sub_555275,cust_452207,79,USD,2024-09-01,ach,succeeded,2024-09-01 00:00:00
pay_4610765,sub_555275,cust_452207,79,USD,2024-10-01,wire,succeeded,2024-10-01 00:00:00
pay_3207839,sub_555275,cust_452207,79,USD,2024-11-01,wire,succeeded,2024-11-01 00:00:00
pay_1728150,sub_555275,cust_452207,79,USD,2024-12-01,credit_card,succeeded,2024-12-01 00:00:00
pay_2877741,sub_459366,cust_330533,290,USD,2023-10-30,wire,succeeded,2023-10-30 00:00:00
pay_8408891,sub_459366,cust_330533,29,USD,2023-11-01,credit_card,succeeded,2023-11-01 00:00:00
pay_7083948,sub_459366,cust_330533,29,USD,2023-12-01,credit_card,succeeded,2023-12-01 00:00:00
pay_2468578,sub_459366,cust_330533,29,USD,2024-01-01,credit_card,succeeded,2024-01-01 00:00:00
pay_2413913,sub_459366,cust_330533,29,USD,2024-02-01,credit_card,succeeded,2024-02-01 00:00:00
pay_4136887,sub_459366,cust_330533,29,USD,2024-03-01,credit_card,succeeded,2024-03-01 00:00:00
pay_7569895,sub_459366,cust_330533,29,USD,2024-04-01,credit_card,succeeded,2024-04-01 00:00:00
pay_1769372,sub_459366,cust_330533,29,USD,2024-05-01,credit_card,succeeded,2024-05-01 00:00:00
pay_5218276,sub_459366,cust_330533,29,USD,2024-06-01,credit_card,succeeded,2024-06-01 00:00:00
pay_4617009,sub_459366,cust_330533,29,USD,2024-07-01,ach,succeeded,2024-07-01 00:00:00
pay_5210746,sub_459366,cust_330533,79,USD,2024-08-01,credit_card,succeeded,2024-08-01 00:00:00
pay_8019638,sub_459366,cust_330533,79,USD,2024-09-01,wire,succeeded,2024-09-01 00:00:00
pay_3472192,sub_459366,cust_330533,790,USD,2024-10-01,credit_card,succeeded,2024-10-01 00:00:00
pay_1125082,sub_459366,cust_330533,79,USD,2024-11-01,credit_card,succeeded,2024-11-01 00:00:00
pay_3520711,sub_459366,cust_330533,79,USD,2024-12-01,credit_card,succeeded,2024-12-01 00:00:00
pay_8406078,sub_219753,cust_998602,1990,USD,2024-06-18,ach,succeeded,2024-06-18 00:00:00
pay_5009360,sub_219753,cust_998602,199,USD,2024-07-01,credit_card,succeeded,2024-07-01 00:00:00
pay_9533099,sub_219753,cust_998602,199,USD,2024-08-01,credit_card,succeeded,2024-08-01 00:00:00
pay_9510593,sub_219753,cust_998602,199,USD,2024-09-01,ach,succeeded,2024-09-01 00:00:00
pay_6362126,sub_219753,cust_998602,199,USD,2024-10-01,ach,succeeded,2024-10-01 00:00:00
pay_4662454,sub_219753,cust_998602,199,USD,2024-11-01,credit_card,succeeded,2024-11-01 00:00:00
pay_7243355,sub_219753,cust_998602,199,USD,2024-12-01,credit_card,succeeded,2024-12-01 00:00:00
pay_1731452,sub_725119,cust_358635,29,USD,2023-09-11,wire,succeeded,2023-09-11 00:00:00
pay_2006583,sub_725119,cust_358635,29,USD,2023-10-01,ach,succeeded,2023-10-01 00:00:00
pay_3357377,sub_725119,cust_358635,79,USD,2023-11-01,credit_card,succeeded,2023-11-01 00:00:00
pay_8115696,sub_725119,cust_358635,79,USD,2023-12-01,ach,succeeded,2023-12-01 00:00:00
pay_6548319,sub_725119,cust_358635,79,USD,2024-01-01,credit_card,succeeded,2024-01-01 00:00:00
pay_7932142,sub_725119,cust_358635,29,USD,2024-02-01,credit_card,succeeded,2024-02-01 00:00:00
pay_6185270,sub_725119,cust_358635,29,USD,2024-03-01,ach,succeeded,2024-03-01 00:00:00
pay_5048832,sub_725119,cust_358635,79,USD,2024-04-01,credit_card,succeeded,2024-04-01 00:00:00
pay_8065848,sub_725119,cust_358635,79,USD,2024-05-01,credit_card,succeeded,2024-05-01 00:00:00
pay_5815766,sub_725119,cust_358635,79,USD,2024-06-01,ach,succeeded,2024-06-01 00:00:00
pay_7930821,sub_725119,cust_358635,79,USD,2024-07-01,wire,succeeded,2024-07-01 00:00:00
pay_2091491,sub_725119,cust_358635,79,USD,2024-08-01,credit_card,succeeded,2024-08-01 00:00:00
pay_7892391,sub_725119,cust_358635,79,USD,2024-09-01,credit_card,succeeded,2024-09-01 00:00:00
pay_8810454,sub_971044,cust_146372,79,USD,2023-02-11,credit_card,succeeded,2023-02-11 00:00:00
pay_6261035,sub_971044,cust_146372,79,USD,2023-03-01,credit_card,succeeded,2023-03-01 00:00:00
pay_9634788,sub_546235,cust_352194,199,USD,2023-03-27,credit_card,succeeded,2023-03-27 00:00:00
pay_9383533,sub_546235,cust_352194,199,USD,2023-04-01,ach,succeeded,2023-04-01 00:00:00
pay_7486152,sub_546235,cust_352194,199,USD,2023-05-01,credit_card,succeeded,2023-05-01 00:00:00
pay_7055412,sub_546235,cust_352194,199,USD,2023-06-01,wire,succeeded,2023-06-01 00:00:00
pay_7909546,sub_546235,cust_352194,79,USD,2023-07-01,credit_card,succeeded,2023-07-01 00:00:00
pay_4836380,sub_546235,cust_352194,79,USD,2023-08-01,credit_card,succeeded,2023-08-01 00:00:00
pay_6281077,sub_546235,cust_352194,29,USD,2023-09-01,credit_card,succeeded,2023-09-01 00:00:00
pay_7629710,sub_412086,cust_195136,29,USD,2024-03-01,credit_card,succeeded,2024-03-01 00:00:00
pay_3343303,sub_412086,cust_195136,29,USD,2024-04-01,credit_card,succeeded,2024-04-01 00:00:00
pay_3680258,sub_412086,cust_195136,29,USD,2024-05-01,credit_card,failed,2024-05-01 00:00:00
pay_3145504,sub_412086,cust_195136,29,USD,2024-06-01,credit_card,succeeded,2024-06-01 00:00:00
pay_5455445,sub_412086,cust_195136,29,USD,2024-07-01,credit_card,succeeded,2024-07-01 00:00:00
pay_7178480,sub_412086,cust_195136,29,USD,2024-08-01,credit_card,succeeded,2024-08-01 00:00:00
pay_3188785,sub_412086,cust_195136,29,USD,2024-09-01,credit_card,succeeded,2024-09-01 00:00:00
pay_7932558,sub_412086,cust_195136,29,USD,2024-10-01,credit_card,succeeded,2024-10-01 00:00:00
pay_5777147,sub_412086,cust_195136,29,USD,2024-11-01,credit_card,succeeded,2024-11-01 00:00:00
pay_6148675,sub_412086,cust_195136,29,USD,2024-12-01,credit_card,succeeded,2024-12-01 00:00:00
pay_8916565,sub_500788,cust_909327,79,USD,2023-05-22,credit_card,succeeded,2023-05-22 00:00:00
pay_4702383,sub_500788,cust_909327,79,USD,2023-06-01,ach,succeeded,2023-06-01 00:00:00
pay_3394839,sub_500788,cust_909327,79,USD,2023-07-01,credit_card,succeeded,2023-07-01 00:00:00
pay_4360746,sub_500788,cust_909327,79,USD,2023-08-01,credit_card,failed,2023-08-01 00:00:00
pay_3493176,sub_500788,cust_909327,79,USD,2023-09-01,credit_card,succeeded,2023-09-01 00:00:00
pay_4190898,sub_500788,cust_909327,79,USD,2023-10-01,wire,succeeded,2023-10-01 00:00:00
pay_7195501,sub_500788,cust_909327,79,USD,2023-11-01,credit_card,succeeded,2023-11-01 00:00:00
pay_6127318,sub_500788,cust_909327,79,USD,2023-12-01,wire,succeeded,2023-12-01 00:00:00
pay_3232822,sub_500788,cust_909327,79,USD,2024-01-01,wire,succeeded,2024-01-01 00:00:00
pay_8732036,sub_500788,cust_909327,79,USD,2024-02-01,ach,succeeded,2024-02-01 00:00:00
pay_6509997,sub_500788,cust_909327,79,USD,2024-03-01,credit_card,succeeded,2024-03-01 00:00:00
pay_8849014,sub_500788,cust_909327,79,USD,2024-04-01,wire,succeeded,2024-04-01 00:00:00
pay_5933474,sub_500788,cust_909327,79,USD,2024-05-01,ach,succeeded,2024-05-01 00:00:00
pay_1403445,sub_500788,cust_909327,79,USD,2024-06-01,credit_card,succeeded,2024-06-01 00:00:00
pay_8353482,sub_500788,cust_909327,79,USD,2024-07-01,wire,succeeded,2024-07-01 00:00:00
pay_6091017,sub_500788,cust_909327,79,USD,2024-08-01,ach,succeeded,2024-08-01 00:00:00
pay_7578882,sub_500788,cust_909327,79,USD,2024-09-01,ach,succeeded,2024-09-01 00:00:00
pay_4724223,sub_500788,cust_909327,79,USD,2024-10-01,ach,succeeded,2024-10-01 00:00:00
pay_1081768,sub_500788,cust_909327,79,USD,2024-11-01,wire,succeeded,2024-11-01 00:00:00
pay_4529282,sub_500788,cust_909327,79,USD,2024-12-01,wire,succeeded,2024-12-01 00:00:00
pay_3663703,sub_193347,cust_817923,199,USD,2023-03-24,credit_card,succeeded,2023-03-24 00:00:00
pay_1275145,sub_193347,cust_817923,199,USD,2023-04-01,wire,succeeded,2023-04-01 00:00:00
pay_4032775,sub_193347,cust_817923,199,USD,2023-05-01,credit_card,succeeded,2023-05-01 00:00:00
pay_8166784,sub_193347,cust_817923,199,USD,2023-06-01,credit_card,succeeded,2023-06-01 00:00:00
pay_4093083,sub_193347,cust_817923,79,USD,2023-07-01,ach,succeeded,2023-07-01 00:00:00
pay_3455225,sub_193347,cust_817923,79,USD,2023-08-01,credit_card,succeeded,2023-08-01 00:00:00
pay_3395005,sub_193347,cust_817923,79,USD,2023-09-01,credit_card,succeeded,2023-09-01 00:00:00
pay_3664886,sub_193347,cust_817923,79,USD,2023-10-01,ach,succeeded,2023-10-01 00:00:00
pay_6103128,sub_193347,cust_817923,79,USD,2023-11-01,ach,succeeded,2023-11-01 00:00:00
pay_3779093,sub_193347,cust_817923,79,USD,2023-12-01,ach,succeeded,2023-12-01 00:00:00
pay_5537933,sub_193347,cust_817923,79,USD,2024-01-01,ach,succeeded,2024-01-01 00:00:00
pay_5042694,sub_193347,cust_817923,79,USD,2024-02-01,credit_card,succeeded,2024-02-01 00:00:00
pay_8221310,sub_193347,cust_817923,79,USD,2024-03-01,ach,succeeded,2024-03-01 00:00:00
pay_1771296,sub_193347,cust_817923,199,USD,2024-04-01,credit_card,succeeded,2024-04-01 00:00:00
pay_6004008,sub_193347,cust_817923,199,USD,2024-05-01,wire,succeeded,2024-05-01 00:00:00
pay_7481628,sub_193347,cust_817923,199,USD,2024-06-01,credit_card,succeeded,2024-06-01 00:00:00
pay_7348974,sub_193347,cust_817923,199,USD,2024-07-01,wire,succeeded,2024-07-01 00:00:00
pay_9424737,sub_193347,cust_817923,199,USD,2024-08-01,wire,succeeded,2024-08-01 00:00:00
pay_9723371,sub_193347,cust_817923,199,USD,2024-09-01,wire,succeeded,2024-09-01 00:00:00
pay_3842237,sub_193347,cust_817923,199,USD,2024-10-01,credit_card,succeeded,2024-10-01 00:00:00
pay_5275197,sub_193347,cust_817923,199,USD,2024-11-01,credit_card,succeeded,2024-11-01 00:00:00
pay_7043599,sub_193347,cust_817923,199,USD,2024-12-01,credit_card,succeeded,2024-12-01 00:00:00
pay_8167966,sub_631468,cust_451199,29,USD,2023-09-02,wire,succeeded,2023-09-02 00:00:00
pay_7997574,sub_631468,cust_451199,29,USD,2023-10-01,credit_card,succeeded,2023-10-01 00:00:00
pay_6028059,sub_149096,cust_436030,79,USD,2023-12-28,credit_card,succeeded,2023-12-28 00:00:00
pay_4822824,sub_149096,cust_436030,79,USD,2024-01-01,credit_card,succeeded,2024-01-01 00:00:00
pay_5153601,sub_149096,cust_436030,79,USD,2024-02-01,wire,succeeded,2024-02-01 00:00:00
pay_7627705,sub_149096,cust_436030,79,USD,2024-03-01,wire,failed,2024-03-01 00:00:00
pay_5493864,sub_149096,cust_436030,79,USD,2024-04-01,ach,succeeded,2024-04-01 00:00:00
pay_2142813,sub_149096,cust_436030,79,USD,2024-05-01,credit_card,succeeded,2024-05-01 00:00:00
pay_4414013,sub_149096,cust_436030,79,USD,2024-06-01,ach,succeeded,2024-06-01 00:00:00
pay_5155754,sub_149096,cust_436030,79,USD,2024-07-01,wire,succeeded,2024-07-01 00:00:00
pay_1039569,sub_149096,cust_436030,79,USD,2024-08-01,credit_card,succeeded,2024-08-01 00:00:00
pay_3646646,sub_149096,cust_436030,79,USD,2024-09-01,credit_card,succeeded,2024-09-01 00:00:00
pay_1466456,sub_149096,cust_436030,79,USD,2024-10-01,credit_card,succeeded,2024-10-01 00:00:00
pay_2607260,sub_149096,cust_436030,79,USD,2024-11-01,wire,succeeded,2024-11-01 00:00:00
pay_4026283,sub_149096,cust_436030,79,USD,2024-12-01,credit_card,succeeded,2024-12-01 00:00:00
pay_3571773,sub_623957,cust_228670,79,USD,2024-04-26,credit_card,failed,2024-04-26 00:00:00
pay_7103759,sub_623957,cust_228670,79,USD,2024-05-01,credit_card,succeeded,2024-05-01 00:00:00
pay_4268996,sub_623957,cust_228670,79,USD,2024-06-01,credit_card,succeeded,2024-06-01 00:00:00
pay_7626630,sub_623957,cust_228670,79,USD,2024-07-01,credit_card,succeeded,2024-07-01 00:00:00
pay_5883659,sub_623957,cust_228670,79,USD,2024-08-01,credit_card,succeeded,2024-08-01 00:00:00
pay_3976834,sub_623957,cust_228670,79,USD,2024-09-01,credit_card,succeeded,2024-09-01 00:00:00
pay_1763389,sub_623957,cust_228670,79,USD,2024-10-01,credit_card,succeeded,2024-10-01 00:00:00
pay_8154596,sub_623957,cust_228670,79,USD,2024-11-01,ach,succeeded,2024-11-01 00:00:00
pay_2885707,sub_623957,cust_228670,29,USD,2024-12-01,credit_card,succeeded,2024-12-01 00:00:00
pay_1304805,sub_796866,cust_948083,79,USD,2023-03-09,credit_card,succeeded,2023-03-09 00:00:00
pay_8658790,sub_796866,cust_948083,79,USD,2023-04-01,ach,succeeded,2023-04-01 00:00:00
pay_7691642,sub_796866,cust_948083,79,USD,2023-05-01,wire,succeeded,2023-05-01 00:00:00
pay_1230539,sub_796866,cust_948083,79,USD,2023-06-01,credit_card,succeeded,2023-06-01 00:00:00
pay_2764943,sub_796866,cust_948083,79,USD,2023-07-01,wire,succeeded,2023-07-01 00:00:00
pay_2328461,sub_796866,cust_948083,79,USD,2023-08-01,ach,succeeded,2023-08-01 00:00:00
pay_6750452,sub_796866,cust_948083,79,USD,2023-09-01,credit_card,succeeded,2023-09-01 00:00:00
pay_3921984,sub_796866,cust_948083,79,USD,2023-10-01,credit_card,succeeded,2023-10-01 00:00:00
pay_9885199,sub_796866,cust_948083,79,USD,2023-11-01,credit_card,succeeded,2023-11-01 00:00:00
pay_4669487,sub_796866,cust_948083,199,USD,2023-12-01,wire,succeeded,2023-12-01 00:00:00
pay_9069161,sub_796866,cust_948083,199,USD,2024-01-01,credit_card,succeeded,2024-01-01 00:00:00
pay_2220215,sub_796866,cust_948083,199,USD,2024-02-01,credit_card,succeeded,2024-02-01 00:00:00
pay_9268030,sub_796866,cust_948083,199,USD,2024-03-01,credit_card,succeeded,2024-03-01 00:00:00
pay_2933891,sub_796866,cust_948083,199,USD,2024-04-01,credit_card,succeeded,2024-04-01 00:00:00
pay_1982849,sub_796866,cust_948083,199,USD,2024-05-01,wire,succeeded,2024-05-01 00:00:00
pay_3237650,sub_796866,cust_948083,199,USD,2024-06-01,ach,succeeded,2024-06-01 00:00:00
pay_4126862,sub_796866,cust_948083,199,USD,2024-07-01,credit_card,succeeded,2024-07-01 00:00:00
pay_1893030,sub_796866,cust_948083,199,USD,2024-08-01,credit_card,succeeded,2024-08-01 00:00:00
pay_9718692,sub_796866,cust_948083,199,USD,2024-09-01,credit_card,succeeded,2024-09-01 00:00:00
pay_4390767,sub_796866,cust_948083,199,USD,2024-10-01,credit_card,succeeded,2024-10-01 00:00:00
pay_2913141,sub_796866,cust_948083,199,USD,2024-11-01,credit_card,succeeded,2024-11-01 00:00:00
pay_3814063,sub_796866,cust_948083,199,USD,2024-12-01,credit_card,succeeded,2024-12-01 00:00:00
pay_1211709,sub_290552,cust_272769,29,USD,2023-10-10,credit_card,succeeded,2023-10-10 00:00:00
pay_4601983,sub_290552,cust_272769,29,USD,2023-11-01,credit_card,succeeded,2023-11-01 00:00:00
pay_2276407,sub_290552,cust_272769,29,USD,2023-12-01,wire,succeeded,2023-12-01 00:00:00
pay_6877112,sub_290552,cust_272769,29,USD,2024-01-01,credit_card,succeeded,2024-01-01 00:00:00
pay_7448833,sub_290552,cust_272769,29,USD,2024-02-01,credit_card,succeeded,2024-02-01 00:00:00
pay_1720263,sub_290552,cust_272769,29,USD,2024-03-01,credit_card,succeeded,2024-03-01 00:00:00
pay_2874068,sub_290552,cust_272769,29,USD,2024-04-01,credit_card,succeeded,2024-04-01 00:00:00
pay_6810325,sub_290552,cust_272769,29,USD,2024-05-01,credit_card,succeeded,2024-05-01 00:00:00
pay_4608865,sub_290552,cust_272769,29,USD,2024-06-01,credit_card,succeeded,2024-06-01 00:00:00
pay_9289747,sub_290552,cust_272769,29,USD,2024-07-01,credit_card,succeeded,2024-07-01 00:00:00
pay_2399911,sub_290552,cust_272769,29,USD,2024-08-01,ach,succeeded,2024-08-01 00:00:00
pay_2859195,sub_290552,cust_272769,29,USD,2024-09-01,credit_card,succeeded,2024-09-01 00:00:00
pay_8856455,sub_259057,cust_667735,29,USD,2023-05-16,wire,succeeded,2023-05-16 00:00:00
pay_3276657,sub_259057,cust_667735,29,USD,2023-06-01,wire,succeeded,2023-06-01 00:00:00
pay_6366337,sub_259057,cust_667735,29,USD,2023-07-01,credit_card,failed,2023-07-01 00:00:00
pay_9509420,sub_259057,cust_667735,29,USD,2023-08-01,ach,succeeded,2023-08-01 00:00:00
pay_3840131,sub_259057,cust_667735,29,USD,2023-09-01,ach,succeeded,2023-09-01 00:00:00
pay_1264081,sub_259057,cust_667735,29,USD,2023-10-01,credit_card,succeeded,2023-10-01 00:00:00
pay_6014145,sub_259057,cust_667735,29,USD,2023-11-01,credit_card,succeeded,2023-11-01 00:00:00
pay_6670844,sub_259057,cust_667735,29,USD,2023-12-01,credit_card,succeeded,2023-12-01 00:00:00
pay_1388492,sub_259057,cust_667735,29,USD,2024-01-01,credit_card,succeeded,2024-01-01 00:00:00
pay_1200078,sub_259057,cust_667735,29,USD,2024-02-01,credit_card,succeeded,2024-02-01 00:00:00
pay_2301973,sub_259057,cust_667735,29,USD,2024-03-01,wire,succeeded,2024-03-01 00:00:00
pay_2245874,sub_259057,cust_667735,29,USD,2024-04-01,credit_card,succeeded,2024-04-01 00:00:00
pay_1460847,sub_259057,cust_667735,29,USD,2024-05-01,ach,succeeded,2024-05-01 00:00:00
pay_6364160,sub_519567,cust_975505,79,USD,2024-06-16,credit_card,succeeded,2024-06-16 00:00:00
pay_9418816,sub_519567,cust_975505,79,USD,2024-07-01,credit_card,succeeded,2024-07-01 00:00:00
pay_5885750,sub_519567,cust_975505,79,USD,2024-08-01,ach,succeeded,2024-08-01 00:00:00
pay_8492385,sub_519567,cust_975505,79,USD,2024-09-01,credit_card,succeeded,2024-09-01 00:00:00
pay_9331118,sub_519567,cust_975505,79,USD,2024-10-01,wire,succeeded,2024-10-01 00:00:00
pay_8584715,sub_519567,cust_975505,29,USD,2024-11-01,wire,succeeded,2024-11-01 00:00:00
pay_1116389,sub_519567,cust_975505,29,USD,2024-12-01,wire,succeeded,2024-12-01 00:00:00
pay_4812149,sub_602816,cust_982804,79,USD,2024-07-15,credit_card,succeeded,2024-07-15 00:00:00
pay_7588469,sub_602816,cust_982804,79,USD,2024-08-01,credit_card,succeeded,2024-08-01 00:00:00
pay_1676751,sub_602816,cust_982804,79,USD,2024-09-01,credit_card,succeeded,2024-09-01 00:00:00
pay_4897224,sub_602816,cust_982804,79,USD,2024-10-01,credit_card,succeeded,2024-10-01 00:00:00
pay_1130501,sub_602816,cust_982804,79,USD,2024-11-01,credit_card,succeeded,2024-11-01 00:00:00
pay_3741742,sub_602816,cust_982804,79,USD,2024-12-01,ach,succeeded,2024-12-01 00:00:00
pay_8427120,sub_969999,cust_402143,29,USD,2023-02-18,credit_card,succeeded,2023-02-18 00:00:00
pay_3307628,sub_969999,cust_402143,29,USD,2023-03-01,wire,succeeded,2023-03-01 00:00:00
pay_1432830,sub_969999,cust_402143,29,USD,2023-04-01,credit_card,succeeded,2023-04-01 00:00:00
pay_4963753,sub_969999,cust_402143,29,USD,2023-05-01,credit_card,succeeded,2023-05-01 00:00:00
pay_2810933,sub_969999,cust_402143,29,USD,2023-06-01,credit_card,failed,2023-06-01 00:00:00
pay_2060503,sub_969999,cust_402143,29,USD,2023-07-01,credit_card,succeeded,2023-07-01 00:00:00
pay_8166851,sub_969999,cust_402143,29,USD,2023-08-01,credit_card,succeeded,2023-08-01 00:00:00
pay_9961776,sub_969999,cust_402143,29,USD,2023-09-01,credit_card,succeeded,2023-09-01 00:00:00
pay_1663375,sub_969999,cust_402143,29,USD,2023-10-01,credit_card,succeeded,2023-10-01 00:00:00
pay_6080960,sub_969999,cust_402143,29,USD,2023-11-01,credit_card,failed,2023-11-01 00:00:00
pay_2077365,sub_969999,cust_402143,29,USD,2023-12-01,credit_card,succeeded,2023-12-01 00:00:00
pay_5582950,sub_969999,cust_402143,29,USD,2024-01-01,ach,succeeded,2024-01-01 00:00:00
pay_2488398,sub_969999,cust_402143,29,USD,2024-02-01,ach,succeeded,2024-02-01 00:00:00
pay_7591382,sub_391941,cust_841484,790,USD,2023-02-05,credit_card,succeeded,2023-02-05 00:00:00
pay_8380855,sub_391941,cust_841484,79,USD,2023-03-01,wire,succeeded,2023-03-01 00:00:00
pay_9559989,sub_391941,cust_841484,79,USD,2023-04-01,wire,succeeded,2023-04-01 00:00:00
pay_4275627,sub_391941,cust_841484,79,USD,2023-05-01,credit_card,succeeded,2023-05-01 00:00:00
pay_5271754,sub_391941,cust_841484,79,USD,2023-06-01,credit_card,succeeded,2023-06-01 00:00:00
pay_1423454,sub_391941,cust_841484,79,USD,2023-07-01,credit_card,succeeded,2023-07-01 00:00:00
pay_2346370,sub_391941,cust_841484,79,USD,2023-08-01,credit_card,succeeded,2023-08-01 00:00:00
pay_9744546,sub_391941,cust_841484,79,USD,2023-09-01,credit_card,succeeded,2023-09-01 00:00:00
pay_3085358,sub_391941,cust_841484,79,USD,2023-10-01,credit_card,succeeded,2023-10-01 00:00:00
pay_5603244,sub_391941,cust_841484,79,USD,2023-11-01,credit_card,succeeded,2023-11-01 00:00:00
pay_9386050,sub_391941,cust_841484,79,USD,2023-12-01,ach,succeeded,2023-12-01 00:00:00
pay_7980880,sub_391941,cust_841484,79,USD,2024-01-01,credit_card,succeeded,2024-01-01 00:00:00
pay_6676201,sub_391941,cust_841484,790,USD,2024-02-01,credit_card,succeeded,2024-02-01 00:00:00
pay_7695885,sub_391941,cust_841484,79,USD,2024-03-01,credit_card,succeeded,2024-03-01 00:00:00
pay_1654488,sub_391941,cust_841484,79,USD,2024-04-01,wire,succeeded,2024-04-01 00:00:00
pay_2586409,sub_391941,cust_841484,79,USD,2024-05-01,ach,succeeded,2024-05-01 00:00:00
pay_6555039,sub_391941,cust_841484,79,USD,2024-06-01,credit_card,succeeded,2024-06-01 00:00:00
pay_9106263,sub_391941,cust_841484,79,USD,2024-07-01,ach,succeeded,2024-07-01 00:00:00
pay_1673134,sub_391941,cust_841484,79,USD,2024-08-01,credit_card,succeeded,2024-08-01 00:00:00
pay_4449994,sub_391941,cust_841484,79,USD,2024-09-01,wire,succeeded,2024-09-01 00:00:00
pay_6872139,sub_391941,cust_841484,79,USD,2024-10-01,credit_card,failed,2024-10-01 00:00:00
pay_9469165,sub_391941,cust_841484,199,USD,2024-11-01,credit_card,succeeded,2024-11-01 00:00:00
pay_3281447,sub_391941,cust_841484,199,USD,2024-12-01,credit_card,succeeded,2024-12-01 00:00:00
pay_3495920,sub_384027,cust_524214,79,USD,2024-05-26,credit_card,succeeded,2024-05-26 00:00:00
pay_6927613,sub_384027,cust_524214,79,USD,2024-06-01,wire,succeeded,2024-06-01 00:00:00
pay_4063287,sub_384027,cust_524214,79,USD,2024-07-01,wire,succeeded,2024-07-01 00:00:00
pay_8957456,sub_384027,cust_524214,79,USD,2024-08-01,credit_card,succeeded,2024-08-01 00:00:00
pay_9422687,sub_384027,cust_524214,79,USD,2024-09-01,ach,succeeded,2024-09-01 00:00:00
pay_8693689,sub_384027,cust_524214,79,USD,2024-10-01,credit_card,succeeded,2024-10-01 00:00:00
pay_4190596,sub_384027,cust_524214,79,USD,2024-11-01,credit_card,succeeded,2024-11-01 00:00:00
pay_6695030,sub_384027,cust_524214,79,USD,2024-12-01,ach,succeeded,2024-12-01 00:00:00
pay_1266695,sub_746413,cust_839719,199,USD,2023-10-30,credit_card,succeeded,2023-10-30 00:00:00
pay_5277117,sub_746413,cust_839719,199,USD,2023-11-01,credit_card,succeeded,2023-11-01 00:00:00
pay_5071469,sub_746413,cust_839719,199,USD,2023-12-01,wire,succeeded,2023-12-01 00:00:00
pay_8108304,sub_746413,cust_839719,199,USD,2024-01-01,credit_card,succeeded,2024-01-01 00:00:00
pay_9866902,sub_746413,cust_839719,199,USD,2024-02-01,credit_card,succeeded,2024-02-01 00:00:00
pay_5801334,sub_746413,cust_839719,199,USD,2024-03-01,wire,succeeded,2024-03-01 00:00:00
pay_3270211,sub_746413,cust_839719,199,USD,2024-04-01,ach,succeeded,2024-04-01 00:00:00
pay_4901015,sub_746413,cust_839719,199,USD,2024-05-01,credit_card,succeeded,2024-05-01 00:00:00
pay_7591745,sub_746413,cust_839719,199,USD,2024-06-01,credit_card,succeeded,2024-06-01 00:00:00
pay_5022273,sub_746413,cust_839719,199,USD,2024-07-01,wire,succeeded,2024-07-01 00:00:00
pay_7984488,sub_746413,cust_839719,199,USD,2024-08-01,ach,succeeded,2024-08-01 00:00:00
pay_3609207,sub_746413,cust_839719,199,USD,2024-09-01,ach,succeeded,2024-09-01 00:00:00
pay_4787417,sub_746413,cust_839719,199,USD,2024-10-01,credit_card,succeeded,2024-10-01 00:00:00
pay_1049878,sub_746413,cust_839719,199,USD,2024-11-01,ach,succeeded,2024-11-01 00:00:00
pay_1948263,sub_746413,cust_839719,199,USD,2024-12-01,credit_card,succeeded,2024-12-01 00:00:00
pay_4262022,sub_216020,cust_563581,29,USD,2023-12-13,credit_card,succeeded,2023-12-13 00:00:00
pay_1991544,sub_216020,cust_563581,29,USD,2024-01-01,credit_card,succeeded,2024-01-01 00:00:00
pay_3234600,sub_358365,cust_981723,29,USD,2023-08-14,credit_card,succeeded,2023-08-14 00:00:00
pay_4292447,sub_358365,cust_981723,29,USD,2023-09-01,credit_card,succeeded,2023-09-01 00:00:00
pay_6760768,sub_358365,cust_981723,29,USD,2023-10-01,credit_card,succeeded,2023-10-01 00:00:00
pay_7972650,sub_358365,cust_981723,29,USD,2023-11-01,credit_card,succeeded,2023-11-01 00:00:00
pay_9861374,sub_358365,cust_981723,29,USD,2023-12-01,wire,succeeded,2023-12-01 00:00:00
pay_4643160,sub_358365,cust_981723,29,USD,2024-01-01,credit_card,succeeded,2024-01-01 00:00:00
pay_1539463,sub_358365,cust_981723,29,USD,2024-02-01,credit_card,succeeded,2024-02-01 00:00:00
pay_7103656,sub_358365,cust_981723,29,USD,2024-03-01,credit_card,succeeded,2024-03-01 00:00:00
pay_2966177,sub_358365,cust_981723,29,USD,2024-04-01,credit_card,succeeded,2024-04-01 00:00:00
pay_5873621,sub_358365,cust_981723,29,USD,2024-05-01,credit_card,succeeded,2024-05-01 00:00:00
pay_2765850,sub_358365,cust_981723,29,USD,2024-06-01,ach,succeeded,2024-06-01 00:00:00
pay_5445570,sub_358365,cust_981723,29,USD,2024-07-01,credit_card,succeeded,2024-07-01 00:00:00
pay_6577582,sub_358365,cust_981723,29,USD,2024-08-01,ach,succeeded,2024-08-01 00:00:00
pay_3796771,sub_358365,cust_981723,79,USD,2024-09-01,credit_card,succeeded,2024-09-01 00:00:00
pay_9916731,sub_358365,cust_981723,79,USD,2024-10-01,credit_card,succeeded,2024-10-01 00:00:00
pay_6037440,sub_358365,cust_981723,79,USD,2024-11-01,ach,succeeded,2024-11-01 00:00:00
pay_2839800,sub_358365,cust_981723,79,USD,2024-12-01,credit_card,succeeded,2024-12-01 00:00:00
pay_2866355,sub_815557,cust_732471,1990,USD,2024-09-11,credit_card,succeeded,2024-09-11 00:00:00
pay_7842930,sub_815557,cust_732471,199,USD,2024-10-01,credit_card,succeeded,2024-10-01 00:00:00
pay_3913153,sub_815557,cust_732471,199,USD,2024-11-01,credit_card,succeeded,2024-11-01 00:00:00
pay_5836424,sub_815557,cust_732471,199,USD,2024-12-01,credit_card,succeeded,2024-12-01 00:00:00
pay_9407200,sub_442752,cust_398477,290,USD,2023-12-20,ach,succeeded,2023-12-20 00:00:00
pay_8397529,sub_442752,cust_398477,29,USD,2024-01-01,credit_card,succeeded,2024-01-01 00:00:00
pay_9863607,sub_442752,cust_398477,29,USD,2024-02-01,ach,succeeded,2024-02-01 00:00:00
pay_2983992,sub_481878,cust_563999,79,USD,2023-10-23,credit_card,succeeded,2023-10-23 00:00:00
pay_1035233,sub_481878,cust_563999,79,USD,2023-11-01,credit_card,succeeded,2023-11-01 00:00:00
pay_3000336,sub_481878,cust_563999,79,USD,2023-12-01,credit_card,succeeded,2023-12-01 00:00:00
pay_2263230,sub_481878,cust_563999,79,USD,2024-01-01,wire,succeeded,2024-01-01 00:00:00
pay_5663380,sub_481878,cust_563999,79,USD,2024-02-01,ach,succeeded,2024-02-01 00:00:00
pay_3976649,sub_481878,cust_563999,79,USD,2024-03-01,credit_card,succeeded,2024-03-01 00:00:00
pay_8810424,sub_481878,cust_563999,79,USD,2024-04-01,wire,succeeded,2024-04-01 00:00:00
pay_6440546,sub_481878,cust_563999,79,USD,2024-05-01,credit_card,succeeded,2024-05-01 00:00:00
pay_1431360,sub_481878,cust_563999,79,USD,2024-06-01,wire,succeeded,2024-06-01 00:00:00
pay_5210981,sub_481878,cust_563999,79,USD,2024-07-01,ach,succeeded,2024-07-01 00:00:00
pay_5003244,sub_481878,cust_563999,79,USD,2024-08-01,ach,succeeded,2024-08-01 00:00:00
pay_7441237,sub_481878,cust_563999,79,USD,2024-09-01,credit_card,succeeded,2024-09-01 00:00:00
pay_1796008,sub_481878,cust_563999,79,USD,2024-10-01,credit_card,succeeded,2024-10-01 00:00:00
pay_7975340,sub_481878,cust_563999,79,USD,2024-11-01,credit_card,succeeded,2024-11-01 00:00:00
pay_7530639,sub_481878,cust_563999,79,USD,2024-12-01,credit_card,succeeded,2024-12-01 00:00:00
pay_7335410,sub_370625,cust_250616,790,USD,2023-08-01,wire,succeeded,2023-08-01 00:00:00
pay_5065883,sub_370625,cust_250616,79,USD,2023-09-01,ach,succeeded,2023-09-01 00:00:00
pay_2718655,sub_370625,cust_250616,79,USD,2023-10-01,credit_card,succeeded,2023-10-01 00:00:00
pay_2071418,sub_370625,cust_250616,79,USD,2023-11-01,wire,succeeded,2023-11-01 00:00:00
pay_1620322,sub_370625,cust_250616,79,USD,2023-12-01,ach,succeeded,2023-12-01 00:00:00
pay_8125965,sub_370625,cust_250616,79,USD,2024-01-01,credit_card,succeeded,2024-01-01 00:00:00
pay_5467103,sub_370625,cust_250616,79,USD,2024-02-01,ach,succeeded,2024-02-01 00:00:00
pay_1150805,sub_370625,cust_250616,199,USD,2024-03-01,credit_card,succeeded,2024-03-01 00:00:00
pay_3763038,sub_370625,cust_250616,199,USD,2024-04-01,credit_card,succeeded,2024-04-01 00:00:00
pay_4204629,sub_370625,cust_250616,199,USD,2024-05-01,credit_card,failed,2024-05-01 00:00:00
pay_1027644,sub_295809,cust_386606,29,USD,2024-02-29,credit_card,succeeded,2024-02-29 00:00:00
pay_4141473,sub_295809,cust_386606,29,USD,2024-03-01,ach,succeeded,2024-03-01 00:00:00
pay_7973012,sub_295809,cust_386606,29,USD,2024-04-01,wire,succeeded,2024-04-01 00:00:00
pay_3242514,sub_425704,cust_614416,79,USD,2023-02-13,credit_card,succeeded,2023-02-13 00:00:00
pay_2007940,sub_425704,cust_614416,79,USD,2023-03-01,wire,succeeded,2023-03-01 00:00:00
pay_2341310,sub_425704,cust_614416,79,USD,2023-04-01,credit_card,succeeded,2023-04-01 00:00:00
pay_5955264,sub_425704,cust_614416,199,USD,2023-05-01,credit_card,succeeded,2023-05-01 00:00:00
pay_8752640,sub_425704,cust_614416,79,USD,2023-06-01,wire,succeeded,2023-06-01 00:00:00
pay_7387534,sub_425704,cust_614416,79,USD,2023-07-01,wire,succeeded,2023-07-01 00:00:00
pay_8594351,sub_425704,cust_614416,79,USD,2023-08-01,wire,succeeded,2023-08-01 00:00:00
pay_3750233,sub_425704,cust_614416,79,USD,2023-09-01,credit_card,succeeded,2023-09-01 00:00:00
pay_2131603,sub_425704,cust_614416,79,USD,2023-10-01,credit_card,succeeded,2023-10-01 00:00:00
pay_5524587,sub_425704,cust_614416,79,USD,2023-11-01,credit_card,succeeded,2023-11-01 00:00:00
pay_1232204,sub_425704,cust_614416,199,USD,2023-12-01,ach,succeeded,2023-12-01 00:00:00
pay_9192945,sub_425704,cust_614416,199,USD,2024-01-01,credit_card,succeeded,2024-01-01 00:00:00
pay_9946620,sub_425704,cust_614416,199,USD,2024-02-01,ach,succeeded,2024-02-01 00:00:00
pay_6938544,sub_425704,cust_614416,199,USD,2024-03-01,wire,succeeded,2024-03-01 00:00:00
pay_9704338,sub_425704,cust_614416,199,USD,2024-04-01,credit_card,succeeded,2024-04-01 00:00:00
pay_5584551,sub_425704,cust_614416,199,USD,2024-05-01,ach,succeeded,2024-05-01 00:00:00
pay_8894317,sub_425704,cust_614416,199,USD,2024-06-01,ach,succeeded,2024-06-01 00:00:00
pay_9217105,sub_425704,cust_614416,199,USD,2024-07-01,wire,succeeded,2024-07-01 00:00:00
pay_4852419,sub_425704,cust_614416,79,USD,2024-08-01,credit_card,succeeded,2024-08-01 00:00:00
pay_9370362,sub_425704,cust_614416,79,USD,2024-09-01,ach,succeeded,2024-09-01 00:00:00
pay_9969806,sub_425704,cust_614416,79,USD,2024-10-01,credit_card,succeeded,2024-10-01 00:00:00
pay_8290513,sub_425704,cust_614416,79,USD,2024-11-01,credit_card,succeeded,2024-11-01 00:00:00
pay_2672772,sub_425704,cust_614416,79,USD,2024-12-01,credit_card,succeeded,2024-12-01 00:00:00
pay_4664448,sub_567785,cust_414750,79,USD,2024-10-17,wire,succeeded,2024-10-17 00:00:00
pay_9983954,sub_567785,cust_414750,79,USD,2024-11-01,credit_card,succeeded,2024-11-01 00:00:00
pay_5710059,sub_567785,cust_414750,79,USD,2024-12-01,credit_card,succeeded,2024-12-01 00:00:00
pay_4965830,sub_179838,cust_129824,79,USD,2023-05-03,credit_card,succeeded,2023-05-03 00:00:00
pay_8275450,sub_179838,cust_129824,79,USD,2023-06-01,credit_card,succeeded,2023-06-01 00:00:00
pay_9904322,sub_179838,cust_129824,199,USD,2023-07-01,credit_card,succeeded,2023-07-01 00:00:00
pay_7875552,sub_179838,cust_129824,199,USD,2023-08-01,wire,succeeded,2023-08-01 00:00:00
pay_7426795,sub_179838,cust_129824,199,USD,2023-09-01,ach,succeeded,2023-09-01 00:00:00
pay_8032065,sub_179838,cust_129824,199,USD,2023-10-01,credit_card,succeeded,2023-10-01 00:00:00
pay_8851786,sub_179838,cust_129824,199,USD,2023-11-01,ach,succeeded,2023-11-01 00:00:00
pay_9156572,sub_179838,cust_129824,199,USD,2023-12-01,credit_card,failed,2023-12-01 00:00:00
pay_3875835,sub_179838,cust_129824,199,USD,2024-01-01,credit_card,succeeded,2024-01-01 00:00:00
pay_9395465,sub_179838,cust_129824,199,USD,2024-02-01,credit_card,succeeded,2024-02-01 00:00:00
pay_3771505,sub_179838,cust_129824,199,USD,2024-03-01,credit_card,succeeded,2024-03-01 00:00:00
pay_5793456,sub_179838,cust_129824,199,USD,2024-04-01,credit_card,succeeded,2024-04-01 00:00:00
pay_3192039,sub_179838,cust_129824,199,USD,2024-05-01,credit_card,succeeded,2024-05-01 00:00:00
pay_5922343,sub_179838,cust_129824,199,USD,2024-06-01,credit_card,succeeded,2024-06-01 00:00:00
pay_4928098,sub_179838,cust_129824,199,USD,2024-07-01,credit_card,succeeded,2024-07-01 00:00:00
pay_5033288,sub_179838,cust_129824,199,USD,2024-08-01,credit_card,succeeded,2024-08-01 00:00:00
pay_5637554,sub_179838,cust_129824,199,USD,2024-09-01,credit_card,succeeded,2024-09-01 00:00:00
pay_8602709,sub_179838,cust_129824,199,USD,2024-10-01,wire,succeeded,2024-10-01 00:00:00
pay_8503815,sub_179838,cust_129824,199,USD,2024-11-01,ach,succeeded,2024-11-01 00:00:00
pay_7082101,sub_179838,cust_129824,199,USD,2024-12-01,credit_card,succeeded,2024-12-01 00:00:00
pay_4749859,sub_804380,cust_758501,199,USD,2024-05-02,ach,succeeded,2024-05-02 00:00:00
pay_5227980,sub_804380,cust_758501,199,USD,2024-06-01,wire,succeeded,2024-06-01 00:00:00
pay_6915978,sub_804380,cust_758501,199,USD,2024-07-01,credit_card,succeeded,2024-07-01 00:00:00
pay_3859900,sub_804380,cust_758501,199,USD,2024-08-01,credit_card,succeeded,2024-08-01 00:00:00
pay_5872771,sub_804380,cust_758501,199,USD,2024-09-01,ach,succeeded,2024-09-01 00:00:00
pay_1861987,sub_804380,cust_758501,199,USD,2024-10-01,credit_card,succeeded,2024-10-01 00:00:00
pay_6446233,sub_804380,cust_758501,199,USD,2024-11-01,credit_card,succeeded,2024-11-01 00:00:00
pay_9058007,sub_804380,cust_758501,79,USD,2024-12-01,wire,succeeded,2024-12-01 00:00:00
pay_3938627,sub_420343,cust_583439,29,USD,2023-05-19,wire,succeeded,2023-05-19 00:00:00
pay_8182405,sub_420343,cust_583439,29,USD,2023-06-01,credit_card,succeeded,2023-06-01 00:00:00
pay_4506867,sub_420343,cust_583439,29,USD,2023-07-01,wire,succeeded,2023-07-01 00:00:00
pay_5274755,sub_420343,cust_583439,29,USD,2023-08-01,wire,succeeded,2023-08-01 00:00:00
pay_1884752,sub_420343,cust_583439,29,USD,2023-09-01,credit_card,succeeded,2023-09-01 00:00:00
pay_4759279,sub_420343,cust_583439,29,USD,2023-10-01,wire,succeeded,2023-10-01 00:00:00
pay_1638330,sub_420343,cust_583439,79,USD,2023-11-01,ach,succeeded,2023-11-01 00:00:00
pay_5399459,sub_420343,cust_583439,79,USD,2023-12-01,credit_card,failed,2023-12-01 00:00:00
pay_2378217,sub_420343,cust_583439,79,USD,2024-01-01,credit_card,succeeded,2024-01-01 00:00:00
pay_7960039,sub_420343,cust_583439,79,USD,2024-02-01,wire,succeeded,2024-02-01 00:00:00
pay_8881693,sub_420343,cust_583439,79,USD,2024-03-01,credit_card,succeeded,2024-03-01 00:00:00
pay_6716143,sub_420343,cust_583439,79,USD,2024-04-01,credit_card,succeeded,2024-04-01 00:00:00
pay_4384238,sub_420343,cust_583439,79,USD,2024-05-01,wire,succeeded,2024-05-01 00:00:00
pay_7293403,sub_420343,cust_583439,79,USD,2024-06-01,credit_card,succeeded,2024-06-01 00:00:00
pay_5770101,sub_420343,cust_583439,79,USD,2024-07-01,ach,succeeded,2024-07-01 00:00:00
pay_3195147,sub_420343,cust_583439,79,USD,2024-08-01,ach,succeeded,2024-08-01 00:00:00
pay_1365165,sub_420343,cust_583439,79,USD,2024-09-01,credit_card,succeeded,2024-09-01 00:00:00
pay_6941937,sub_420343,cust_583439,79,USD,2024-10-01,credit_card,succeeded,2024-10-01 00:00:00
pay_5128333,sub_420343,cust_583439,79,USD,2024-11-01,credit_card,failed,2024-11-01 00:00:00
pay_7838675,sub_420343,cust_583439,79,USD,2024-12-01,credit_card,succeeded,2024-12-01 00:00:00
pay_9358074,sub_300936,cust_180558,290,USD,2024-06-10,wire,succeeded,2024-06-10 00:00:00
pay_8530009,sub_300936,cust_180558,29,USD,2024-07-01,credit_card,succeeded,2024-07-01 00:00:00
pay_7415565,sub_300936,cust_180558,29,USD,2024-08-01,credit_card,succeeded,2024-08-01 00:00:00
pay_4164079,sub_300936,cust_180558,29,USD,2024-09-01,credit_card,succeeded,2024-09-01 00:00:00
pay_1688987,sub_300936,cust_180558,29,USD,2024-10-01,credit_card,succeeded,2024-10-01 00:00:00
pay_2106570,sub_300936,cust_180558,29,USD,2024-11-01,ach,succeeded,2024-11-01 00:00:00
pay_7452382,sub_300936,cust_180558,29,USD,2024-12-01,credit_card,succeeded,2024-12-01 00:00:00
pay_4394574,sub_736213,cust_986041,790,USD,2023-11-05,credit_card,succeeded,2023-11-05 00:00:00
pay_7269723,sub_736213,cust_986041,79,USD,2023-12-01,credit_card,succeeded,2023-12-01 00:00:00
pay_9877512,sub_736213,cust_986041,79,USD,2024-01-01,credit_card,succeeded,2024-01-01 00:00:00
pay_8212278,sub_671808,cust_491133,29,USD,2024-05-11,credit_card,succeeded,2024-05-11 00:00:00
pay_1266641,sub_671808,cust_491133,29,USD,2024-06-01,wire,succeeded,2024-06-01 00:00:00
pay_2462332,sub_671808,cust_491133,29,USD,2024-07-01,credit_card,succeeded,2024-07-01 00:00:00
pay_1809992,sub_671808,cust_491133,29,USD,2024-08-01,credit_card,succeeded,2024-08-01 00:00:00
pay_2120954,sub_671808,cust_491133,29,USD,2024-09-01,credit_card,succeeded,2024-09-01 00:00:00
pay_7971003,sub_671808,cust_491133,29,USD,2024-10-01,ach,succeeded,2024-10-01 00:00:00
pay_7932270,sub_671808,cust_491133,29,USD,2024-11-01,ach,succeeded,2024-11-01 00:00:00
pay_8780891,sub_849894,cust_685792,1990,USD,2024-09-20,ach,succeeded,2024-09-20 00:00:00
pay_7979955,sub_849894,cust_685792,199,USD,2024-10-01,credit_card,succeeded,2024-10-01 00:00:00
pay_8652763,sub_849894,cust_685792,199,USD,2024-11-01,ach,succeeded,2024-11-01 00:00:00
pay_6848435,sub_849894,cust_685792,199,USD,2024-12-01,credit_card,succeeded,2024-12-01 00:00:00
pay_1975973,sub_170213,cust_222227,290,USD,2023-05-15,credit_card,succeeded,2023-05-15 00:00:00
pay_9460150,sub_170213,cust_222227,29,USD,2023-06-01,credit_card,succeeded,2023-06-01 00:00:00
pay_5196288,sub_170213,cust_222227,29,USD,2023-07-01,credit_card,succeeded,2023-07-01 00:00:00
pay_2862929,sub_170213,cust_222227,29,USD,2023-08-01,credit_card,succeeded,2023-08-01 00:00:00
pay_3343945,sub_170213,cust_222227,29,USD,2023-09-01,ach,succeeded,2023-09-01 00:00:00
pay_6287073,sub_170213,cust_222227,29,USD,2023-10-01,credit_card,succeeded,2023-10-01 00:00:00
pay_1827389,sub_170213,cust_222227,29,USD,2023-11-01,wire,succeeded,2023-11-01 00:00:00
pay_3269858,sub_170213,cust_222227,29,USD,2023-12-01,credit_card,succeeded,2023-12-01 00:00:00
pay_4164053,sub_170213,cust_222227,29,USD,2024-01-01,credit_card,succeeded,2024-01-01 00:00:00
pay_2171603,sub_661072,cust_280572,290,USD,2023-11-08,credit_card,succeeded,2023-11-08 00:00:00
pay_9724513,sub_661072,cust_280572,29,USD,2023-12-01,credit_card,succeeded,2023-12-01 00:00:00
pay_1478014,sub_661072,cust_280572,29,USD,2024-01-01,ach,succeeded,2024-01-01 00:00:00
pay_7316891,sub_661072,cust_280572,29,USD,2024-02-01,credit_card,failed,2024-02-01 00:00:00
pay_3325566,sub_661072,cust_280572,29,USD,2024-03-01,ach,failed,2024-03-01 00:00:00
pay_8382249,sub_661072,cust_280572,29,USD,2024-04-01,credit_card,failed,2024-04-01 00:00:00
pay_6365793,sub_724695,cust_236543,79,USD,2023-03-22,credit_card,succeeded,2023-03-22 00:00:00
pay_5982056,sub_724695,cust_236543,79,USD,2023-04-01,credit_card,succeeded,2023-04-01 00:00:00
pay_9011321,sub_724695,cust_236543,79,USD,2023-05-01,ach,succeeded,2023-05-01 00:00:00
pay_8047530,sub_724695,cust_236543,79,USD,2023-06-01,credit_card,succeeded,2023-06-01 00:00:00
pay_5105106,sub_724695,cust_236543,79,USD,2023-07-01,credit_card,succeeded,2023-07-01 00:00:00
pay_8602862,sub_724695,cust_236543,79,USD,2023-08-01,wire,succeeded,2023-08-01 00:00:00
pay_1914891,sub_724695,cust_236543,79,USD,2023-09-01,credit_card,succeeded,2023-09-01 00:00:00
pay_1900602,sub_724695,cust_236543,79,USD,2023-10-01,ach,succeeded,2023-10-01 00:00:00
pay_9019271,sub_724695,cust_236543,79,USD,2023-11-01,credit_card,succeeded,2023-11-01 00:00:00
pay_1563332,sub_724695,cust_236543,79,USD,2023-12-01,credit_card,succeeded,2023-12-01 00:00:00
pay_7060340,sub_724695,cust_236543,79,USD,2024-01-01,wire,succeeded,2024-01-01 00:00:00
pay_8616027,sub_724695,cust_236543,79,USD,2024-02-01,ach,succeeded,2024-02-01 00:00:00
pay_3697911,sub_724695,cust_236543,79,USD,2024-03-01,credit_card,succeeded,2024-03-01 00:00:00
pay_5437029,sub_724695,cust_236543,79,USD,2024-04-01,wire,succeeded,2024-04-01 00:00:00
pay_2419895,sub_724695,cust_236543,79,USD,2024-05-01,wire,succeeded,2024-05-01 00:00:00
pay_6035780,sub_724695,cust_236543,79,USD,2024-06-01,wire,succeeded,2024-06-01 00:00:00
pay_2384961,sub_724695,cust_236543,79,USD,2024-07-01,ach,succeeded,2024-07-01 00:00:00
pay_6600461,sub_724695,cust_236543,79,USD,2024-08-01,wire,succeeded,2024-08-01 00:00:00
pay_5635519,sub_724695,cust_236543,79,USD,2024-09-01,credit_card,succeeded,2024-09-01 00:00:00
pay_7603239,sub_724695,cust_236543,79,USD,2024-10-01,credit_card,succeeded,2024-10-01 00:00:00
pay_8257135,sub_724695,cust_236543,79,USD,2024-11-01,credit_card,succeeded,2024-11-01 00:00:00
pay_3422288,sub_724695,cust_236543,79,USD,2024-12-01,credit_card,succeeded,2024-12-01 00:00:00
pay_1099070,sub_495147,cust_931578,79,USD,2024-11-06,credit_card,succeeded,2024-11-06 00:00:00
pay_7214302,sub_495147,cust_931578,79,USD,2024-12-01,credit_card,succeeded,2024-12-01 00:00:00
pay_3620785,sub_844984,cust_920375,79,USD,2023-05-07,wire,succeeded,2023-05-07 00:00:00
pay_7131707,sub_844984,cust_920375,79,USD,2023-06-01,credit_card,succeeded,2023-06-01 00:00:00
pay_1156623,sub_844984,cust_920375,79,USD,2023-07-01,credit_card,succeeded,2023-07-01 00:00:00
pay_8884051,sub_844984,cust_920375,79,USD,2023-08-01,ach,succeeded,2023-08-01 00:00:00
pay_6815820,sub_844984,cust_920375,79,USD,2023-09-01,credit_card,succeeded,2023-09-01 00:00:00
pay_6054323,sub_844984,cust_920375,79,USD,2023-10-01,ach,succeeded,2023-10-01 00:00:00
pay_1729607,sub_844984,cust_920375,79,USD,2023-11-01,wire,succeeded,2023-11-01 00:00:00
pay_4833760,sub_844984,cust_920375,79,USD,2023-12-01,ach,succeeded,2023-12-01 00:00:00
pay_6766532,sub_844984,cust_920375,29,USD,2024-01-01,credit_card,succeeded,2024-01-01 00:00:00
pay_9447471,sub_844984,cust_920375,29,USD,2024-02-01,credit_card,succeeded,2024-02-01 00:00:00
pay_6194015,sub_844984,cust_920375,29,USD,2024-03-01,credit_card,succeeded,2024-03-01 00:00:00
pay_1544453,sub_694103,cust_390849,29,USD,2024-08-16,ach,succeeded,2024-08-16 00:00:00
pay_8102763,sub_694103,cust_390849,29,USD,2024-09-01,credit_card,succeeded,2024-09-01 00:00:00
pay_2775799,sub_694103,cust_390849,29,USD,2024-10-01,ach,succeeded,2024-10-01 00:00:00
pay_6000830,sub_694103,cust_390849,29,USD,2024-11-01,credit_card,succeeded,2024-11-01 00:00:00
pay_3139139,sub_694103,cust_390849,29,USD,2024-12-01,credit_card,succeeded,2024-12-01 00:00:00
pay_5499558,sub_275933,cust_706217,79,USD,2023-01-15,credit_card,succeeded,2023-01-15 00:00:00
pay_3977736,sub_275933,cust_706217,79,USD,2023-02-01,ach,succeeded,2023-02-01 00:00:00
pay_4006178,sub_102215,cust_324411,79,USD,2024-05-31,wire,succeeded,2024-05-31 00:00:00
pay_4375888,sub_102215,cust_324411,79,USD,2024-06-01,credit_card,succeeded,2024-06-01 00:00:00
pay_7704386,sub_102215,cust_324411,79,USD,2024-07-01,ach,succeeded,2024-07-01 00:00:00
pay_9424230,sub_102215,cust_324411,79,USD,2024-08-01,credit_card,succeeded,2024-08-01 00:00:00
pay_6956865,sub_102215,cust_324411,79,USD,2024-09-01,credit_card,succeeded,2024-09-01 00:00:00
pay_7564279,sub_102215,cust_324411,79,USD,2024-10-01,wire,succeeded,2024-10-01 00:00:00
pay_2178370,sub_102215,cust_324411,199,USD,2024-11-01,credit_card,succeeded,2024-11-01 00:00:00
pay_8853348,sub_102215,cust_324411,199,USD,2024-12-01,credit_card,succeeded,2024-12-01 00:00:00
pay_7120423,sub_982140,cust_544692,79,USD,2023-08-08,ach,succeeded,2023-08-08 00:00:00
pay_2358129,sub_982140,cust_544692,79,USD,2023-09-01,ach,succeeded,2023-09-01 00:00:00
pay_6058601,sub_982140,cust_544692,79,USD,2023-10-01,credit_card,succeeded,2023-10-01 00:00:00
pay_8056124,sub_982140,cust_544692,199,USD,2023-11-01,credit_card,succeeded,2023-11-01 00:00:00
pay_7833899,sub_982140,cust_544692,199,USD,2023-12-01,credit_card,succeeded,2023-12-01 00:00:00
pay_7215888,sub_982140,cust_544692,199,USD,2024-01-01,credit_card,succeeded,2024-01-01 00:00:00
pay_7934370,sub_982140,cust_544692,199,USD,2024-02-01,credit_card,succeeded,2024-02-01 00:00:00
pay_2203787,sub_982140,cust_544692,199,USD,2024-03-01,credit_card,succeeded,2024-03-01 00:00:00
pay_6607301,sub_982140,cust_544692,199,USD,2024-04-01,ach,succeeded,2024-04-01 00:00:00
pay_4143472,sub_982140,cust_544692,199,USD,2024-05-01,credit_card,succeeded,2024-05-01 00:00:00
pay_7231899,sub_982140,cust_544692,79,USD,2024-06-01,credit_card,succeeded,2024-06-01 00:00:00
pay_7261135,sub_982140,cust_544692,79,USD,2024-07-01,ach,succeeded,2024-07-01 00:00:00
pay_2130381,sub_982140,cust_544692,79,USD,2024-08-01,wire,succeeded,2024-08-01 00:00:00
pay_3438137,sub_982140,cust_544692,79,USD,2024-09-01,ach,succeeded,2024-09-01 00:00:00
pay_8567354,sub_982140,cust_544692,79,USD,2024-10-01,credit_card,succeeded,2024-10-01 00:00:00
pay_7506753,sub_982140,cust_544692,79,USD,2024-11-01,wire,succeeded,2024-11-01 00:00:00
pay_6103168,sub_982140,cust_544692,79,USD,2024-12-01,wire,succeeded,2024-12-01 00:00:00
pay_9513896,sub_541597,cust_838963,1990,USD,2023-10-23,wire,succeeded,2023-10-23 00:00:00
pay_4325192,sub_541597,cust_838963,199,USD,2023-11-01,credit_card,succeeded,2023-11-01 00:00:00
pay_4765929,sub_541597,cust_838963,199,USD,2023-12-01,credit_card,succeeded,2023-12-01 00:00:00
pay_9299028,sub_541597,cust_838963,199,USD,2024-01-01,credit_card,succeeded,2024-01-01 00:00:00
pay_4437076,sub_541597,cust_838963,199,USD,2024-02-01,ach,succeeded,2024-02-01 00:00:00
pay_4073627,sub_541597,cust_838963,199,USD,2024-03-01,credit_card,succeeded,2024-03-01 00:00:00
pay_2318372,sub_541597,cust_838963,199,USD,2024-04-01,ach,succeeded,2024-04-01 00:00:00
pay_4943663,sub_541597,cust_838963,199,USD,2024-05-01,credit_card,succeeded,2024-05-01 00:00:00
pay_3250547,sub_541597,cust_838963,199,USD,2024-06-01,ach,succeeded,2024-06-01 00:00:00
pay_1167461,sub_117722,cust_981946,29,USD,2024-03-30,credit_card,succeeded,2024-03-30 00:00:00
pay_4419188,sub_117722,cust_981946,29,USD,2024-04-01,credit_card,succeeded,2024-04-01 00:00:00
pay_2517948,sub_117722,cust_981946,29,USD,2024-05-01,wire,succeeded,2024-05-01 00:00:00
pay_8134465,sub_878247,cust_113406,79,USD,2024-11-21,credit_card,succeeded,2024-11-21 00:00:00
pay_1284865,sub_878247,cust_113406,79,USD,2024-12-01,wire,succeeded,2024-12-01 00:00:00
pay_6803214,sub_557086,cust_719244,199,USD,2023-04-15,credit_card,succeeded,2023-04-15 00:00:00
pay_1074339,sub_557086,cust_719244,199,USD,2023-05-01,ach,succeeded,2023-05-01 00:00:00
pay_3915490,sub_557086,cust_719244,199,USD,2023-06-01,credit_card,succeeded,2023-06-01 00:00:00
pay_4163564,sub_557086,cust_719244,199,USD,2023-07-01,credit_card,failed,2023-07-01 00:00:00
pay_4457534,sub_557086,cust_719244,199,USD,2023-08-01,credit_card,succeeded,2023-08-01 00:00:00
pay_7269871,sub_413619,cust_523927,790,USD,2023-05-06,ach,succeeded,2023-05-06 00:00:00
pay_5854173,sub_413619,cust_523927,79,USD,2023-06-01,credit_card,succeeded,2023-06-01 00:00:00
pay_9738199,sub_413619,cust_523927,79,USD,2023-07-01,credit_card,succeeded,2023-07-01 00:00:00
pay_1031325,sub_413619,cust_523927,79,USD,2023-08-01,credit_card,succeeded,2023-08-01 00:00:00
pay_1592818,sub_413619,cust_523927,79,USD,2023-09-01,credit_card,succeeded,2023-09-01 00:00:00
pay_3673403,sub_413619,cust_523927,199,USD,2023-10-01,ach,succeeded,2023-10-01 00:00:00
pay_4657459,sub_413619,cust_523927,199,USD,2023-11-01,credit_card,succeeded,2023-11-01 00:00:00
pay_9787251,sub_413619,cust_523927,199,USD,2023-12-01,credit_card,succeeded,2023-12-01 00:00:00
pay_6110440,sub_688982,cust_775105,790,USD,2024-02-14,ach,succeeded,2024-02-14 00:00:00
pay_6450534,sub_688982,cust_775105,79,USD,2024-03-01,credit_card,succeeded,2024-03-01 00:00:00
pay_4846483,sub_688982,cust_775105,79,USD,2024-04-01,credit_card,succeeded,2024-04-01 00:00:00
pay_2356665,sub_688982,cust_775105,79,USD,2024-05-01,credit_card,succeeded,2024-05-01 00:00:00
pay_3537501,sub_688982,cust_775105,79,USD,2024-06-01,credit_card,succeeded,2024-06-01 00:00:00
pay_1055463,sub_688982,cust_775105,79,USD,2024-07-01,ach,succeeded,2024-07-01 00:00:00
pay_6528347,sub_688982,cust_775105,79,USD,2024-08-01,wire,succeeded,2024-08-01 00:00:00
pay_7930312,sub_688982,cust_775105,79,USD,2024-09-01,credit_card,succeeded,2024-09-01 00:00:00
pay_6617696,sub_688982,cust_775105,79,USD,2024-10-01,credit_card,succeeded,2024-10-01 00:00:00
pay_2074999,sub_688982,cust_775105,79,USD,2024-11-01,credit_card,succeeded,2024-11-01 00:00:00
pay_3744403,sub_688982,cust_775105,29,USD,2024-12-01,wire,succeeded,2024-12-01 00:00:00
pay_8828798,sub_685136,cust_228125,79,USD,2023-09-14,ach,succeeded,2023-09-14 00:00:00
pay_1503652,sub_685136,cust_228125,79,USD,2023-10-01,credit_card,succeeded,2023-10-01 00:00:00
pay_8111840,sub_685136,cust_228125,79,USD,2023-11-01,ach,succeeded,2023-11-01 00:00:00
pay_7581414,sub_685136,cust_228125,79,USD,2023-12-01,wire,succeeded,2023-12-01 00:00:00
pay_3939147,sub_685136,cust_228125,79,USD,2024-01-01,wire,succeeded,2024-01-01 00:00:00
pay_5131612,sub_685136,cust_228125,79,USD,2024-02-01,credit_card,succeeded,2024-02-01 00:00:00
pay_6475567,sub_685136,cust_228125,79,USD,2024-03-01,wire,succeeded,2024-03-01 00:00:00
pay_6641964,sub_685136,cust_228125,79,USD,2024-04-01,credit_card,succeeded,2024-04-01 00:00:00
pay_9243243,sub_685136,cust_228125,79,USD,2024-05-01,wire,succeeded,2024-05-01 00:00:00
pay_3903004,sub_685136,cust_228125,79,USD,2024-06-01,wire,succeeded,2024-06-01 00:00:00
pay_1517848,sub_685136,cust_228125,79,USD,2024-07-01,credit_card,succeeded,2024-07-01 00:00:00
pay_4669305,sub_685136,cust_228125,79,USD,2024-08-01,credit_card,succeeded,2024-08-01 00:00:00
pay_4320804,sub_685136,cust_228125,79,USD,2024-09-01,credit_card,succeeded,2024-09-01 00:00:00
pay_3605508,sub_685136,cust_228125,79,USD,2024-10-01,credit_card,succeeded,2024-10-01 00:00:00
pay_3116351,sub_685136,cust_228125,79,USD,2024-11-01,ach,succeeded,2024-11-01 00:00:00
pay_6536856,sub_685136,cust_228125,79,USD,2024-12-01,ach,succeeded,2024-12-01 00:00:00
pay_2646577,sub_576632,cust_128048,29,USD,2024-01-01,wire,succeeded,2024-01-01 00:00:00
pay_1795848,sub_576632,cust_128048,29,USD,2024-02-01,credit_card,succeeded,2024-02-01 00:00:00
pay_7758002,sub_576632,cust_128048,29,USD,2024-03-01,wire,succeeded,2024-03-01 00:00:00
pay_2033269,sub_576632,cust_128048,29,USD,2024-04-01,ach,succeeded,2024-04-01 00:00:00
pay_3110601,sub_576632,cust_128048,29,USD,2024-05-01,ach,succeeded,2024-05-01 00:00:00
pay_5765379,sub_576632,cust_128048,29,USD,2024-06-01,wire,succeeded,2024-06-01 00:00:00
pay_2212136,sub_576632,cust_128048,29,USD,2024-07-01,wire,succeeded,2024-07-01 00:00:00
pay_9478059,sub_576632,cust_128048,29,USD,2024-08-01,credit_card,succeeded,2024-08-01 00:00:00
pay_3839515,sub_576632,cust_128048,29,USD,2024-09-01,credit_card,succeeded,2024-09-01 00:00:00
pay_2238779,sub_576632,cust_128048,29,USD,2024-10-01,credit_card,succeeded,2024-10-01 00:00:00
pay_8831688,sub_576632,cust_128048,29,USD,2024-11-01,ach,succeeded,2024-11-01 00:00:00
pay_5500433,sub_576632,cust_128048,29,USD,2024-12-01,wire,succeeded,2024-12-01 00:00:00
pay_7710193,sub_582943,cust_616096,29,USD,2024-11-01,credit_card,succeeded,2024-11-01 00:00:00
pay_6906398,sub_582943,cust_616096,29,USD,2024-12-01,ach,succeeded,2024-12-01 00:00:00
pay_6811274,sub_556909,cust_133133,29,USD,2024-03-16,credit_card,succeeded,2024-03-16 00:00:00
pay_3793800,sub_556909,cust_133133,29,USD,2024-04-01,credit_card,succeeded,2024-04-01 00:00:00
pay_7488236,sub_556909,cust_133133,29,USD,2024-05-01,credit_card,succeeded,2024-05-01 00:00:00
pay_6499395,sub_556909,cust_133133,29,USD,2024-06-01,credit_card,succeeded,2024-06-01 00:00:00
pay_1397585,sub_556909,cust_133133,29,USD,2024-07-01,credit_card,succeeded,2024-07-01 00:00:00
pay_5421473,sub_556909,cust_133133,29,USD,2024-08-01,wire,succeeded,2024-08-01 00:00:00
pay_4182837,sub_556909,cust_133133,29,USD,2024-09-01,credit_card,succeeded,2024-09-01 00:00:00
pay_6366022,sub_556909,cust_133133,29,USD,2024-10-01,ach,succeeded,2024-10-01 00:00:00
pay_7866565,sub_556909,cust_133133,29,USD,2024-11-01,ach,succeeded,2024-11-01 00:00:00
pay_4988165,sub_556909,cust_133133,29,USD,2024-12-01,wire,succeeded,2024-12-01 00:00:00
pay_8330458,sub_379341,cust_917241,290,USD,2023-11-07,credit_card,succeeded,2023-11-07 00:00:00
pay_1276082,sub_379341,cust_917241,29,USD,2023-12-01,credit_card,succeeded,2023-12-01 00:00:00
pay_2516726,sub_379341,cust_917241,29,USD,2024-01-01,credit_card,succeeded,2024-01-01 00:00:00
pay_7715568,sub_379341,cust_917241,29,USD,2024-02-01,ach,succeeded,2024-02-01 00:00:00
pay_3376443,sub_379341,cust_917241,29,USD,2024-03-01,credit_card,succeeded,2024-03-01 00:00:00
pay_7116865,sub_379341,cust_917241,29,USD,2024-04-01,wire,succeeded,2024-04-01 00:00:00
pay_7436129,sub_379341,cust_917241,29,USD,2024-05-01,credit_card,succeeded,2024-05-01 00:00:00
pay_5777764,sub_379341,cust_917241,29,USD,2024-06-01,credit_card,succeeded,2024-06-01 00:00:00
pay_8712060,sub_379341,cust_917241,29,USD,2024-07-01,credit_card,succeeded,2024-07-01 00:00:00
pay_2779655,sub_379341,cust_917241,79,USD,2024-08-01,wire,succeeded,2024-08-01 00:00:00
pay_4854408,sub_379341,cust_917241,79,USD,2024-09-01,ach,succeeded,2024-09-01 00:00:00
pay_9909589,sub_379341,cust_917241,79,USD,2024-10-01,ach,succeeded,2024-10-01 00:00:00
pay_8354140,sub_379341,cust_917241,790,USD,2024-11-01,credit_card,succeeded,2024-11-01 00:00:00
pay_3346371,sub_379341,cust_917241,79,USD,2024-12-01,credit_card,failed,2024-12-01 00:00:00
pay_4749618,sub_869987,cust_680684,79,USD,2024-07-06,credit_card,succeeded,2024-07-06 00:00:00
pay_2681041,sub_869987,cust_680684,79,USD,2024-08-01,credit_card,succeeded,2024-08-01 00:00:00
pay_8162586,sub_869987,cust_680684,79,USD,2024-09-01,ach,succeeded,2024-09-01 00:00:00
pay_8190888,sub_869987,cust_680684,79,USD,2024-10-01,credit_card,succeeded,2024-10-01 00:00:00
pay_1292797,sub_869987,cust_680684,79,USD,2024-11-01,credit_card,succeeded,2024-11-01 00:00:00
pay_4750466,sub_869987,cust_680684,79,USD,2024-12-01,credit_card,succeeded,2024-12-01 00:00:00
pay_9443756,sub_967466,cust_746908,79,USD,2024-11-23,credit_card,succeeded,2024-11-23 00:00:00
pay_7297080,sub_967466,cust_746908,79,USD,2024-12-01,credit_card,succeeded,2024-12-01 00:00:00
pay_1016127,sub_627537,cust_878103,29,USD,2024-08-20,ach,succeeded,2024-08-20 00:00:00
pay_1042116,sub_627537,cust_878103,29,USD,2024-09-01,credit_card,succeeded,2024-09-01 00:00:00
pay_6468980,sub_627537,cust_878103,29,USD,2024-10-01,ach,succeeded,2024-10-01 00:00:00
pay_4251201,sub_689780,cust_356092,29,USD,2024-12-01,wire,succeeded,2024-12-01 00:00:00
pay_9024814,sub_722485,cust_441958,79,USD,2024-06-01,credit_card,succeeded,2024-06-01 00:00:00
pay_7561459,sub_834696,cust_431889,790,USD,2024-01-22,ach,succeeded,2024-01-22 00:00:00
pay_5093451,sub_834696,cust_431889,79,USD,2024-02-01,credit_card,succeeded,2024-02-01 00:00:00
pay_1094583,sub_834696,cust_431889,79,USD,2024-03-01,wire,succeeded,2024-03-01 00:00:00
pay_6733098,sub_834696,cust_431889,79,USD,2024-04-01,credit_card,succeeded,2024-04-01 00:00:00
pay_9936887,sub_834696,cust_431889,79,USD,2024-05-01,ach,succeeded,2024-05-01 00:00:00
pay_5044765,sub_834696,cust_431889,79,USD,2024-06-01,credit_card,succeeded,2024-06-01 00:00:00
pay_9681943,sub_834696,cust_431889,79,USD,2024-07-01,wire,succeeded,2024-07-01 00:00:00
pay_3088963,sub_834696,cust_431889,79,USD,2024-08-01,credit_card,succeeded,2024-08-01 00:00:00
pay_6545135,sub_834696,cust_431889,79,USD,2024-09-01,credit_card,succeeded,2024-09-01 00:00:00
pay_3291741,sub_834696,cust_431889,79,USD,2024-10-01,wire,succeeded,2024-10-01 00:00:00
pay_8087059,sub_834696,cust_431889,79,USD,2024-11-01,ach,succeeded,2024-11-01 00:00:00
pay_5565449,sub_834696,cust_431889,79,USD,2024-12-01,ach,succeeded,2024-12-01 00:00:00
pay_1817111,sub_533276,cust_950874,29,USD,2024-11-14,credit_card,succeeded,2024-11-14 00:00:00
pay_9651684,sub_533276,cust_950874,29,USD,2024-12-01,credit_card,succeeded,2024-12-01 00:00:00
pay_2520410,sub_672176,cust_943187,79,USD,2023-11-04,credit_card,succeeded,2023-11-04 00:00:00
pay_6292939,sub_672176,cust_943187,79,USD,2023-12-01,wire,succeeded,2023-12-01 00:00:00
pay_1218038,sub_672176,cust_943187,79,USD,2024-01-01,credit_card,succeeded,2024-01-01 00:00:00
pay_1932739,sub_672176,cust_943187,79,USD,2024-02-01,credit_card,failed,2024-02-01 00:00:00
pay_9708257,sub_672176,cust_943187,79,USD,2024-03-01,wire,succeeded,2024-03-01 00:00:00
pay_5322367,sub_672176,cust_943187,79,USD,2024-04-01,ach,succeeded,2024-04-01 00:00:00
pay_4888833,sub_672176,cust_943187,79,USD,2024-05-01,credit_card,succeeded,2024-05-01 00:00:00
pay_5748912,sub_672176,cust_943187,79,USD,2024-06-01,credit_card,succeeded,2024-06-01 00:00:00
pay_4891930,sub_672176,cust_943187,79,USD,2024-07-01,wire,succeeded,2024-07-01 00:00:00
pay_1544132,sub_672176,cust_943187,79,USD,2024-08-01,wire,succeeded,2024-08-01 00:00:00
pay_2755475,sub_672176,cust_943187,79,USD,2024-09-01,credit_card,succeeded,2024-09-01 00:00:00
pay_9910869,sub_672176,cust_943187,79,USD,2024-10-01,credit_card,succeeded,2024-10-01 00:00:00
pay_7341168,sub_672176,cust_943187,79,USD,2024-11-01,ach,succeeded,2024-11-01 00:00:00
pay_4674799,sub_672176,cust_943187,79,USD,2024-12-01,credit_card,succeeded,2024-12-01 00:00:00
pay_1222672,sub_936547,cust_289373,1990,USD,2023-01-20,credit_card,succeeded,2023-01-20 00:00:00
pay_5246633,sub_936547,cust_289373,199,USD,2023-02-01,credit_card,succeeded,2023-02-01 00:00:00
pay_2136890,sub_936547,cust_289373,199,USD,2023-03-01,credit_card,succeeded,2023-03-01 00:00:00
pay_1702119,sub_936547,cust_289373,199,USD,2023-04-01,credit_card,succeeded,2023-04-01 00:00:00
pay_6037050,sub_936547,cust_289373,199,USD,2023-05-01,credit_card,succeeded,2023-05-01 00:00:00
pay_3785892,sub_936547,cust_289373,199,USD,2023-06-01,wire,succeeded,2023-06-01 00:00:00
pay_4044079,sub_936547,cust_289373,199,USD,2023-07-01,credit_card,succeeded,2023-07-01 00:00:00
pay_1609875,sub_936547,cust_289373,199,USD,2023-08-01,credit_card,succeeded,2023-08-01 00:00:00
pay_3340792,sub_936547,cust_289373,199,USD,2023-09-01,credit_card,succeeded,2023-09-01 00:00:00
pay_8510459,sub_936547,cust_289373,199,USD,2023-10-01,ach,succeeded,2023-10-01 00:00:00
pay_7529506,sub_936547,cust_289373,199,USD,2023-11-01,ach,succeeded,2023-11-01 00:00:00
pay_7496851,sub_936547,cust_289373,199,USD,2023-12-01,credit_card,succeeded,2023-12-01 00:00:00
pay_9784352,sub_936547,cust_289373,1990,USD,2024-01-01,wire,succeeded,2024-01-01 00:00:00
pay_2191747,sub_936547,cust_289373,199,USD,2024-02-01,credit_card,succeeded,2024-02-01 00:00:00
pay_6196614,sub_936547,cust_289373,79,USD,2024-03-01,credit_card,succeeded,2024-03-01 00:00:00
pay_8891744,sub_936547,cust_289373,79,USD,2024-04-01,wire,succeeded,2024-04-01 00:00:00
pay_8736569,sub_936547,cust_289373,79,USD,2024-05-01,credit_card,succeeded,2024-05-01 00:00:00
pay_4261900,sub_936547,cust_289373,79,USD,2024-06-01,credit_card,succeeded,2024-06-01 00:00:00
pay_9565329,sub_936547,cust_289373,79,USD,2024-07-01,credit_card,succeeded,2024-07-01 00:00:00
pay_3702473,sub_936547,cust_289373,79,USD,2024-08-01,wire,succeeded,2024-08-01 00:00:00
pay_8511427,sub_936547,cust_289373,79,USD,2024-09-01,credit_card,succeeded,2024-09-01 00:00:00
pay_7406870,sub_936547,cust_289373,79,USD,2024-10-01,credit_card,succeeded,2024-10-01 00:00:00
pay_1074068,sub_936547,cust_289373,79,USD,2024-11-01,ach,succeeded,2024-11-01 00:00:00
pay_6182772,sub_936547,cust_289373,199,USD,2024-12-01,wire,succeeded,2024-12-01 00:00:00
pay_6464405,sub_866110,cust_768914,199,USD,2024-06-29,credit_card,succeeded,2024-06-29 00:00:00
pay_2768980,sub_866110,cust_768914,199,USD,2024-07-01,credit_card,succeeded,2024-07-01 00:00:00
pay_9545555,sub_866110,cust_768914,199,USD,2024-08-01,ach,succeeded,2024-08-01 00:00:00
pay_8343616,sub_866110,cust_768914,79,USD,2024-09-01,ach,succeeded,2024-09-01 00:00:00
pay_8588663,sub_866110,cust_768914,79,USD,2024-10-01,ach,succeeded,2024-10-01 00:00:00
pay_3291687,sub_866110,cust_768914,79,USD,2024-11-01,wire,succeeded,2024-11-01 00:00:00
pay_3261128,sub_866110,cust_768914,79,USD,2024-12-01,credit_card,succeeded,2024-12-01 00:00:00
pay_1991122,sub_730222,cust_254920,290,USD,2023-09-04,credit_card,succeeded,2023-09-04 00:00:00
pay_8447590,sub_730222,cust_254920,29,USD,2023-10-01,credit_card,succeeded,2023-10-01 00:00:00
pay_5526762,sub_730222,cust_254920,29,USD,2023-11-01,credit_card,succeeded,2023-11-01 00:00:00
pay_4115522,sub_730222,cust_254920,29,USD,2023-12-01,credit_card,succeeded,2023-12-01 00:00:00
pay_1217084,sub_730222,cust_254920,29,USD,2024-01-01,credit_card,succeeded,2024-01-01 00:00:00
pay_7342985,sub_730222,cust_254920,29,USD,2024-02-01,ach,succeeded,2024-02-01 00:00:00
pay_9089545,sub_730222,cust_254920,29,USD,2024-03-01,credit_card,succeeded,2024-03-01 00:00:00
pay_3847893,sub_730222,cust_254920,29,USD,2024-04-01,credit_card,succeeded,2024-04-01 00:00:00
pay_8921344,sub_730222,cust_254920,29,USD,2024-05-01,credit_card,succeeded,2024-05-01 00:00:00
pay_6731158,sub_832569,cust_379901,290,USD,2023-10-21,ach,succeeded,2023-10-21 00:00:00
pay_7792680,sub_832569,cust_379901,29,USD,2023-11-01,credit_card,succeeded,2023-11-01 00:00:00
pay_7949242,sub_832569,cust_379901,29,USD,2023-12-01,ach,succeeded,2023-12-01 00:00:00
pay_7098322,sub_833621,cust_967412,790,USD,2023-11-14,credit_card,succeeded,2023-11-14 00:00:00
pay_6187094,sub_833621,cust_967412,79,USD,2023-12-01,credit_card,succeeded,2023-12-01 00:00:00
pay_6979385,sub_833621,cust_967412,79,USD,2024-01-01,credit_card,succeeded,2024-01-01 00:00:00
pay_6040687,sub_833621,cust_967412,199,USD,2024-02-01,credit_card,succeeded,2024-02-01 00:00:00
pay_9694087,sub_833621,cust_967412,199,USD,2024-03-01,wire,succeeded,2024-03-01 00:00:00
pay_6421371,sub_833621,cust_967412,199,USD,2024-04-01,credit_card,succeeded,2024-04-01 00:00:00
pay_1814209,sub_833621,cust_967412,199,USD,2024-05-01,credit_card,succeeded,2024-05-01 00:00:00
pay_7128722,sub_833621,cust_967412,199,USD,2024-06-01,credit_card,succeeded,2024-06-01 00:00:00
pay_2728484,sub_833621,cust_967412,199,USD,2024-07-01,credit_card,succeeded,2024-07-01 00:00:00
pay_8260853,sub_833621,cust_967412,199,USD,2024-08-01,ach,succeeded,2024-08-01 00:00:00
pay_4896063,sub_833621,cust_967412,199,USD,2024-09-01,wire,succeeded,2024-09-01 00:00:00
pay_2251038,sub_204745,cust_370948,790,USD,2023-10-12,credit_card,succeeded,2023-10-12 00:00:00
pay_5812530,sub_204745,cust_370948,79,USD,2023-11-01,ach,succeeded,2023-11-01 00:00:00
pay_1622052,sub_204745,cust_370948,79,USD,2023-12-01,credit_card,succeeded,2023-12-01 00:00:00
pay_7940865,sub_204745,cust_370948,79,USD,2024-01-01,wire,succeeded,2024-01-01 00:00:00
pay_4393588,sub_204745,cust_370948,79,USD,2024-02-01,wire,failed,2024-02-01 00:00:00
pay_2136000,sub_204745,cust_370948,79,USD,2024-03-01,wire,succeeded,2024-03-01 00:00:00
pay_8279934,sub_204745,cust_370948,79,USD,2024-04-01,credit_card,succeeded,2024-04-01 00:00:00
pay_3977577,sub_204745,cust_370948,79,USD,2024-05-01,ach,succeeded,2024-05-01 00:00:00
pay_8186119,sub_697053,cust_833602,790,USD,2023-04-26,credit_card,succeeded,2023-04-26 00:00:00
pay_6019662,sub_697053,cust_833602,79,USD,2023-05-01,credit_card,succeeded,2023-05-01 00:00:00
pay_5044062,sub_697053,cust_833602,79,USD,2023-06-01,credit_card,succeeded,2023-06-01 00:00:00
pay_3528827,sub_697053,cust_833602,79,USD,2023-07-01,credit_card,succeeded,2023-07-01 00:00:00
pay_7032508,sub_697053,cust_833602,79,USD,2023-08-01,credit_card,succeeded,2023-08-01 00:00:00
pay_6385877,sub_697053,cust_833602,79,USD,2023-09-01,ach,succeeded,2023-09-01 00:00:00
pay_2294032,sub_697053,cust_833602,199,USD,2023-10-01,credit_card,succeeded,2023-10-01 00:00:00
pay_6658004,sub_697053,cust_833602,199,USD,2023-11-01,ach,succeeded,2023-11-01 00:00:00
pay_3239368,sub_697053,cust_833602,199,USD,2023-12-01,ach,succeeded,2023-12-01 00:00:00
pay_1126772,sub_697053,cust_833602,199,USD,2024-01-01,credit_card,succeeded,2024-01-01 00:00:00
pay_5518835,sub_697053,cust_833602,199,USD,2024-02-01,credit_card,succeeded,2024-02-01 00:00:00
pay_7334004,sub_697053,cust_833602,199,USD,2024-03-01,credit_card,succeeded,2024-03-01 00:00:00
pay_7537807,sub_697053,cust_833602,1990,USD,2024-04-01,credit_card,succeeded,2024-04-01 00:00:00
pay_9577333,sub_697053,cust_833602,199,USD,2024-05-01,ach,succeeded,2024-05-01 00:00:00
pay_8762701,sub_697053,cust_833602,199,USD,2024-06-01,credit_card,succeeded,2024-06-01 00:00:00
pay_4017604,sub_697053,cust_833602,199,USD,2024-07-01,credit_card,succeeded,2024-07-01 00:00:00
pay_1412475,sub_697053,cust_833602,199,USD,2024-08-01,credit_card,succeeded,2024-08-01 00:00:00
pay_6780464,sub_697053,cust_833602,199,USD,2024-09-01,credit_card,succeeded,2024-09-01 00:00:00
pay_8447413,sub_697053,cust_833602,199,USD,2024-10-01,credit_card,succeeded,2024-10-01 00:00:00
pay_2610323,sub_697053,cust_833602,199,USD,2024-11-01,wire,succeeded,2024-11-01 00:00:00
pay_4174419,sub_697053,cust_833602,199,USD,2024-12-01,credit_card,succeeded,2024-12-01 00:00:00
pay_3600753,sub_335959,cust_423141,199,USD,2023-01-22,credit_card,succeeded,2023-01-22 00:00:00
pay_5706307,sub_335959,cust_423141,199,USD,2023-02-01,credit_card,succeeded,2023-02-01 00:00:00
pay_3947772,sub_335959,cust_423141,199,USD,2023-03-01,credit_card,succeeded,2023-03-01 00:00:00
pay_1016380,sub_335959,cust_423141,199,USD,2023-04-01,ach,succeeded,2023-04-01 00:00:00
pay_5037486,sub_335959,cust_423141,199,USD,2023-05-01,wire,succeeded,2023-05-01 00:00:00
pay_2590365,sub_335959,cust_423141,199,USD,2023-06-01,wire,succeeded,2023-06-01 00:00:00
pay_6733210,sub_335959,cust_423141,199,USD,2023-07-01,credit_card,succeeded,2023-07-01 00:00:00
pay_3754594,sub_335959,cust_423141,199,USD,2023-08-01,credit_card,succeeded,2023-08-01 00:00:00
pay_9889191,sub_335959,cust_423141,199,USD,2023-09-01,credit_card,succeeded,2023-09-01 00:00:00
pay_1060401,sub_335959,cust_423141,199,USD,2023-10-01,credit_card,succeeded,2023-10-01 00:00:00
pay_6824317,sub_335959,cust_423141,199,USD,2023-11-01,ach,succeeded,2023-11-01 00:00:00
pay_4406199,sub_335959,cust_423141,199,USD,2023-12-01,credit_card,succeeded,2023-12-01 00:00:00
pay_8232531,sub_335959,cust_423141,199,USD,2024-01-01,ach,succeeded,2024-01-01 00:00:00
pay_6079546,sub_335959,cust_423141,199,USD,2024-02-01,wire,succeeded,2024-02-01 00:00:00
pay_8495677,sub_335959,cust_423141,199,USD,2024-03-01,wire,failed,2024-03-01 00:00:00
pay_7380431,sub_335959,cust_423141,199,USD,2024-04-01,credit_card,succeeded,2024-04-01 00:00:00
pay_8157702,sub_335959,cust_423141,199,USD,2024-05-01,wire,succeeded,2024-05-01 00:00:00
pay_8326379,sub_335959,cust_423141,199,USD,2024-06-01,credit_card,succeeded,2024-06-01 00:00:00
pay_3478986,sub_335959,cust_423141,199,USD,2024-07-01,credit_card,succeeded,2024-07-01 00:00:00
pay_8009961,sub_335959,cust_423141,199,USD,2024-08-01,credit_card,succeeded,2024-08-01 00:00:00
pay_7841463,sub_335959,cust_423141,199,USD,2024-09-01,wire,succeeded,2024-09-01 00:00:00
pay_5901835,sub_335959,cust_423141,199,USD,2024-10-01,credit_card,succeeded,2024-10-01 00:00:00
pay_7486094,sub_335959,cust_423141,199,USD,2024-11-01,credit_card,succeeded,2024-11-01 00:00:00
pay_9788770,sub_335959,cust_423141,199,USD,2024-12-01,wire,succeeded,2024-12-01 00:00:00
pay_1340321,sub_173131,cust_365271,29,USD,2024-07-19,wire,succeeded,2024-07-19 00:00:00
pay_7064973,sub_173131,cust_365271,29,USD,2024-08-01,wire,succeeded,2024-08-01 00:00:00
pay_9735313,sub_173131,cust_365271,29,USD,2024-09-01,wire,succeeded,2024-09-01 00:00:00
pay_5856664,sub_173131,cust_365271,29,USD,2024-10-01,ach,succeeded,2024-10-01 00:00:00
pay_4581405,sub_173131,cust_365271,29,USD,2024-11-01,ach,succeeded,2024-11-01 00:00:00
pay_7654275,sub_173131,cust_365271,29,USD,2024-12-01,credit_card,succeeded,2024-12-01 00:00:00
pay_5924337,sub_635231,cust_563892,79,USD,2024-02-02,ach,succeeded,2024-02-02 00:00:00
pay_8870015,sub_635231,cust_563892,79,USD,2024-03-01,credit_card,succeeded,2024-03-01 00:00:00
pay_3554312,sub_635231,cust_563892,79,USD,2024-04-01,wire,succeeded,2024-04-01 00:00:00
pay_4952989,sub_635231,cust_563892,199,USD,2024-05-01,credit_card,succeeded,2024-05-01 00:00:00
pay_7798558,sub_635231,cust_563892,199,USD,2024-06-01,credit_card,succeeded,2024-06-01 00:00:00
pay_9649773,sub_635231,cust_563892,199,USD,2024-07-01,credit_card,succeeded,2024-07-01 00:00:00
pay_9382060,sub_635231,cust_563892,199,USD,2024-08-01,credit_card,succeeded,2024-08-01 00:00:00
pay_2515064,sub_635231,cust_563892,199,USD,2024-09-01,ach,succeeded,2024-09-01 00:00:00
pay_5018852,sub_635231,cust_563892,199,USD,2024-10-01,credit_card,succeeded,2024-10-01 00:00:00
pay_4734099,sub_635231,cust_563892,199,USD,2024-11-01,credit_card,succeeded,2024-11-01 00:00:00
pay_2594125,sub_635231,cust_563892,199,USD,2024-12-01,credit_card,succeeded,2024-12-01 00:00:00
pay_2642847,sub_450311,cust_268010,790,USD,2024-03-25,ach,succeeded,2024-03-25 00:00:00
pay_7297251,sub_450311,cust_268010,79,USD,2024-04-01,ach,succeeded,2024-04-01 00:00:00
pay_3410505,sub_450311,cust_268010,79,USD,2024-05-01,wire,succeeded,2024-05-01 00:00:00
pay_6337734,sub_450311,cust_268010,79,USD,2024-06-01,credit_card,succeeded,2024-06-01 00:00:00
pay_1044636,sub_450311,cust_268010,79,USD,2024-07-01,wire,succeeded,2024-07-01 00:00:00
pay_8612071,sub_450311,cust_268010,199,USD,2024-08-01,wire,succeeded,2024-08-01 00:00:00
pay_7347868,sub_450311,cust_268010,199,USD,2024-09-01,credit_card,succeeded,2024-09-01 00:00:00
pay_6905501,sub_450311,cust_268010,79,USD,2024-10-01,credit_card,succeeded,2024-10-01 00:00:00
pay_2746373,sub_450311,cust_268010,79,USD,2024-11-01,credit_card,succeeded,2024-11-01 00:00:00
pay_9842409,sub_450311,cust_268010,79,USD,2024-12-01,ach,succeeded,2024-12-01 00:00:00
pay_7419797,sub_539437,cust_615576,79,USD,2024-04-27,ach,succeeded,2024-04-27 00:00:00
pay_2008884,sub_539437,cust_615576,79,USD,2024-05-01,credit_card,succeeded,2024-05-01 00:00:00
pay_1102798,sub_539437,cust_615576,79,USD,2024-06-01,credit_card,succeeded,2024-06-01 00:00:00
pay_1295068,sub_539437,cust_615576,79,USD,2024-07-01,credit_card,succeeded,2024-07-01 00:00:00
pay_6628763,sub_539437,cust_615576,79,USD,2024-08-01,credit_card,succeeded,2024-08-01 00:00:00
pay_2777584,sub_539437,cust_615576,79,USD,2024-09-01,ach,succeeded,2024-09-01 00:00:00
pay_3249784,sub_539437,cust_615576,79,USD,2024-10-01,credit_card,succeeded,2024-10-01 00:00:00
pay_1401069,sub_539437,cust_615576,79,USD,2024-11-01,ach,succeeded,2024-11-01 00:00:00
pay_9247788,sub_539437,cust_615576,79,USD,2024-12-01,wire,succeeded,2024-12-01 00:00:00
pay_6359473,sub_125862,cust_468948,199,USD,2024-03-06,ach,succeeded,2024-03-06 00:00:00
pay_4705229,sub_125862,cust_468948,199,USD,2024-04-01,credit_card,succeeded,2024-04-01 00:00:00
pay_8223824,sub_125862,cust_468948,199,USD,2024-05-01,credit_card,succeeded,2024-05-01 00:00:00
pay_3981309,sub_125862,cust_468948,79,USD,2024-06-01,credit_card,succeeded,2024-06-01 00:00:00
pay_4547699,sub_125862,cust_468948,79,USD,2024-07-01,wire,succeeded,2024-07-01 00:00:00
pay_6814062,sub_125862,cust_468948,79,USD,2024-08-01,credit_card,succeeded,2024-08-01 00:00:00
pay_1234643,sub_125862,cust_468948,79,USD,2024-09-01,ach,succeeded,2024-09-01 00:00:00
pay_2135338,sub_125862,cust_468948,79,USD,2024-10-01,credit_card,succeeded,2024-10-01 00:00:00
pay_3877903,sub_125862,cust_468948,79,USD,2024-11-01,wire,succeeded,2024-11-01 00:00:00
pay_1402287,sub_125862,cust_468948,199,USD,2024-12-01,credit_card,succeeded,2024-12-01 00:00:00
pay_1428396,sub_627573,cust_904894,79,USD,2024-10-26,credit_card,succeeded,2024-10-26 00:00:00
pay_1510553,sub_627573,cust_904894,79,USD,2024-11-01,ach,succeeded,2024-11-01 00:00:00
pay_2581855,sub_627573,cust_904894,79,USD,2024-12-01,credit_card,succeeded,2024-12-01 00:00:00
pay_4925616,sub_448458,cust_281905,79,USD,2024-08-30,credit_card,succeeded,2024-08-30 00:00:00
pay_3047807,sub_448458,cust_281905,79,USD,2024-09-01,ach,succeeded,2024-09-01 00:00:00
pay_5273567,sub_448458,cust_281905,79,USD,2024-10-01,ach,succeeded,2024-10-01 00:00:00
pay_6314844,sub_448458,cust_281905,79,USD,2024-11-01,credit_card,succeeded,2024-11-01 00:00:00
pay_2107090,sub_448458,cust_281905,79,USD,2024-12-01,credit_card,succeeded,2024-12-01 00:00:00
pay_3782239,sub_823797,cust_335391,790,USD,2023-01-22,credit_card,succeeded,2023-01-22 00:00:00
pay_3982538,sub_823797,cust_335391,79,USD,2023-02-01,credit_card,succeeded,2023-02-01 00:00:00
pay_4018266,sub_823797,cust_335391,79,USD,2023-03-01,wire,failed,2023-03-01 00:00:00
pay_2211733,sub_823797,cust_335391,79,USD,2023-04-01,credit_card,succeeded,2023-04-01 00:00:00
pay_4036635,sub_823797,cust_335391,79,USD,2023-05-01,credit_card,succeeded,2023-05-01 00:00:00
pay_6942743,sub_823797,cust_335391,79,USD,2023-06-01,credit_card,succeeded,2023-06-01 00:00:00
pay_8390152,sub_823797,cust_335391,79,USD,2023-07-01,ach,succeeded,2023-07-01 00:00:00
pay_3016591,sub_823797,cust_335391,79,USD,2023-08-01,credit_card,succeeded,2023-08-01 00:00:00
pay_8216069,sub_823797,cust_335391,79,USD,2023-09-01,credit_card,succeeded,2023-09-01 00:00:00
pay_1763145,sub_823797,cust_335391,79,USD,2023-10-01,credit_card,succeeded,2023-10-01 00:00:00
pay_9006531,sub_823797,cust_335391,199,USD,2023-11-01,credit_card,succeeded,2023-11-01 00:00:00
pay_3279537,sub_823797,cust_335391,199,USD,2023-12-01,credit_card,succeeded,2023-12-01 00:00:00
pay_2062926,sub_823797,cust_335391,1990,USD,2024-01-01,credit_card,succeeded,2024-01-01 00:00:00
pay_5955089,sub_823797,cust_335391,199,USD,2024-02-01,credit_card,succeeded,2024-02-01 00:00:00
pay_3831418,sub_823797,cust_335391,199,USD,2024-03-01,credit_card,succeeded,2024-03-01 00:00:00
pay_3825056,sub_823797,cust_335391,199,USD,2024-04-01,ach,succeeded,2024-04-01 00:00:00
pay_7667822,sub_823797,cust_335391,199,USD,2024-05-01,credit_card,succeeded,2024-05-01 00:00:00
pay_5021642,sub_823797,cust_335391,199,USD,2024-06-01,wire,succeeded,2024-06-01 00:00:00
pay_5726384,sub_823797,cust_335391,199,USD,2024-07-01,credit_card,succeeded,2024-07-01 00:00:00
pay_4891786,sub_823797,cust_335391,199,USD,2024-08-01,ach,succeeded,2024-08-01 00:00:00
pay_6952222,sub_823797,cust_335391,199,USD,2024-09-01,credit_card,succeeded,2024-09-01 00:00:00
pay_5463027,sub_823797,cust_335391,199,USD,2024-10-01,credit_card,succeeded,2024-10-01 00:00:00
pay_6978769,sub_823797,cust_335391,79,USD,2024-11-01,wire,succeeded,2024-11-01 00:00:00
pay_4770923,sub_823797,cust_335391,79,USD,2024-12-01,credit_card,failed,2024-12-01 00:00:00
pay_5272488,sub_744918,cust_276953,79,USD,2023-02-20,credit_card,succeeded,2023-02-20 00:00:00
pay_7903232,sub_744918,cust_276953,79,USD,2023-03-01,credit_card,succeeded,2023-03-01 00:00:00
pay_1785305,sub_744918,cust_276953,79,USD,2023-04-01,wire,succeeded,2023-04-01 00:00:00
pay_1341479,sub_744918,cust_276953,199,USD,2023-05-01,credit_card,succeeded,2023-05-01 00:00:00
pay_5569811,sub_744918,cust_276953,199,USD,2023-06-01,wire,succeeded,2023-06-01 00:00:00
pay_2775157,sub_744918,cust_276953,199,USD,2023-07-01,credit_card,succeeded,2023-07-01 00:00:00
pay_6284035,sub_744918,cust_276953,199,USD,2023-08-01,credit_card,succeeded,2023-08-01 00:00:00
pay_4546765,sub_744918,cust_276953,199,USD,2023-09-01,ach,succeeded,2023-09-01 00:00:00
pay_2757793,sub_744918,cust_276953,199,USD,2023-10-01,credit_card,succeeded,2023-10-01 00:00:00
pay_9108470,sub_744918,cust_276953,199,USD,2023-11-01,credit_card,succeeded,2023-11-01 00:00:00
pay_8894020,sub_744918,cust_276953,199,USD,2023-12-01,wire,succeeded,2023-12-01 00:00:00
pay_2798879,sub_744918,cust_276953,79,USD,2024-01-01,credit_card,succeeded,2024-01-01 00:00:00
pay_9127304,sub_744918,cust_276953,79,USD,2024-02-01,credit_card,succeeded,2024-02-01 00:00:00
pay_1165855,sub_744918,cust_276953,79,USD,2024-03-01,credit_card,succeeded,2024-03-01 00:00:00
pay_5298324,sub_744918,cust_276953,199,USD,2024-04-01,credit_card,succeeded,2024-04-01 00:00:00
pay_9457812,sub_744918,cust_276953,199,USD,2024-05-01,credit_card,succeeded,2024-05-01 00:00:00
pay_9891207,sub_744918,cust_276953,199,USD,2024-06-01,ach,succeeded,2024-06-01 00:00:00
pay_9166533,sub_744918,cust_276953,199,USD,2024-07-01,credit_card,succeeded,2024-07-01 00:00:00
pay_5666356,sub_744918,cust_276953,79,USD,2024-08-01,wire,succeeded,2024-08-01 00:00:00
pay_7325633,sub_744918,cust_276953,79,USD,2024-09-01,credit_card,succeeded,2024-09-01 00:00:00
pay_4676255,sub_744918,cust_276953,79,USD,2024-10-01,ach,succeeded,2024-10-01 00:00:00
pay_1973933,sub_744918,cust_276953,79,USD,2024-11-01,credit_card,succeeded,2024-11-01 00:00:00
pay_8884678,sub_744918,cust_276953,79,USD,2024-12-01,credit_card,succeeded,2024-12-01 00:00:00
pay_1112072,sub_355537,cust_853489,79,USD,2024-06-22,wire,succeeded,2024-06-22 00:00:00
pay_1026375,sub_355537,cust_853489,79,USD,2024-07-01,credit_card,succeeded,2024-07-01 00:00:00
pay_4535058,sub_355537,cust_853489,79,USD,2024-08-01,wire,succeeded,2024-08-01 00:00:00
pay_6965813,sub_355537,cust_853489,79,USD,2024-09-01,credit_card,succeeded,2024-09-01 00:00:00
pay_5731833,sub_355537,cust_853489,79,USD,2024-10-01,credit_card,succeeded,2024-10-01 00:00:00
pay_5145090,sub_355537,cust_853489,79,USD,2024-11-01,credit_card,succeeded,2024-11-01 00:00:00
pay_1305589,sub_355537,cust_853489,79,USD,2024-12-01,credit_card,succeeded,2024-12-01 00:00:00
pay_6513147,sub_306612,cust_952924,79,USD,2023-09-30,ach,succeeded,2023-09-30 00:00:00
pay_7265745,sub_306612,cust_952924,79,USD,2023-10-01,credit_card,succeeded,2023-10-01 00:00:00
pay_8223578,sub_306612,cust_952924,79,USD,2023-11-01,ach,succeeded,2023-11-01 00:00:00
pay_1861002,sub_306612,cust_952924,79,USD,2023-12-01,credit_card,succeeded,2023-12-01 00:00:00
pay_2655024,sub_306612,cust_952924,79,USD,2024-01-01,ach,succeeded,2024-01-01 00:00:00
pay_8883284,sub_306612,cust_952924,79,USD,2024-02-01,wire,succeeded,2024-02-01 00:00:00
pay_6286482,sub_306612,cust_952924,79,USD,2024-03-01,credit_card,succeeded,2024-03-01 00:00:00
pay_2125011,sub_306612,cust_952924,79,USD,2024-04-01,credit_card,succeeded,2024-04-01 00:00:00
pay_9178636,sub_306612,cust_952924,79,USD,2024-05-01,ach,succeeded,2024-05-01 00:00:00
pay_3629527,sub_306612,cust_952924,79,USD,2024-06-01,wire,succeeded,2024-06-01 00:00:00
pay_9642662,sub_306612,cust_952924,79,USD,2024-07-01,credit_card,succeeded,2024-07-01 00:00:00
pay_4694570,sub_306612,cust_952924,79,USD,2024-08-01,credit_card,succeeded,2024-08-01 00:00:00
pay_7004501,sub_306612,cust_952924,79,USD,2024-09-01,credit_card,succeeded,2024-09-01 00:00:00
pay_3275817,sub_306612,cust_952924,29,USD,2024-10-01,ach,succeeded,2024-10-01 00:00:00
pay_6800318,sub_306612,cust_952924,29,USD,2024-11-01,credit_card,succeeded,2024-11-01 00:00:00
pay_8851546,sub_306612,cust_952924,29,USD,2024-12-01,credit_card,succeeded,2024-12-01 00:00:00
pay_1506591,sub_592491,cust_810083,29,USD,2023-07-13,credit_card,succeeded,2023-07-13 00:00:00
pay_9201294,sub_592491,cust_810083,29,USD,2023-08-01,credit_card,succeeded,2023-08-01 00:00:00
pay_6520427,sub_592491,cust_810083,29,USD,2023-09-01,credit_card,succeeded,2023-09-01 00:00:00
pay_4384051,sub_592491,cust_810083,29,USD,2023-10-01,ach,succeeded,2023-10-01 00:00:00
pay_1619766,sub_592491,cust_810083,79,USD,2023-11-01,credit_card,succeeded,2023-11-01 00:00:00
pay_1668591,sub_592491,cust_810083,79,USD,2023-12-01,wire,succeeded,2023-12-01 00:00:00
pay_8697738,sub_592491,cust_810083,79,USD,2024-01-01,wire,succeeded,2024-01-01 00:00:00
pay_6201442,sub_592491,cust_810083,79,USD,2024-02-01,credit_card,succeeded,2024-02-01 00:00:00
pay_7532363,sub_258162,cust_487593,199,USD,2024-08-19,credit_card,succeeded,2024-08-19 00:00:00
pay_8561822,sub_258162,cust_487593,199,USD,2024-09-01,credit_card,succeeded,2024-09-01 00:00:00
pay_2578606,sub_258162,cust_487593,199,USD,2024-10-01,credit_card,succeeded,2024-10-01 00:00:00
pay_5208028,sub_258162,cust_487593,199,USD,2024-11-01,credit_card,succeeded,2024-11-01 00:00:00
pay_4449294,sub_258162,cust_487593,199,USD,2024-12-01,ach,succeeded,2024-12-01 00:00:00
pay_2620192,sub_525577,cust_502124,79,USD,2024-03-09,credit_card,succeeded,2024-03-09 00:00:00
pay_1338539,sub_525577,cust_502124,79,USD,2024-04-01,credit_card,succeeded,2024-04-01 00:00:00
pay_9336813,sub_525577,cust_502124,79,USD,2024-05-01,credit_card,succeeded,2024-05-01 00:00:00
pay_5662619,sub_525577,cust_502124,79,USD,2024-06-01,credit_card,succeeded,2024-06-01 00:00:00
pay_3710310,sub_525577,cust_502124,79,USD,2024-07-01,credit_card,succeeded,2024-07-01 00:00:00
pay_9436588,sub_525577,cust_502124,79,USD,2024-08-01,wire,succeeded,2024-08-01 00:00:00
pay_8615569,sub_525577,cust_502124,79,USD,2024-09-01,credit_card,succeeded,2024-09-01 00:00:00
pay_8119299,sub_525577,cust_502124,79,USD,2024-10-01,wire,succeeded,2024-10-01 00:00:00
pay_7496231,sub_525577,cust_502124,79,USD,2024-11-01,credit_card,succeeded,2024-11-01 00:00:00
pay_4037316,sub_525577,cust_502124,79,USD,2024-12-01,credit_card,succeeded,2024-12-01 00:00:00
pay_6170784,sub_479637,cust_735829,199,USD,2024-11-17,credit_card,succeeded,2024-11-17 00:00:00
pay_5423989,sub_479637,cust_735829,199,USD,2024-12-01,wire,succeeded,2024-12-01 00:00:00
pay_8376165,sub_916634,cust_488918,29,USD,2024-12-01,wire,succeeded,2024-12-01 00:00:00
pay_8039372,sub_379503,cust_376002,79,USD,2024-09-19,ach,succeeded,2024-09-19 00:00:00
pay_2851809,sub_379503,cust_376002,79,USD,2024-10-01,credit_card,succeeded,2024-10-01 00:00:00
pay_9003755,sub_379503,cust_376002,79,USD,2024-11-01,credit_card,succeeded,2024-11-01 00:00:00
pay_2118635,sub_379503,cust_376002,79,USD,2024-12-01,wire,succeeded,2024-12-01 00:00:00
