event_id,subscription_id,customer_id,event_type,event_date,plan_id,mrr_change,mrr_after
evt_1892920,sub_767578,cust_770487,subscription_started,2023-04-25 00:00:00,2,29,29
evt_4856420,sub_767578,cust_770487,subscription_upgraded,2023-06-13 00:00:00,3,50,79
evt_5365833,sub_767578,cust_770487,subscription_churned,2023-07-31 00:00:00,3,-79,0
evt_9303225,sub_589824,cust_542417,subscription_started,2023-02-02 00:00:00,1,0,0
evt_2569976,sub_589824,cust_542417,subscription_upgraded,2023-08-20 00:00:00,2,29,29
evt_3046668,sub_127223,cust_331148,subscription_started,2024-04-04 00:00:00,3,79,79
evt_8721431,sub_127223,cust_331148,subscription_churned,2024-09-08 00:00:00,3,-79,0
evt_5518413,sub_791577,cust_900581,subscription_started,2023-12-11 00:00:00,1,0,0
evt_5280939,sub_791577,cust_900581,subscription_churned,2024-12-20 00:00:00,1,0,0
evt_2496331,sub_908323,cust_496922,subscription_started,2023-03-22 00:00:00,3,79,79
evt_9235014,sub_908323,cust_496922,subscription_upgraded,2023-09-30 00:00:00,4,120,199
evt_8097946,sub_381521,cust_338968,subscription_started,2023-10-24 00:00:00,3,79,79
evt_6733527,sub_381521,cust_338968,subscription_churned,2024-06-04 00:00:00,3,-79,0
evt_3601637,sub_809298,cust_802729,subscription_started,2023-10-01 00:00:00,4,199,199
evt_9012989,sub_809298,cust_802729,subscription_downgraded,2024-04-21 00:00:00,3,-120,79
evt_3143956,sub_809298,cust_802729,subscription_downgraded,2024-06-23 00:00:00,2,-50,29
evt_8128865,sub_638354,cust_383060,subscription_started,2024-10-17 00:00:00,3,79,79
evt_5251016,sub_199074,cust_520651,subscription_started,2023-10-02 00:00:00,1,0,0
evt_8765820,sub_199074,cust_520651,subscription_upgraded,2024-02-11 00:00:00,2,29,29
evt_7983542,sub_199074,cust_520651,subscription_churned,2024-06-12 00:00:00,2,-29,0
evt_8633602,sub_412106,cust_774079,subscription_started,2024-04-14 00:00:00,1,0,0
evt_9965341,sub_806120,cust_479580,subscription_started,2023-08-13 00:00:00,2,29,29
evt_2957536,sub_806120,cust_479580,subscription_churned,2023-09-09 00:00:00,2,-29,0
evt_7796309,sub_582515,cust_479580,subscription_reactivated,2024-02-08 00:00:00,1,0,0
evt_1232799,sub_582515,cust_479580,subscription_upgraded,2024-11-03 00:00:00,2,29,29
evt_1266510,sub_582515,cust_479580,subscription_upgraded,2024-12-22 00:00:00,3,50,79
evt_3435283,sub_128117,cust_725380,subscription_started,2023-03-07 00:00:00,2,29,29
evt_8774990,sub_128117,cust_725380,subscription_upgraded,2023-06-19 00:00:00,3,50,79
evt_3557220,sub_128117,cust_725380,subscription_upgraded,2023-08-28 00:00:00,4,120,199
evt_8541631,sub_128117,cust_725380,subscription_churned,2024-02-10 00:00:00,4,-199,0
evt_7572195,sub_311118,cust_663054,subscription_started,2023-10-01 00:00:00,3,79,79
evt_7705523,sub_311118,cust_663054,subscription_churned,2024-07-26 00:00:00,3,-79,0
evt_9185628,sub_719749,cust_287330,subscription_started,2024-06-03 00:00:00,3,79,79
evt_6817736,sub_596330,cust_916449,subscription_started,2024-06-27 00:00:00,2,29,29
evt_4224602,sub_596330,cust_916449,subscription_downgraded,2024-10-14 00:00:00,1,-29,0
evt_9516717,sub_460550,cust_182582,subscription_started,2023-03-29 00:00:00,3,79,79
evt_5922335,sub_460550,cust_182582,subscription_upgraded,2023-10-20 00:00:00,4,120,199
evt_3622515,sub_460550,cust_182582,subscription_downgraded,2024-09-12 00:00:00,3,-120,79
evt_7979059,sub_460550,cust_182582,subscription_upgraded,2024-12-08 00:00:00,4,120,199
evt_1789356,sub_418402,cust_273148,subscription_started,2023-09-29 00:00:00,4,199,199
evt_2068131,sub_418402,cust_273148,subscription_churned,2024-05-05 00:00:00,4,-199,0
evt_3024809,sub_219505,cust_804314,subscription_started,2024-10-27 00:00:00,2,29,29
evt_1783099,sub_923012,cust_717024,subscription_started,2023-08-14 00:00:00,1,0,0
evt_8407441,sub_863729,cust_801474,subscription_started,2024-05-12 00:00:00,2,29,29
evt_7102492,sub_863729,cust_801474,subscription_upgraded,2024-09-15 00:00:00,3,50,79
evt_7975124,sub_989816,cust_299659,subscription_started,2023-04-07 00:00:00,2,29,29
evt_5463001,sub_989816,cust_299659,subscription_downgraded,2023-10-23 00:00:00,1,-29,0
evt_7069566,sub_993796,cust_203198,subscription_started,2023-03-04 00:00:00,3,79,79
evt_6281544,sub_993796,cust_203198,subscription_upgraded,2023-05-30 00:00:00,4,120,199
evt_8417942,sub_775156,cust_392075,subscription_started,2024-04-18 00:00:00,3,79,79
evt_6611860,sub_775156,cust_392075,subscription_upgraded,2024-11-12 00:00:00,4,120,199
evt_3114023,sub_860321,cust_976638,subscription_started,2023-01-16 00:00:00,3,79,79
evt_5340101,sub_860321,cust_976638,subscription_churned,2023-10-07 00:00:00,3,-79,0
evt_8092498,sub_911763,cust_272634,subscription_started,2024-01-24 00:00:00,4,199,199
evt_2005722,sub_911763,cust_272634,subscription_downgraded,2024-04-22 00:00:00,3,-120,79
evt_4961055,sub_575159,cust_921414,subscription_started,2024-07-23 00:00:00,4,199,199
evt_4230541,sub_210338,cust_428838,subscription_started,2023-02-28 00:00:00,2,29,29
evt_2043436,sub_210338,cust_428838,subscription_upgraded,2023-09-07 00:00:00,3,50,79
evt_9213136,sub_822487,cust_723939,subscription_started,2023-03-11 00:00:00,4,199,199
evt_5858523,sub_215695,cust_789305,subscription_started,2024-08-20 00:00:00,3,79,79
evt_1469389,sub_417991,cust_776856,subscription_started,2023-11-04 00:00:00,2,29,29
evt_8075907,sub_417991,cust_776856,subscription_upgraded,2023-12-17 00:00:00,3,50,79
evt_9200596,sub_417991,cust_776856,subscription_downgraded,2024-05-12 00:00:00,2,-50,29
evt_6849358,sub_417991,cust_776856,subscription_upgraded,2024-06-06 00:00:00,3,50,79
evt_3228175,sub_919304,cust_323508,subscription_started,2024-06-02 00:00:00,2,29,29
evt_6456223,sub_919304,cust_323508,subscription_upgraded,2024-12-26 00:00:00,3,50,79
evt_7872422,sub_938663,cust_837715,subscription_started,2023-11-06 00:00:00,4,199,199
evt_4228384,sub_775192,cust_240814,subscription_started,2023-09-28 00:00:00,3,79,79
evt_9951380,sub_775192,cust_240814,subscription_upgraded,2024-12-25 00:00:00,4,120,199
evt_9245549,sub_521315,cust_765046,subscription_started,2023-09-28 00:00:00,3,79,79
evt_2666541,sub_521315,cust_765046,subscription_upgraded,2024-03-22 00:00:00,4,120,199
evt_7832964,sub_521315,cust_765046,subscription_downgraded,2024-07-30 00:00:00,3,-120,79
evt_6457472,sub_521315,cust_765046,subscription_upgraded,2024-09-14 00:00:00,4,120,199
evt_1981497,sub_521315,cust_765046,subscription_churned,2024-11-01 00:00:00,4,-199,0
evt_7926017,sub_203540,cust_449759,subscription_started,2023-05-14 00:00:00,4,199,199
evt_5020206,sub_203540,cust_449759,subscription_downgraded,2023-08-28 00:00:00,3,-120,79
evt_1484969,sub_203540,cust_449759,subscription_upgraded,2024-07-18 00:00:00,4,120,199
evt_8482340,sub_419409,cust_824586,subscription_started,2023-06-02 00:00:00,1,0,0
evt_8795567,sub_419409,cust_824586,subscription_churned,2024-06-10 00:00:00,1,0,0
evt_3808198,sub_750882,cust_934794,subscription_started,2023-02-10 00:00:00,2,29,29
evt_9089743,sub_750882,cust_934794,subscription_churned,2023-03-07 00:00:00,2,-29,0
evt_7377917,sub_363076,cust_348237,subscription_started,2023-06-16 00:00:00,3,79,79
evt_5384902,sub_815234,cust_379766,subscription_started,2023-06-13 00:00:00,2,29,29
evt_3243545,sub_815234,cust_379766,subscription_churned,2024-04-06 00:00:00,2,-29,0
evt_1071793,sub_102146,cust_338651,subscription_started,2023-08-17 00:00:00,2,29,29
evt_1141455,sub_505537,cust_984642,subscription_started,2024-07-03 00:00:00,4,199,199
evt_7003240,sub_813612,cust_863934,subscription_started,2023-11-18 00:00:00,3,79,79
evt_6086491,sub_813612,cust_863934,subscription_upgraded,2024-01-06 00:00:00,4,120,199
evt_7645223,sub_813612,cust_863934,subscription_churned,2024-08-14 00:00:00,4,-199,0
evt_9394071,sub_696746,cust_863934,subscription_reactivated,2024-11-23 00:00:00,3,79,79
evt_3944885,sub_278758,cust_645175,subscription_started,2024-07-05 00:00:00,4,199,199
evt_4824620,sub_278758,cust_645175,subscription_downgraded,2024-09-09 00:00:00,3,-120,79
evt_8615616,sub_813745,cust_753425,subscription_started,2023-11-18 00:00:00,4,199,199
evt_8047472,sub_813745,cust_753425,subscription_downgraded,2024-11-18 00:00:00,3,-120,79
evt_4264982,sub_431603,cust_681343,subscription_started,2023-05-11 00:00:00,2,29,29
evt_1425670,sub_431603,cust_681343,subscription_upgraded,2023-07-17 00:00:00,3,50,79
evt_6523472,sub_431603,cust_681343,subscription_downgraded,2024-01-21 00:00:00,2,-50,29
evt_2622794,sub_431603,cust_681343,subscription_churned,2024-03-25 00:00:00,2,-29,0
evt_1403047,sub_947311,cust_681343,subscription_reactivated,2024-08-12 00:00:00,1,0,0
evt_4999003,sub_947311,cust_681343,subscription_upgraded,2024-12-13 00:00:00,2,29,29
evt_6596685,sub_972957,cust_974224,subscription_started,2023-01-01 00:00:00,2,29,29
evt_8245056,sub_972957,cust_974224,subscription_churned,2024-03-04 00:00:00,2,-29,0
evt_1875823,sub_686424,cust_974224,subscription_reactivated,2024-04-17 00:00:00,1,0,0
evt_7897247,sub_686424,cust_974224,subscription_upgraded,2024-09-02 00:00:00,2,29,29
evt_2699161,sub_933790,cust_636004,subscription_started,2024-04-29 00:00:00,2,29,29
evt_2133208,sub_933790,cust_636004,subscription_upgraded,2024-11-16 00:00:00,3,50,79
evt_9537891,sub_701056,cust_346277,subscription_started,2024-11-19 00:00:00,2,29,29
evt_8459558,sub_472654,cust_534572,subscription_started,2024-10-06 00:00:00,2,29,29
evt_6228902,sub_472654,cust_534572,subscription_churned,2024-12-23 00:00:00,2,-29,0
evt_7001942,sub_638051,cust_907451,subscription_started,2023-04-20 00:00:00,2,29,29
evt_6178697,sub_638051,cust_907451,subscription_upgraded,2023-08-05 00:00:00,3,50,79
evt_9507858,sub_638051,cust_907451,subscription_churned,2023-12-20 00:00:00,3,-79,0
evt_8081010,sub_686625,cust_578634,subscription_started,2023-05-17 00:00:00,3,79,79
evt_8621924,sub_444582,cust_547470,subscription_started,2024-07-15 00:00:00,4,199,199
evt_4444636,sub_946485,cust_608136,subscription_started,2024-10-03 00:00:00,1,0,0
evt_7004341,sub_480441,cust_258157,subscription_started,2023-08-25 00:00:00,3,79,79
evt_1498041,sub_480441,cust_258157,subscription_churned,2024-03-03 00:00:00,3,-79,0
evt_5395611,sub_397901,cust_973349,subscription_started,2024-03-06 00:00:00,4,199,199
evt_7201541,sub_419891,cust_413118,subscription_started,2024-02-04 00:00:00,3,79,79
evt_3194370,sub_419891,cust_413118,subscription_upgraded,2024-08-07 00:00:00,4,120,199
evt_5102862,sub_728672,cust_130434,subscription_started,2024-02-03 00:00:00,3,79,79
evt_4510423,sub_712454,cust_513160,subscription_started,2024-08-29 00:00:00,4,199,199
evt_9542262,sub_887803,cust_321941,subscription_started,2024-04-10 00:00:00,2,29,29
evt_7272644,sub_887803,cust_321941,subscription_downgraded,2024-09-13 00:00:00,1,-29,0
evt_7726758,sub_596771,cust_885408,subscription_started,2024-07-06 00:00:00,4,199,199
evt_3637534,sub_545668,cust_309044,subscription_started,2023-01-21 00:00:00,2,29,29
evt_2409758,sub_545668,cust_309044,subscription_upgraded,2023-05-08 00:00:00,3,50,79
evt_4922352,sub_545668,cust_309044,subscription_downgraded,2024-08-29 00:00:00,2,-50,29
evt_9418218,sub_186422,cust_275939,subscription_started,2024-09-12 00:00:00,4,199,199
evt_4820869,sub_924047,cust_703766,subscription_started,2024-11-24 00:00:00,2,29,29
evt_1642255,sub_224348,cust_991597,subscription_started,2024-12-01 00:00:00,4,199,199
evt_6523752,sub_449970,cust_630538,subscription_started,2024-10-25 00:00:00,1,0,0
evt_3312992,sub_299903,cust_260422,subscription_started,2024-03-21 00:00:00,2,29,29
evt_6024342,sub_299903,cust_260422,subscription_churned,2024-05-18 00:00:00,2,-29,0
evt_7774826,sub_463470,cust_721254,subscription_started,2023-10-02 00:00:00,4,199,199
evt_6252524,sub_457207,cust_800646,subscription_started,2024-01-24 00:00:00,1,0,0
evt_8142385,sub_456329,cust_835244,subscription_started,2023-10-10 00:00:00,1,0,0
evt_8965447,sub_660453,cust_599219,subscription_started,2024-10-23 00:00:00,3,79,79
evt_2564332,sub_770043,cust_486945,subscription_started,2024-04-29 00:00:00,3,79,79
evt_3980239,sub_770043,cust_486945,subscription_upgraded,2024-06-14 00:00:00,4,120,199
evt_4338644,sub_770043,cust_486945,subscription_churned,2024-10-08 00:00:00,4,-199,0
evt_5883940,sub_397604,cust_341736,subscription_started,2023-05-04 00:00:00,2,29,29
evt_8019808,sub_397604,cust_341736,subscription_upgraded,2024-01-26 00:00:00,3,50,79
evt_4450687,sub_397604,cust_341736,subscription_upgraded,2024-08-24 00:00:00,4,120,199
evt_6206200,sub_266494,cust_389930,subscription_started,2024-08-26 00:00:00,3,79,79
evt_3393974,sub_388820,cust_660081,subscription_started,2023-05-10 00:00:00,1,0,0
evt_7698083,sub_388820,cust_660081,subscription_churned,2023-07-31 00:00:00,1,0,0
evt_9236918,sub_358830,cust_112861,subscription_started,2024-08-10 00:00:00,3,79,79
evt_8655554,sub_777693,cust_615633,subscription_started,2023-03-17 00:00:00,4,199,199
evt_7186297,sub_898868,cust_901577,subscription_started,2024-03-02 00:00:00,3,79,79
evt_2228016,sub_146803,cust_549660,subscription_started,2023-11-09 00:00:00,4,199,199
evt_5204466,sub_146803,cust_549660,subscription_downgraded,2024-07-01 00:00:00,3,-120,79
evt_5065012,sub_186558,cust_264686,subscription_started,2023-09-03 00:00:00,2,29,29
evt_5683223,sub_186558,cust_264686,subscription_upgraded,2023-11-23 00:00:00,3,50,79
evt_1303099,sub_186558,cust_264686,subscription_downgraded,2024-01-07 00:00:00,2,-50,29
evt_3082914,sub_186558,cust_264686,subscription_downgraded,2024-02-13 00:00:00,1,-29,0
evt_8448860,sub_509593,cust_841296,subscription_started,2023-10-17 00:00:00,4,199,199
evt_8074662,sub_509593,cust_841296,subscription_downgraded,2024-06-07 00:00:00,3,-120,79
evt_7973953,sub_859181,cust_545790,subscription_started,2023-04-28 00:00:00,3,79,79
evt_6488523,sub_859181,cust_545790,subscription_upgraded,2023-07-27 00:00:00,4,120,199
evt_6305630,sub_859181,cust_545790,subscription_churned,2024-06-06 00:00:00,4,-199,0
evt_4692601,sub_581061,cust_545790,subscription_reactivated,2024-08-29 00:00:00,3,79,79
evt_4666842,sub_146073,cust_885339,subscription_started,2024-08-05 00:00:00,2,29,29
evt_3876606,sub_206759,cust_727086,subscription_started,2023-02-10 00:00:00,3,79,79
evt_1296097,sub_206759,cust_727086,subscription_upgraded,2024-03-06 00:00:00,4,120,199
evt_9367241,sub_162833,cust_901909,subscription_started,2024-11-19 00:00:00,3,79,79
evt_4429016,sub_311824,cust_713762,subscription_started,2024-03-22 00:00:00,4,199,199
evt_6327414,sub_311824,cust_713762,subscription_downgraded,2024-09-15 00:00:00,3,-120,79
evt_1397508,sub_779525,cust_445824,subscription_started,2024-02-26 00:00:00,3,79,79
evt_8421584,sub_646802,cust_438977,subscription_started,2023-04-29 00:00:00,4,199,199
evt_9248388,sub_646802,cust_438977,subscription_downgraded,2023-05-24 00:00:00,3,-120,79
evt_4428815,sub_646802,cust_438977,subscription_upgraded,2023-10-19 00:00:00,4,120,199
evt_9072704,sub_766478,cust_479353,subscription_started,2024-09-29 00:00:00,3,79,79
evt_8897261,sub_517589,cust_227324,subscription_started,2023-01-30 00:00:00,4,199,199
evt_7399154,sub_517589,cust_227324,subscription_churned,2023-10-04 00:00:00,4,-199,0
evt_6037049,sub_187275,cust_982277,subscription_started,2023-04-27 00:00:00,4,199,199
evt_3292713,sub_187275,cust_982277,subscription_downgraded,2024-03-14 00:00:00,3,-120,79
evt_9400348,sub_187275,cust_982277,subscription_churned,2024-07-26 00:00:00,3,-79,0
evt_7976304,sub_492437,cust_975271,subscription_started,2024-05-09 00:00:00,2,29,29
evt_3088386,sub_528644,cust_173201,subscription_started,2023-10-10 00:00:00,2,29,29
evt_5066006,sub_544638,cust_791998,subscription_started,2024-05-16 00:00:00,2,29,29
evt_7063525,sub_544638,cust_791998,subscription_churned,2024-08-10 00:00:00,2,-29,0
evt_3481086,sub_809283,cust_297816,subscription_started,2023-09-02 00:00:00,3,79,79
evt_2548634,sub_809283,cust_297816,subscription_churned,2024-01-26 00:00:00,3,-79,0
evt_2348021,sub_503017,cust_504832,subscription_started,2024-11-10 00:00:00,4,199,199
evt_6070402,sub_970055,cust_561694,subscription_started,2023-04-13 00:00:00,4,199,199
evt_6777952,sub_970055,cust_561694,subscription_downgraded,2024-01-13 00:00:00,3,-120,79
evt_2171745,sub_970055,cust_561694,subscription_churned,2024-10-20 00:00:00,3,-79,0
evt_5837546,sub_538136,cust_377896,subscription_started,2023-12-13 00:00:00,4,199,199
evt_7858398,sub_371950,cust_853629,subscription_started,2024-05-14 00:00:00,1,0,0
evt_2437925,sub_371950,cust_853629,subscription_churned,2024-10-26 00:00:00,1,0,0
evt_1497723,sub_390206,cust_203225,subscription_started,2024-10-10 00:00:00,4,199,199
evt_1121243,sub_109968,cust_475876,subscription_started,2024-01-19 00:00:00,2,29,29
evt_9763319,sub_109968,cust_475876,subscription_upgraded,2024-02-18 00:00:00,3,50,79
evt_7349097,sub_478756,cust_501126,subscription_started,2024-09-26 00:00:00,3,79,79
evt_8665833,sub_945435,cust_943718,subscription_started,2024-04-21 00:00:00,3,79,79
evt_3061828,sub_945435,cust_943718,subscription_churned,2024-08-17 00:00:00,3,-79,0
evt_5169769,sub_393042,cust_362246,subscription_started,2024-04-12 00:00:00,2,29,29
evt_6405343,sub_393042,cust_362246,subscription_churned,2024-11-04 00:00:00,2,-29,0
evt_6461406,sub_147976,cust_833247,subscription_started,2023-10-30 00:00:00,4,199,199
evt_9466397,sub_645316,cust_881369,subscription_started,2024-05-23 00:00:00,3,79,79
evt_2461125,sub_645316,cust_881369,subscription_upgraded,2024-06-21 00:00:00,4,120,199
evt_8487448,sub_645316,cust_881369,subscription_downgraded,2024-11-15 00:00:00,3,-120,79
evt_2500416,sub_355177,cust_855948,subscription_started,2024-11-06 00:00:00,4,199,199
evt_6477774,sub_268018,cust_482584,subscription_started,2023-05-15 00:00:00,3,79,79
evt_6583476,sub_268018,cust_482584,subscription_upgraded,2024-04-18 00:00:00,4,120,199
evt_5346875,sub_947718,cust_626169,subscription_started,2023-10-07 00:00:00,1,0,0
evt_4156740,sub_947718,cust_626169,subscription_upgraded,2023-12-24 00:00:00,2,29,29
evt_3119085,sub_936258,cust_591081,subscription_started,2023-03-19 00:00:00,2,29,29
evt_1154157,sub_936258,cust_591081,subscription_upgraded,2023-05-11 00:00:00,3,50,79
evt_6589238,sub_161669,cust_114594,subscription_started,2023-09-28 00:00:00,2,29,29
evt_7560950,sub_465226,cust_213609,subscription_started,2024-11-22 00:00:00,2,29,29
evt_4273103,sub_396080,cust_586819,subscription_started,2023-11-06 00:00:00,3,79,79
evt_6426063,sub_396080,cust_586819,subscription_upgraded,2024-01-20 00:00:00,4,120,199
evt_7077140,sub_871037,cust_242254,subscription_started,2024-02-02 00:00:00,2,29,29
evt_1880336,sub_871037,cust_242254,subscription_downgraded,2024-12-26 00:00:00,1,-29,0
evt_8278315,sub_640472,cust_535037,subscription_started,2024-11-01 00:00:00,3,79,79
evt_5040883,sub_356902,cust_997004,subscription_started,2024-01-07 00:00:00,4,199,199
evt_2956687,sub_485166,cust_228093,subscription_started,2024-04-10 00:00:00,2,29,29
evt_9552160,sub_485166,cust_228093,subscription_upgraded,2024-05-15 00:00:00,3,50,79
evt_9044647,sub_485166,cust_228093,subscription_churned,2024-07-07 00:00:00,3,-79,0
evt_4038296,sub_881565,cust_692002,subscription_started,2023-07-30 00:00:00,3,79,79
evt_2065324,sub_881565,cust_692002,subscription_upgraded,2024-02-10 00:00:00,4,120,199
evt_3081873,sub_881565,cust_692002,subscription_downgraded,2024-07-21 00:00:00,3,-120,79
evt_8503322,sub_881565,cust_692002,subscription_churned,2024-12-07 00:00:00,3,-79,0
evt_4459963,sub_229022,cust_724932,subscription_started,2023-01-03 00:00:00,4,199,199
evt_5307726,sub_229022,cust_724932,subscription_downgraded,2023-02-17 00:00:00,3,-120,79
evt_3092406,sub_229022,cust_724932,subscription_upgraded,2023-03-18 00:00:00,4,120,199
evt_9228265,sub_229022,cust_724932,subscription_downgraded,2024-02-14 00:00:00,3,-120,79
evt_4610673,sub_248548,cust_115582,subscription_started,2024-01-02 00:00:00,2,29,29
evt_8080237,sub_248548,cust_115582,subscription_upgraded,2024-06-04 00:00:00,3,50,79
evt_4418574,sub_828252,cust_599380,subscription_started,2024-04-04 00:00:00,3,79,79
evt_8275056,sub_961476,cust_790909,subscription_started,2024-06-17 00:00:00,3,79,79
evt_5152322,sub_961476,cust_790909,subscription_churned,2024-08-29 00:00:00,3,-79,0
evt_2845328,sub_657286,cust_790909,subscription_reactivated,2024-10-29 00:00:00,2,29,29
evt_2492738,sub_169163,cust_565108,subscription_started,2023-03-17 00:00:00,1,0,0
evt_4787716,sub_169163,cust_565108,subscription_upgraded,2023-07-25 00:00:00,2,29,29
evt_7327627,sub_169163,cust_565108,subscription_churned,2023-09-23 00:00:00,2,-29,0
evt_2761653,sub_333020,cust_726410,subscription_started,2024-06-27 00:00:00,3,79,79
evt_6143048,sub_333020,cust_726410,subscription_downgraded,2024-08-06 00:00:00,2,-50,29
evt_6853574,sub_333020,cust_726410,subscription_upgraded,2024-11-01 00:00:00,3,50,79
evt_2662054,sub_678333,cust_855855,subscription_started,2023-08-09 00:00:00,3,79,79
evt_7535788,sub_678333,cust_855855,subscription_downgraded,2023-09-09 00:00:00,2,-50,29
evt_5485722,sub_678333,cust_855855,subscription_upgraded,2024-07-01 00:00:00,3,50,79
evt_8364526,sub_841119,cust_427704,subscription_started,2024-11-12 00:00:00,2,29,29
evt_5812035,sub_937255,cust_874683,subscription_started,2024-01-17 00:00:00,2,29,29
evt_1963205,sub_937255,cust_874683,subscription_downgraded,2024-12-15 00:00:00,1,-29,0
evt_9268659,sub_879521,cust_886730,subscription_started,2024-03-09 00:00:00,2,29,29
evt_8129962,sub_971783,cust_335137,subscription_started,2023-04-21 00:00:00,3,79,79
evt_1037485,sub_407804,cust_958182,subscription_started,2024-09-28 00:00:00,4,199,199
evt_1594402,sub_774206,cust_899444,subscription_started,2023-11-13 00:00:00,2,29,29
evt_1098836,sub_774206,cust_899444,subscription_churned,2024-05-02 00:00:00,2,-29,0
evt_2797914,sub_444511,cust_132146,subscription_started,2023-04-04 00:00:00,3,79,79
evt_9255164,sub_444511,cust_132146,subscription_upgraded,2023-07-12 00:00:00,4,120,199
evt_9628834,sub_444511,cust_132146,subscription_downgraded,2023-08-31 00:00:00,3,-120,79
evt_5196564,sub_444511,cust_132146,subscription_churned,2024-01-09 00:00:00,3,-79,0
evt_7115223,sub_514563,cust_695164,subscription_started,2024-09-02 00:00:00,3,79,79
evt_8371182,sub_213974,cust_609253,subscription_started,2024-09-13 00:00:00,2,29,29
evt_8280643,sub_213974,cust_609253,subscription_upgraded,2024-10-28 00:00:00,3,50,79
evt_1675388,sub_216041,cust_610271,subscription_started,2024-06-23 00:00:00,3,79,79
evt_2993004,sub_797557,cust_901280,subscription_started,2023-09-19 00:00:00,2,29,29
evt_2809919,sub_797557,cust_901280,subscription_upgraded,2024-09-10 00:00:00,3,50,79
evt_6773384,sub_797557,cust_901280,subscription_upgraded,2024-10-07 00:00:00,4,120,199
evt_4967894,sub_114311,cust_685864,subscription_started,2024-11-15 00:00:00,1,0,0
evt_1134702,sub_550536,cust_701253,subscription_started,2024-02-19 00:00:00,4,199,199
evt_5149917,sub_376331,cust_972442,subscription_started,2024-01-06 00:00:00,2,29,29
evt_8152177,sub_301512,cust_456005,subscription_started,2023-08-15 00:00:00,3,79,79
evt_6889214,sub_481237,cust_862712,subscription_started,2024-10-22 00:00:00,1,0,0
evt_1797863,sub_358965,cust_758452,subscription_started,2024-05-20 00:00:00,3,79,79
evt_1874606,sub_358965,cust_758452,subscription_churned,2024-07-07 00:00:00,3,-79,0
evt_8919821,sub_437263,cust_757685,subscription_started,2023-11-20 00:00:00,2,29,29
evt_1229203,sub_437263,cust_757685,subscription_upgraded,2024-08-10 00:00:00,3,50,79
evt_4523774,sub_349825,cust_425486,subscription_started,2024-04-17 00:00:00,1,0,0
evt_2784517,sub_349825,cust_425486,subscription_churned,2024-06-30 00:00:00,1,0,0
evt_4194945,sub_143032,cust_425486,subscription_reactivated,2024-08-29 00:00:00,1,0,0
evt_6752873,sub_143032,cust_425486,subscription_churned,2024-11-23 00:00:00,1,0,0
evt_4388982,sub_597233,cust_708519,subscription_started,2024-07-21 00:00:00,4,199,199
evt_4216305,sub_597233,cust_708519,subscription_downgraded,2024-09-03 00:00:00,3,-120,79
evt_6827390,sub_896241,cust_164879,subscription_started,2024-04-06 00:00:00,3,79,79
evt_3163157,sub_728258,cust_560767,subscription_started,2024-06-20 00:00:00,4,199,199
evt_2019943,sub_728258,cust_560767,subscription_downgraded,2024-08-21 00:00:00,3,-120,79
evt_9544273,sub_178628,cust_761532,subscription_started,2024-10-24 00:00:00,1,0,0
evt_7725129,sub_689822,cust_731977,subscription_started,2023-06-03 00:00:00,1,0,0
evt_4654207,sub_689822,cust_731977,subscription_upgraded,2023-08-26 00:00:00,2,29,29
evt_5177662,sub_929026,cust_843266,subscription_started,2023-03-28 00:00:00,3,79,79
evt_1262370,sub_929026,cust_843266,subscription_downgraded,2024-08-25 00:00:00,2,-50,29
evt_4458774,sub_756649,cust_818709,subscription_started,2024-06-23 00:00:00,2,29,29
evt_8279693,sub_263201,cust_903373,subscription_started,2024-05-12 00:00:00,1,0,0
evt_9036402,sub_263201,cust_903373,subscription_upgraded,2024-07-23 00:00:00,2,29,29
evt_3954644,sub_263201,cust_903373,subscription_downgraded,2024-11-19 00:00:00,1,-29,0
evt_4026721,sub_697329,cust_652108,subscription_started,2023-02-08 00:00:00,3,79,79
evt_3733321,sub_697329,cust_652108,subscription_churned,2023-04-10 00:00:00,3,-79,0
evt_4151566,sub_957210,cust_755087,subscription_started,2023-06-19 00:00:00,3,79,79
evt_8153721,sub_957210,cust_755087,subscription_downgraded,2023-07-22 00:00:00,2,-50,29
evt_9837877,sub_957210,cust_755087,subscription_upgraded,2023-12-01 00:00:00,3,50,79
evt_2402500,sub_957210,cust_755087,subscription_upgraded,2024-06-28 00:00:00,4,120,199
evt_1226440,sub_957210,cust_755087,subscription_downgraded,2024-08-26 00:00:00,3,-120,79
evt_4394393,sub_994141,cust_570735,subscription_started,2023-08-28 00:00:00,3,79,79
evt_1747019,sub_994141,cust_570735,subscription_churned,2024-07-23 00:00:00,3,-79,0
evt_9582257,sub_207548,cust_570735,subscription_reactivated,2024-11-05 00:00:00,2,29,29
evt_4763343,sub_248724,cust_561999,subscription_started,2024-04-17 00:00:00,3,79,79
evt_5812480,sub_248724,cust_561999,subscription_downgraded,2024-07-28 00:00:00,2,-50,29
evt_2847769,sub_615711,cust_772324,subscription_started,2024-05-07 00:00:00,3,79,79
evt_5728058,sub_615711,cust_772324,subscription_upgraded,2024-06-29 00:00:00,4,120,199
evt_6598972,sub_615711,cust_772324,subscription_downgraded,2024-09-07 00:00:00,3,-120,79
evt_6617751,sub_286717,cust_571145,subscription_started,2024-06-09 00:00:00,3,79,79
evt_5548190,sub_465308,cust_515712,subscription_started,2024-05-29 00:00:00,2,29,29
evt_6373004,sub_915565,cust_929822,subscription_started,2023-05-30 00:00:00,1,0,0
evt_6419936,sub_915565,cust_929822,subscription_upgraded,2024-01-13 00:00:00,2,29,29
evt_7459520,sub_915565,cust_929822,subscription_downgraded,2024-02-23 00:00:00,1,-29,0
evt_5125653,sub_915565,cust_929822,subscription_upgraded,2024-12-12 00:00:00,2,29,29
evt_9955185,sub_538996,cust_183074,subscription_started,2023-01-20 00:00:00,2,29,29
evt_6861079,sub_538996,cust_183074,subscription_churned,2024-07-03 00:00:00,2,-29,0
evt_3337892,sub_990586,cust_227767,subscription_started,2023-02-18 00:00:00,2,29,29
evt_3311922,sub_990586,cust_227767,subscription_churned,2023-08-30 00:00:00,2,-29,0
evt_1442027,sub_495796,cust_227767,subscription_reactivated,2023-11-04 00:00:00,1,0,0
evt_7127781,sub_495796,cust_227767,subscription_churned,2024-05-18 00:00:00,1,0,0
evt_1209341,sub_180808,cust_227767,subscription_reactivated,2024-08-18 00:00:00,1,0,0
evt_6024905,sub_884447,cust_702980,subscription_started,2023-09-05 00:00:00,2,29,29
evt_1538869,sub_884447,cust_702980,subscription_churned,2024-04-15 00:00:00,2,-29,0
evt_1182327,sub_282012,cust_648913,subscription_started,2024-01-05 00:00:00,4,199,199
evt_9749335,sub_385031,cust_766549,subscription_started,2024-02-01 00:00:00,2,29,29
evt_7796448,sub_600607,cust_710169,subscription_started,2023-12-07 00:00:00,1,0,0
evt_7232368,sub_600607,cust_710169,subscription_upgraded,2024-02-18 00:00:00,2,29,29
evt_2818665,sub_600607,cust_710169,subscription_downgraded,2024-05-07 00:00:00,1,-29,0
evt_6628280,sub_600607,cust_710169,subscription_churned,2024-06-14 00:00:00,1,0,0
evt_2786178,sub_270666,cust_710169,subscription_reactivated,2024-09-24 00:00:00,1,0,0
evt_1543024,sub_296863,cust_291132,subscription_started,2023-05-19 00:00:00,2,29,29
evt_6277781,sub_296863,cust_291132,subscription_churned,2023-11-06 00:00:00,2,-29,0
evt_6983579,sub_108890,cust_291132,subscription_reactivated,2024-02-23 00:00:00,1,0,0
evt_3519714,sub_205909,cust_425138,subscription_started,2024-06-11 00:00:00,4,199,199
evt_4885101,sub_756359,cust_150126,subscription_started,2024-11-02 00:00:00,2,29,29
evt_9415785,sub_906172,cust_295892,subscription_started,2024-05-23 00:00:00,3,79,79
evt_7503423,sub_141956,cust_962287,subscription_started,2023-07-04 00:00:00,3,79,79
evt_1250681,sub_141956,cust_962287,subscription_upgraded,2023-12-28 00:00:00,4,120,199
evt_5699588,sub_141956,cust_962287,subscription_downgraded,2024-10-11 00:00:00,3,-120,79
evt_8729953,sub_287890,cust_823270,subscription_started,2024-03-30 00:00:00,2,29,29
evt_5808770,sub_141515,cust_160144,subscription_started,2023-03-18 00:00:00,4,199,199
evt_8755747,sub_333886,cust_919264,subscription_started,2024-03-24 00:00:00,1,0,0
evt_4024485,sub_333886,cust_919264,subscription_upgraded,2024-10-14 00:00:00,2,29,29
evt_7736395,sub_905533,cust_571778,subscription_started,2024-01-15 00:00:00,2,29,29
evt_6744913,sub_905533,cust_571778,subscription_churned,2024-03-22 00:00:00,2,-29,0
evt_8989636,sub_609917,cust_218959,subscription_started,2023-01-27 00:00:00,2,29,29
evt_4581434,sub_609917,cust_218959,subscription_upgraded,2023-06-29 00:00:00,3,50,79
evt_7064842,sub_609917,cust_218959,subscription_churned,2023-11-14 00:00:00,3,-79,0
evt_4548261,sub_596405,cust_741599,subscription_started,2023-10-20 00:00:00,4,199,199
evt_2161974,sub_596405,cust_741599,subscription_downgraded,2024-03-21 00:00:00,3,-120,79
evt_2550906,sub_293020,cust_192055,subscription_started,2024-11-29 00:00:00,3,79,79
evt_5981239,sub_458633,cust_768676,subscription_started,2023-06-28 00:00:00,3,79,79
evt_3426274,sub_458633,cust_768676,subscription_upgraded,2024-07-05 00:00:00,4,120,199
evt_8695022,sub_458633,cust_768676,subscription_churned,2024-11-13 00:00:00,4,-199,0
evt_2906007,sub_623706,cust_486831,subscription_started,2024-04-23 00:00:00,2,29,29
evt_4148361,sub_623706,cust_486831,subscription_churned,2024-10-20 00:00:00,2,-29,0
evt_7334348,sub_672612,cust_529322,subscription_started,2024-08-11 00:00:00,1,0,0
evt_6150025,sub_116977,cust_918164,subscription_started,2024-07-18 00:00:00,3,79,79
evt_6909123,sub_534166,cust_269834,subscription_started,2023-11-27 00:00:00,3,79,79
evt_3949666,sub_534166,cust_269834,subscription_upgraded,2024-04-21 00:00:00,4,120,199
evt_2664720,sub_764909,cust_387782,subscription_started,2023-05-09 00:00:00,3,79,79
evt_1275590,sub_764909,cust_387782,subscription_upgraded,2023-07-22 00:00:00,4,120,199
evt_2672723,sub_764909,cust_387782,subscription_downgraded,2023-10-07 00:00:00,3,-120,79
evt_7927895,sub_932308,cust_855638,subscription_started,2024-09-11 00:00:00,3,79,79
evt_7285479,sub_932308,cust_855638,subscription_churned,2024-11-25 00:00:00,3,-79,0
evt_5437558,sub_632216,cust_377511,subscription_started,2024-10-28 00:00:00,2,29,29
evt_7957788,sub_979214,cust_606404,subscription_started,2023-09-08 00:00:00,3,79,79
evt_7955106,sub_979214,cust_606404,subscription_churned,2023-11-02 00:00:00,3,-79,0
evt_7281485,sub_260825,cust_606404,subscription_reactivated,2023-12-08 00:00:00,2,29,29
evt_7550021,sub_260825,cust_606404,subscription_upgraded,2024-12-16 00:00:00,3,50,79
evt_9678469,sub_522700,cust_736129,subscription_started,2023-05-28 00:00:00,4,199,199
evt_1430171,sub_522700,cust_736129,subscription_downgraded,2024-05-14 00:00:00,3,-120,79
evt_3567729,sub_522700,cust_736129,subscription_churned,2024-08-02 00:00:00,3,-79,0
evt_1424293,sub_182598,cust_211341,subscription_started,2023-11-23 00:00:00,2,29,29
evt_4720435,sub_182598,cust_211341,subscription_downgraded,2024-03-13 00:00:00,1,-29,0
evt_3058301,sub_216320,cust_538446,subscription_started,2023-09-12 00:00:00,3,79,79
evt_5395541,sub_216320,cust_538446,subscription_downgraded,2023-10-20 00:00:00,2,-50,29
evt_9292055,sub_216320,cust_538446,subscription_upgraded,2023-12-07 00:00:00,3,50,79
evt_2280314,sub_216320,cust_538446,subscription_upgraded,2024-09-18 00:00:00,4,120,199
evt_8564486,sub_428817,cust_423528,subscription_started,2024-05-24 00:00:00,1,0,0
evt_6751404,sub_428817,cust_423528,subscription_upgraded,2024-09-01 00:00:00,2,29,29
evt_5269818,sub_428817,cust_423528,subscription_upgraded,2024-12-04 00:00:00,3,50,79
evt_9991819,sub_302212,cust_618934,subscription_started,2024-09-03 00:00:00,4,199,199
evt_1494887,sub_220364,cust_900961,subscription_started,2024-02-17 00:00:00,1,0,0
evt_2399937,sub_220364,cust_900961,subscription_upgraded,2024-04-23 00:00:00,2,29,29
evt_2542997,sub_220364,cust_900961,subscription_downgraded,2024-08-28 00:00:00,1,-29,0
evt_9318172,sub_589730,cust_901535,subscription_started,2024-07-17 00:00:00,3,79,79
evt_5715786,sub_281361,cust_684929,subscription_started,2024-01-10 00:00:00,1,0,0
evt_6227531,sub_281361,cust_684929,subscription_upgraded,2024-03-25 00:00:00,2,29,29
evt_4350758,sub_736795,cust_644559,subscription_started,2024-04-12 00:00:00,2,29,29
evt_4018292,sub_517654,cust_983532,subscription_started,2023-11-03 00:00:00,3,79,79
evt_6345038,sub_517654,cust_983532,subscription_upgraded,2024-08-14 00:00:00,4,120,199
evt_7469141,sub_343949,cust_447329,subscription_started,2024-11-20 00:00:00,4,199,199
evt_4648430,sub_731035,cust_787436,subscription_started,2024-08-15 00:00:00,3,79,79
evt_6331518,sub_815267,cust_254954,subscription_started,2024-11-28 00:00:00,1,0,0
evt_9286841,sub_307775,cust_313795,subscription_started,2024-02-25 00:00:00,4,199,199
evt_5603927,sub_307775,cust_313795,subscription_downgraded,2024-05-23 00:00:00,3,-120,79
evt_8596473,sub_307775,cust_313795,subscription_upgraded,2024-08-09 00:00:00,4,120,199
evt_1077963,sub_398882,cust_688132,subscription_started,2023-11-29 00:00:00,3,79,79
evt_9950091,sub_398882,cust_688132,subscription_churned,2024-05-07 00:00:00,3,-79,0
evt_1273003,sub_141020,cust_855944,subscription_started,2024-11-28 00:00:00,4,199,199
evt_7963867,sub_592718,cust_412071,subscription_started,2023-10-23 00:00:00,3,79,79
evt_1802525,sub_592718,cust_412071,subscription_churned,2024-11-15 00:00:00,3,-79,0
evt_6416675,sub_245473,cust_809489,subscription_started,2024-07-10 00:00:00,4,199,199
evt_1082902,sub_955792,cust_182868,subscription_started,2023-12-21 00:00:00,3,79,79
evt_6105140,sub_955792,cust_182868,subscription_upgraded,2024-02-20 00:00:00,4,120,199
evt_6357513,sub_955792,cust_182868,subscription_downgraded,2024-10-13 00:00:00,3,-120,79
evt_3053083,sub_767841,cust_243941,subscription_started,2023-04-22 00:00:00,4,199,199
evt_6711805,sub_297045,cust_533377,subscription_started,2023-12-05 00:00:00,3,79,79
evt_9614497,sub_574409,cust_598807,subscription_started,2024-05-03 00:00:00,2,29,29
evt_8098339,sub_574409,cust_598807,subscription_churned,2024-08-10 00:00:00,2,-29,0
evt_2712355,sub_422066,cust_874568,subscription_started,2023-02-08 00:00:00,2,29,29
evt_8731726,sub_422066,cust_874568,subscription_churned,2023-06-24 00:00:00,2,-29,0
evt_9906779,sub_129974,cust_403528,subscription_started,2023-02-08 00:00:00,1,0,0
evt_9425356,sub_129974,cust_403528,subscription_upgraded,2023-09-05 00:00:00,2,29,29
evt_7417663,sub_129974,cust_403528,subscription_upgraded,2024-03-06 00:00:00,3,50,79
evt_4178437,sub_129974,cust_403528,subscription_downgraded,2024-05-24 00:00:00,2,-50,29
evt_5629265,sub_129974,cust_403528,subscription_upgraded,2024-08-08 00:00:00,3,50,79
evt_1891503,sub_216478,cust_617904,subscription_started,2023-05-18 00:00:00,3,79,79
evt_2695035,sub_216478,cust_617904,subscription_upgraded,2023-08-10 00:00:00,4,120,199
evt_5003370,sub_874992,cust_114768,subscription_started,2023-12-12 00:00:00,3,79,79
evt_6572641,sub_874992,cust_114768,subscription_downgraded,2024-02-29 00:00:00,2,-50,29
evt_1213654,sub_874992,cust_114768,subscription_downgraded,2024-05-22 00:00:00,1,-29,0
evt_8949550,sub_722859,cust_190951,subscription_started,2024-02-15 00:00:00,2,29,29
evt_3459253,sub_722859,cust_190951,subscription_downgraded,2024-11-03 00:00:00,1,-29,0
evt_6631731,sub_722859,cust_190951,subscription_upgraded,2024-12-10 00:00:00,2,29,29
evt_5317440,sub_614496,cust_890371,subscription_started,2023-10-01 00:00:00,2,29,29
evt_6916088,sub_614496,cust_890371,subscription_churned,2024-03-19 00:00:00,2,-29,0
evt_9126125,sub_449950,cust_588002,subscription_started,2023-11-11 00:00:00,2,29,29
evt_7884009,sub_449950,cust_588002,subscription_upgraded,2024-01-16 00:00:00,3,50,79
evt_8537488,sub_757343,cust_409369,subscription_started,2024-01-12 00:00:00,3,79,79
evt_6821657,sub_554515,cust_593699,subscription_started,2024-07-04 00:00:00,4,199,199
evt_1139836,sub_554515,cust_593699,subscription_downgraded,2024-09-03 00:00:00,3,-120,79
evt_9777607,sub_588969,cust_181896,subscription_started,2024-07-31 00:00:00,1,0,0
evt_1261597,sub_167755,cust_563303,subscription_started,2023-04-30 00:00:00,3,79,79
evt_5748242,sub_167755,cust_563303,subscription_churned,2023-07-22 00:00:00,3,-79,0
evt_6130833,sub_229431,cust_578987,subscription_started,2024-07-31 00:00:00,2,29,29
evt_3310537,sub_229431,cust_578987,subscription_churned,2024-09-19 00:00:00,2,-29,0
evt_9422048,sub_397025,cust_706403,subscription_started,2023-03-16 00:00:00,2,29,29
evt_4300538,sub_397025,cust_706403,subscription_upgraded,2023-06-27 00:00:00,3,50,79
evt_4347443,sub_362165,cust_906325,subscription_started,2023-05-19 00:00:00,4,199,199
evt_9834402,sub_362165,cust_906325,subscription_downgraded,2024-05-16 00:00:00,3,-120,79
evt_8827453,sub_591130,cust_493892,subscription_started,2023-03-24 00:00:00,4,199,199
evt_1443289,sub_591130,cust_493892,subscription_churned,2023-09-02 00:00:00,4,-199,0
evt_3358634,sub_541365,cust_654531,subscription_started,2023-05-11 00:00:00,4,199,199
evt_7587730,sub_541365,cust_654531,subscription_downgraded,2023-12-12 00:00:00,3,-120,79
evt_2795982,sub_541365,cust_654531,subscription_upgraded,2024-06-13 00:00:00,4,120,199
evt_9570152,sub_876442,cust_657772,subscription_started,2024-01-24 00:00:00,1,0,0
evt_3596701,sub_876442,cust_657772,subscription_upgraded,2024-07-04 00:00:00,2,29,29
evt_1000599,sub_876442,cust_657772,subscription_upgraded,2024-11-19 00:00:00,3,50,79
evt_9721175,sub_733120,cust_744793,subscription_started,2023-01-17 00:00:00,1,0,0
evt_4361332,sub_733120,cust_744793,subscription_upgraded,2024-08-07 00:00:00,2,29,29
evt_9270565,sub_799961,cust_146385,subscription_started,2024-02-16 00:00:00,2,29,29
evt_5755035,sub_799961,cust_146385,subscription_upgraded,2024-11-06 00:00:00,3,50,79
evt_1184878,sub_225961,cust_867051,subscription_started,2024-08-12 00:00:00,3,79,79
evt_8457126,sub_225961,cust_867051,subscription_churned,2024-10-14 00:00:00,3,-79,0
evt_8689839,sub_246070,cust_533649,subscription_started,2023-11-04 00:00:00,1,0,0
evt_3656077,sub_246070,cust_533649,subscription_churned,2024-01-03 00:00:00,1,0,0
evt_4536303,sub_997412,cust_149161,subscription_started,2023-12-19 00:00:00,4,199,199
evt_9115888,sub_513064,cust_664058,subscription_started,2024-04-29 00:00:00,3,79,79
evt_6840068,sub_235708,cust_684357,subscription_started,2024-06-26 00:00:00,2,29,29
evt_1495294,sub_235708,cust_684357,subscription_churned,2024-09-10 00:00:00,2,-29,0
evt_2782083,sub_266911,cust_299734,subscription_started,2023-02-22 00:00:00,2,29,29
evt_3919201,sub_266911,cust_299734,subscription_upgraded,2023-12-01 00:00:00,3,50,79
evt_2222751,sub_266911,cust_299734,subscription_churned,2024-07-11 00:00:00,3,-79,0
evt_1494247,sub_492505,cust_602681,subscription_started,2023-08-02 00:00:00,2,29,29
evt_1406730,sub_492505,cust_602681,subscription_upgraded,2024-09-26 00:00:00,3,50,79
evt_2207374,sub_912002,cust_354377,subscription_started,2024-09-10 00:00:00,3,79,79
evt_8947918,sub_299372,cust_423404,subscription_started,2023-09-25 00:00:00,3,79,79
evt_9677962,sub_299372,cust_423404,subscription_upgraded,2024-08-10 00:00:00,4,120,199
evt_9367003,sub_299372,cust_423404,subscription_downgraded,2024-10-12 00:00:00,3,-120,79
evt_6551912,sub_299372,cust_423404,subscription_churned,2024-12-05 00:00:00,3,-79,0
evt_7004652,sub_968376,cust_312994,subscription_started,2024-01-15 00:00:00,2,29,29
evt_6671458,sub_784963,cust_854987,subscription_started,2024-03-03 00:00:00,2,29,29
evt_6529924,sub_784963,cust_854987,subscription_upgraded,2024-08-27 00:00:00,3,50,79
evt_2352134,sub_536459,cust_453961,subscription_started,2023-09-21 00:00:00,4,199,199
evt_9516186,sub_536459,cust_453961,subscription_churned,2024-03-22 00:00:00,4,-199,0
evt_6090515,sub_467271,cust_612036,subscription_started,2023-07-08 00:00:00,4,199,199
evt_1928728,sub_467271,cust_612036,subscription_churned,2023-08-31 00:00:00,4,-199,0
evt_7365080,sub_660134,cust_612036,subscription_reactivated,2023-11-19 00:00:00,3,79,79
evt_2979586,sub_660134,cust_612036,subscription_upgraded,2024-07-29 00:00:00,4,120,199
evt_1168605,sub_349739,cust_244170,subscription_started,2024-10-07 00:00:00,1,0,0
evt_1954349,sub_854793,cust_746467,subscription_started,2024-05-09 00:00:00,3,79,79
evt_8357746,sub_854793,cust_746467,subscription_upgraded,2024-06-12 00:00:00,4,120,199
evt_3053134,sub_735566,cust_400614,subscription_started,2023-01-18 00:00:00,4,199,199
evt_4453773,sub_735566,cust_400614,subscription_downgraded,2023-02-21 00:00:00,3,-120,79
evt_6815577,sub_735566,cust_400614,subscription_upgraded,2024-08-14 00:00:00,4,120,199
evt_3300684,sub_393374,cust_352674,subscription_started,2023-07-16 00:00:00,3,79,79
evt_3381714,sub_393374,cust_352674,subscription_upgraded,2023-10-29 00:00:00,4,120,199
evt_7441381,sub_393374,cust_352674,subscription_downgraded,2024-10-21 00:00:00,3,-120,79
evt_7453578,sub_119764,cust_355021,subscription_started,2023-08-20 00:00:00,3,79,79
evt_4451578,sub_119764,cust_355021,subscription_churned,2023-11-09 00:00:00,3,-79,0
evt_1876771,sub_791982,cust_679549,subscription_started,2024-05-02 00:00:00,2,29,29
evt_6835191,sub_791982,cust_679549,subscription_churned,2024-07-05 00:00:00,2,-29,0
evt_6640806,sub_738309,cust_999636,subscription_started,2023-04-08 00:00:00,4,199,199
evt_7397002,sub_738309,cust_999636,subscription_downgraded,2024-10-26 00:00:00,3,-120,79
evt_4996784,sub_881853,cust_817675,subscription_started,2023-10-15 00:00:00,3,79,79
evt_5193173,sub_881853,cust_817675,subscription_upgraded,2024-03-24 00:00:00,4,120,199
evt_5601485,sub_881853,cust_817675,subscription_churned,2024-08-08 00:00:00,4,-199,0
evt_1207016,sub_791252,cust_847332,subscription_started,2024-02-12 00:00:00,1,0,0
evt_7018384,sub_791252,cust_847332,subscription_churned,2024-11-02 00:00:00,1,0,0
evt_7855353,sub_985339,cust_892313,subscription_started,2023-05-24 00:00:00,4,199,199
evt_3927545,sub_985339,cust_892313,subscription_downgraded,2024-05-19 00:00:00,3,-120,79
evt_4824407,sub_143993,cust_906360,subscription_started,2024-09-20 00:00:00,3,79,79
evt_6927978,sub_811341,cust_493663,subscription_started,2024-03-18 00:00:00,2,29,29
evt_9505007,sub_811341,cust_493663,subscription_upgraded,2024-06-25 00:00:00,3,50,79
evt_2299399,sub_811341,cust_493663,subscription_upgraded,2024-09-14 00:00:00,4,120,199
evt_7978813,sub_969414,cust_261712,subscription_started,2024-01-25 00:00:00,4,199,199
evt_6478441,sub_969414,cust_261712,subscription_downgraded,2024-04-29 00:00:00,3,-120,79
evt_7179080,sub_752126,cust_477400,subscription_started,2023-10-04 00:00:00,1,0,0
evt_4548039,sub_752126,cust_477400,subscription_upgraded,2024-01-14 00:00:00,2,29,29
evt_2316088,sub_499601,cust_681141,subscription_started,2023-04-06 00:00:00,3,79,79
evt_7877413,sub_826739,cust_686716,subscription_started,2023-09-06 00:00:00,3,79,79
evt_9483289,sub_826739,cust_686716,subscription_upgraded,2023-11-16 00:00:00,4,120,199
evt_3317607,sub_806850,cust_555791,subscription_started,2023-10-10 00:00:00,2,29,29
evt_8023372,sub_116265,cust_305047,subscription_started,2024-04-13 00:00:00,1,0,0
evt_2224983,sub_125093,cust_450996,subscription_started,2024-03-16 00:00:00,4,199,199
evt_5050605,sub_125093,cust_450996,subscription_downgraded,2024-09-17 00:00:00,3,-120,79
evt_6647890,sub_125093,cust_450996,subscription_downgraded,2024-11-18 00:00:00,2,-50,29
evt_6955200,sub_177335,cust_517584,subscription_started,2023-11-23 00:00:00,3,79,79
evt_1130589,sub_187859,cust_482746,subscription_started,2023-04-27 00:00:00,2,29,29
evt_5685869,sub_187859,cust_482746,subscription_downgraded,2023-12-19 00:00:00,1,-29,0
evt_4534635,sub_250152,cust_842776,subscription_started,2023-08-03 00:00:00,3,79,79
evt_5777999,sub_250152,cust_842776,subscription_upgraded,2023-12-26 00:00:00,4,120,199
evt_5594415,sub_250152,cust_842776,subscription_downgraded,2024-02-10 00:00:00,3,-120,79
evt_4470251,sub_250152,cust_842776,subscription_downgraded,2024-11-25 00:00:00,2,-50,29
evt_1666811,sub_891533,cust_353777,subscription_started,2023-09-16 00:00:00,2,29,29
evt_1432471,sub_891533,cust_353777,subscription_churned,2023-11-04 00:00:00,2,-29,0
evt_8155525,sub_395528,cust_825309,subscription_started,2024-03-04 00:00:00,1,0,0
evt_3295425,sub_617215,cust_906306,subscription_started,2023-09-12 00:00:00,4,199,199
evt_9745909,sub_140220,cust_447704,subscription_started,2024-03-16 00:00:00,1,0,0
evt_4139098,sub_592951,cust_492292,subscription_started,2024-02-05 00:00:00,3,79,79
evt_2128456,sub_592951,cust_492292,subscription_churned,2024-09-18 00:00:00,3,-79,0
evt_3988274,sub_740907,cust_190025,subscription_started,2023-04-29 00:00:00,2,29,29
evt_5819613,sub_217825,cust_857065,subscription_started,2024-04-08 00:00:00,1,0,0
evt_8796975,sub_217825,cust_857065,subscription_upgraded,2024-11-17 00:00:00,2,29,29
evt_7678830,sub_792702,cust_876459,subscription_started,2023-09-07 00:00:00,2,29,29
evt_5495016,sub_792702,cust_876459,subscription_churned,2024-06-02 00:00:00,2,-29,0
evt_2020109,sub_992325,cust_295440,subscription_started,2024-10-17 00:00:00,3,79,79
evt_8414716,sub_531204,cust_325230,subscription_started,2023-07-30 00:00:00,3,79,79
evt_1334200,sub_531204,cust_325230,subscription_downgraded,2024-09-24 00:00:00,2,-50,29
evt_2064762,sub_469833,cust_219490,subscription_started,2023-09-26 00:00:00,4,199,199
evt_9834133,sub_986552,cust_469082,subscription_started,2024-04-13 00:00:00,2,29,29
evt_5749457,sub_986552,cust_469082,subscription_churned,2024-08-16 00:00:00,2,-29,0
evt_5149152,sub_341177,cust_223586,subscription_started,2023-09-02 00:00:00,2,29,29
evt_7968920,sub_341177,cust_223586,subscription_upgraded,2024-06-04 00:00:00,3,50,79
evt_3547579,sub_341177,cust_223586,subscription_churned,2024-07-01 00:00:00,3,-79,0
evt_7561970,sub_931122,cust_223586,subscription_reactivated,2024-12-28 00:00:00,2,29,29
evt_6237674,sub_971861,cust_294776,subscription_started,2024-05-13 00:00:00,3,79,79
evt_7317976,sub_787919,cust_429861,subscription_started,2024-04-06 00:00:00,2,29,29
evt_7253500,sub_621178,cust_619013,subscription_started,2024-02-23 00:00:00,3,79,79
evt_3839639,sub_621178,cust_619013,subscription_upgraded,2024-12-24 00:00:00,4,120,199
evt_2407420,sub_613604,cust_406278,subscription_started,2023-02-03 00:00:00,2,29,29
evt_9278176,sub_613604,cust_406278,subscription_churned,2023-08-04 00:00:00,2,-29,0
evt_3526849,sub_426584,cust_219754,subscription_started,2023-10-02 00:00:00,4,199,199
evt_2366240,sub_639420,cust_207391,subscription_started,2024-10-31 00:00:00,1,0,0
evt_1228581,sub_493935,cust_951327,subscription_started,2023-08-31 00:00:00,3,79,79
evt_8341730,sub_493935,cust_951327,subscription_downgraded,2023-11-24 00:00:00,2,-50,29
evt_8116596,sub_493935,cust_951327,subscription_churned,2024-01-02 00:00:00,2,-29,0
evt_9173748,sub_756581,cust_922974,subscription_started,2023-07-31 00:00:00,3,79,79
evt_5936253,sub_756581,cust_922974,subscription_upgraded,2024-01-29 00:00:00,4,120,199
evt_9778699,sub_756581,cust_922974,subscription_downgraded,2024-07-24 00:00:00,3,-120,79
evt_6539453,sub_595043,cust_403387,subscription_started,2024-08-09 00:00:00,4,199,199
evt_7984404,sub_595043,cust_403387,subscription_churned,2024-12-14 00:00:00,4,-199,0
evt_1093993,sub_593348,cust_162165,subscription_started,2023-10-11 00:00:00,2,29,29
evt_4792145,sub_593348,cust_162165,subscription_churned,2024-07-11 00:00:00,2,-29,0
evt_5606698,sub_114815,cust_613234,subscription_started,2023-05-26 00:00:00,4,199,199
evt_3557213,sub_114815,cust_613234,subscription_downgraded,2024-04-20 00:00:00,3,-120,79
evt_9763038,sub_114815,cust_613234,subscription_downgraded,2024-09-03 00:00:00,2,-50,29
evt_8942448,sub_946514,cust_828449,subscription_started,2024-01-13 00:00:00,4,199,199
evt_8976962,sub_946514,cust_828449,subscription_downgraded,2024-07-15 00:00:00,3,-120,79
evt_8376757,sub_946514,cust_828449,subscription_downgraded,2024-09-09 00:00:00,2,-50,29
evt_2967908,sub_417255,cust_796405,subscription_started,2024-01-02 00:00:00,2,29,29
evt_8335724,sub_845902,cust_673896,subscription_started,2024-08-14 00:00:00,2,29,29
evt_1424388,sub_783768,cust_581906,subscription_started,2023-01-17 00:00:00,3,79,79
evt_7188568,sub_783768,cust_581906,subscription_upgraded,2024-05-08 00:00:00,4,120,199
evt_1510471,sub_387492,cust_781571,subscription_started,2023-11-06 00:00:00,3,79,79
evt_1483804,sub_387492,cust_781571,subscription_churned,2024-08-23 00:00:00,3,-79,0
evt_3968018,sub_847960,cust_273565,subscription_started,2023-02-23 00:00:00,3,79,79
evt_3003648,sub_847960,cust_273565,subscription_upgraded,2023-04-05 00:00:00,4,120,199
evt_9414204,sub_847960,cust_273565,subscription_downgraded,2024-08-07 00:00:00,3,-120,79
evt_1746727,sub_847960,cust_273565,subscription_downgraded,2024-10-24 00:00:00,2,-50,29
evt_1054096,sub_529131,cust_599968,subscription_started,2023-03-21 00:00:00,2,29,29
evt_8822415,sub_529131,cust_599968,subscription_upgraded,2023-08-01 00:00:00,3,50,79
evt_2519373,sub_529131,cust_599968,subscription_upgraded,2023-11-29 00:00:00,4,120,199
evt_5680229,sub_840204,cust_542828,subscription_started,2023-05-16 00:00:00,1,0,0
evt_3860089,sub_969793,cust_501312,subscription_started,2023-05-17 00:00:00,4,199,199
evt_4535328,sub_969793,cust_501312,subscription_downgraded,2024-08-02 00:00:00,3,-120,79
evt_2934382,sub_969793,cust_501312,subscription_churned,2024-11-26 00:00:00,3,-79,0
evt_3345711,sub_761770,cust_323404,subscription_started,2024-10-05 00:00:00,2,29,29
evt_1567905,sub_691155,cust_229139,subscription_started,2024-08-26 00:00:00,3,79,79
evt_8977497,sub_108281,cust_730193,subscription_started,2024-09-06 00:00:00,4,199,199
evt_4123258,sub_421153,cust_297810,subscription_started,2024-02-06 00:00:00,3,79,79
evt_6668656,sub_858510,cust_722780,subscription_started,2023-03-14 00:00:00,4,199,199
evt_4930952,sub_858510,cust_722780,subscription_downgraded,2023-08-10 00:00:00,3,-120,79
evt_8145319,sub_858510,cust_722780,subscription_upgraded,2023-11-07 00:00:00,4,120,199
evt_6589281,sub_858510,cust_722780,subscription_downgraded,2024-10-07 00:00:00,3,-120,79
evt_6806635,sub_931377,cust_483162,subscription_started,2024-07-13 00:00:00,2,29,29
evt_3474488,sub_931377,cust_483162,subscription_churned,2024-12-26 00:00:00,2,-29,0
evt_2348473,sub_280426,cust_163406,subscription_started,2024-02-12 00:00:00,3,79,79
evt_7279004,sub_280426,cust_163406,subscription_downgraded,2024-07-16 00:00:00,2,-50,29
evt_7611016,sub_280426,cust_163406,subscription_upgraded,2024-10-18 00:00:00,3,50,79
evt_5072535,sub_971730,cust_745972,subscription_started,2023-06-06 00:00:00,1,0,0
evt_3316596,sub_181023,cust_900298,subscription_started,2024-10-27 00:00:00,4,199,199
evt_6065677,sub_297101,cust_221620,subscription_started,2024-04-09 00:00:00,4,199,199
evt_7443567,sub_297101,cust_221620,subscription_downgraded,2024-06-28 00:00:00,3,-120,79
evt_8075570,sub_136518,cust_111901,subscription_started,2023-06-17 00:00:00,4,199,199
evt_8554276,sub_878111,cust_381819,subscription_started,2023-05-01 00:00:00,1,0,0
evt_4000429,sub_878111,cust_381819,subscription_upgraded,2024-01-01 00:00:00,2,29,29
evt_6655862,sub_878111,cust_381819,subscription_upgraded,2024-07-07 00:00:00,3,50,79
evt_8633454,sub_878111,cust_381819,subscription_downgraded,2024-09-03 00:00:00,2,-50,29
evt_5726375,sub_878111,cust_381819,subscription_churned,2024-11-22 00:00:00,2,-29,0
evt_7195765,sub_582607,cust_635593,subscription_started,2024-01-04 00:00:00,2,29,29
evt_6446430,sub_582607,cust_635593,subscription_churned,2024-10-02 00:00:00,2,-29,0
evt_6993567,sub_137345,cust_876764,subscription_started,2024-06-05 00:00:00,1,0,0
evt_6794620,sub_552041,cust_999138,subscription_started,2023-02-06 00:00:00,4,199,199
evt_6479245,sub_552041,cust_999138,subscription_downgraded,2023-09-16 00:00:00,3,-120,79
evt_2696557,sub_552041,cust_999138,subscription_upgraded,2023-11-27 00:00:00,4,120,199
evt_6086875,sub_698626,cust_384434,subscription_started,2023-03-21 00:00:00,3,79,79
evt_4475171,sub_698626,cust_384434,subscription_churned,2024-08-29 00:00:00,3,-79,0
evt_5480410,sub_789137,cust_172274,subscription_started,2024-04-21 00:00:00,3,79,79
evt_4771933,sub_789137,cust_172274,subscription_upgraded,2024-09-17 00:00:00,4,120,199
evt_5829008,sub_789137,cust_172274,subscription_churned,2024-12-06 00:00:00,4,-199,0
evt_8059261,sub_738914,cust_418672,subscription_started,2024-09-29 00:00:00,2,29,29
evt_6714252,sub_684745,cust_357034,subscription_started,2023-06-04 00:00:00,3,79,79
evt_9371405,sub_684745,cust_357034,subscription_downgraded,2023-10-28 00:00:00,2,-50,29
evt_9885075,sub_684745,cust_357034,subscription_upgraded,2024-07-12 00:00:00,3,50,79
evt_3797337,sub_131000,cust_789233,subscription_started,2024-01-21 00:00:00,4,199,199
evt_3071885,sub_663706,cust_249289,subscription_started,2023-10-14 00:00:00,1,0,0
evt_3669548,sub_663706,cust_249289,subscription_upgraded,2024-03-13 00:00:00,2,29,29
evt_6331381,sub_760891,cust_708982,subscription_started,2023-04-08 00:00:00,2,29,29
evt_3980080,sub_760891,cust_708982,subscription_downgraded,2024-05-18 00:00:00,1,-29,0
evt_8014552,sub_501975,cust_405844,subscription_started,2023-09-25 00:00:00,4,199,199
evt_7212534,sub_817606,cust_312559,subscription_started,2023-05-20 00:00:00,2,29,29
evt_4351841,sub_817606,cust_312559,subscription_downgraded,2024-01-25 00:00:00,1,-29,0
evt_2087378,sub_817606,cust_312559,subscription_upgraded,2024-03-31 00:00:00,2,29,29
evt_6557607,sub_772534,cust_317722,subscription_started,2024-04-07 00:00:00,3,79,79
evt_1542282,sub_772534,cust_317722,subscription_churned,2024-06-24 00:00:00,3,-79,0
evt_8888801,sub_526085,cust_142288,subscription_started,2023-08-09 00:00:00,2,29,29
evt_7997602,sub_526085,cust_142288,subscription_churned,2023-10-22 00:00:00,2,-29,0
evt_9961899,sub_850755,cust_282313,subscription_started,2023-02-01 00:00:00,4,199,199
evt_5404004,sub_850755,cust_282313,subscription_downgraded,2024-02-12 00:00:00,3,-120,79
evt_5078015,sub_850755,cust_282313,subscription_downgraded,2024-08-08 00:00:00,2,-50,29
evt_9247292,sub_580501,cust_112537,subscription_started,2023-03-05 00:00:00,1,0,0
evt_5839059,sub_580501,cust_112537,subscription_upgraded,2024-03-28 00:00:00,2,29,29
evt_3156762,sub_805983,cust_952227,subscription_started,2023-03-18 00:00:00,4,199,199
evt_4551099,sub_805983,cust_952227,subscription_churned,2023-09-05 00:00:00,4,-199,0
evt_5352365,sub_255570,cust_447655,subscription_started,2023-05-06 00:00:00,3,79,79
evt_2086368,sub_114923,cust_547389,subscription_started,2023-06-26 00:00:00,2,29,29
evt_9971681,sub_632064,cust_778720,subscription_started,2023-10-30 00:00:00,2,29,29
evt_5458768,sub_632064,cust_778720,subscription_downgraded,2024-09-04 00:00:00,1,-29,0
evt_4187908,sub_632064,cust_778720,subscription_upgraded,2024-11-03 00:00:00,2,29,29
evt_4485165,sub_647941,cust_935922,subscription_started,2024-06-22 00:00:00,2,29,29
evt_8413819,sub_305967,cust_608223,subscription_started,2023-12-19 00:00:00,3,79,79
evt_8654679,sub_915158,cust_394579,subscription_started,2023-03-01 00:00:00,3,79,79
evt_4056477,sub_915158,cust_394579,subscription_upgraded,2024-11-26 00:00:00,4,120,199
evt_9548795,sub_106833,cust_955937,subscription_started,2023-02-27 00:00:00,2,29,29
evt_8248007,sub_106833,cust_955937,subscription_churned,2023-07-09 00:00:00,2,-29,0
evt_8435634,sub_199161,cust_873959,subscription_started,2024-01-03 00:00:00,1,0,0
evt_6034195,sub_199161,cust_873959,subscription_upgraded,2024-12-23 00:00:00,2,29,29
evt_6431882,sub_698745,cust_616137,subscription_started,2024-07-09 00:00:00,2,29,29
evt_7647803,sub_698745,cust_616137,subscription_downgraded,2024-08-23 00:00:00,1,-29,0
evt_7994575,sub_785234,cust_743966,subscription_started,2023-07-26 00:00:00,1,0,0
evt_7779356,sub_105948,cust_248533,subscription_started,2023-04-24 00:00:00,4,199,199
evt_4392572,sub_105948,cust_248533,subscription_churned,2023-11-14 00:00:00,4,-199,0
evt_7265873,sub_851485,cust_438273,subscription_started,2023-05-20 00:00:00,2,29,29
evt_5079175,sub_851485,cust_438273,subscription_upgraded,2024-03-15 00:00:00,3,50,79
evt_9171197,sub_821211,cust_827250,subscription_started,2024-09-20 00:00:00,2,29,29
evt_6749416,sub_162198,cust_101885,subscription_started,2024-08-09 00:00:00,4,199,199
evt_2241325,sub_594761,cust_331625,subscription_started,2024-10-16 00:00:00,2,29,29
evt_3523621,sub_964352,cust_193035,subscription_started,2024-11-17 00:00:00,4,199,199
evt_2476481,sub_701975,cust_213282,subscription_started,2023-01-02 00:00:00,2,29,29
evt_8857213,sub_701975,cust_213282,subscription_downgraded,2024-07-01 00:00:00,1,-29,0
evt_7891727,sub_247083,cust_969067,subscription_started,2024-05-05 00:00:00,4,199,199
evt_8335114,sub_491616,cust_209812,subscription_started,2023-03-17 00:00:00,2,29,29
evt_8571366,sub_957479,cust_606186,subscription_started,2023-02-01 00:00:00,4,199,199
evt_4778731,sub_957479,cust_606186,subscription_churned,2024-03-08 00:00:00,4,-199,0
evt_4739473,sub_257805,cust_529161,subscription_started,2024-07-21 00:00:00,4,199,199
evt_3560283,sub_849631,cust_980651,subscription_started,2024-05-17 00:00:00,1,0,0
evt_1661904,sub_849631,cust_980651,subscription_churned,2024-10-01 00:00:00,1,0,0
evt_2162105,sub_666310,cust_126985,subscription_started,2023-07-31 00:00:00,2,29,29
evt_8375951,sub_666310,cust_126985,subscription_upgraded,2024-08-17 00:00:00,3,50,79
evt_4499464,sub_666310,cust_126985,subscription_churned,2024-12-08 00:00:00,3,-79,0
evt_4332588,sub_568516,cust_377877,subscription_started,2023-04-04 00:00:00,3,79,79
evt_3937636,sub_568516,cust_377877,subscription_upgraded,2023-07-04 00:00:00,4,120,199
evt_4517141,sub_568516,cust_377877,subscription_downgraded,2023-11-10 00:00:00,3,-120,79
evt_8046664,sub_116929,cust_376195,subscription_started,2023-08-20 00:00:00,3,79,79
evt_6423586,sub_865071,cust_893202,subscription_started,2024-08-26 00:00:00,2,29,29
evt_5177495,sub_865071,cust_893202,subscription_upgraded,2024-09-25 00:00:00,3,50,79
evt_1654157,sub_828833,cust_347088,subscription_started,2024-05-02 00:00:00,1,0,0
evt_9700658,sub_280795,cust_750403,subscription_started,2023-05-31 00:00:00,3,79,79
evt_8893719,sub_280795,cust_750403,subscription_churned,2024-08-21 00:00:00,3,-79,0
evt_1780131,sub_527456,cust_750403,subscription_reactivated,2024-10-26 00:00:00,2,29,29
evt_9811471,sub_899541,cust_816308,subscription_started,2024-03-21 00:00:00,4,199,199
evt_2112761,sub_899541,cust_816308,subscription_downgraded,2024-07-24 00:00:00,3,-120,79
evt_1012106,sub_240934,cust_506951,subscription_started,2024-07-23 00:00:00,3,79,79
evt_7133460,sub_240934,cust_506951,subscription_upgraded,2024-11-21 00:00:00,4,120,199
evt_3177810,sub_231945,cust_539976,subscription_started,2023-04-26 00:00:00,2,29,29
evt_6051756,sub_231945,cust_539976,subscription_downgraded,2023-12-31 00:00:00,1,-29,0
evt_4320146,sub_762574,cust_399990,subscription_started,2024-07-02 00:00:00,4,199,199
evt_1572338,sub_762574,cust_399990,subscription_churned,2024-08-19 00:00:00,4,-199,0
evt_6411195,sub_349382,cust_250840,subscription_started,2024-09-25 00:00:00,4,199,199
evt_7805792,sub_999343,cust_381631,subscription_started,2024-01-17 00:00:00,1,0,0
evt_5685963,sub_999343,cust_381631,subscription_upgraded,2024-09-19 00:00:00,2,29,29
evt_9176462,sub_295370,cust_339030,subscription_started,2023-05-18 00:00:00,4,199,199
evt_7130767,sub_295370,cust_339030,subscription_downgraded,2023-12-13 00:00:00,3,-120,79
evt_8674459,sub_295370,cust_339030,subscription_upgraded,2024-04-11 00:00:00,4,120,199
evt_5961248,sub_295370,cust_339030,subscription_downgraded,2024-05-20 00:00:00,3,-120,79
evt_9571557,sub_291482,cust_563173,subscription_started,2023-08-05 00:00:00,3,79,79
evt_4722144,sub_291482,cust_563173,subscription_downgraded,2023-09-23 00:00:00,2,-50,29
evt_1820610,sub_999987,cust_844037,subscription_started,2024-06-02 00:00:00,2,29,29
evt_6033050,sub_437558,cust_160426,subscription_started,2023-09-13 00:00:00,2,29,29
evt_6227870,sub_437558,cust_160426,subscription_churned,2023-10-08 00:00:00,2,-29,0
evt_2120966,sub_869089,cust_229890,subscription_started,2024-11-28 00:00:00,1,0,0
evt_3688598,sub_250776,cust_978343,subscription_started,2023-09-22 00:00:00,4,199,199
evt_7735054,sub_250776,cust_978343,subscription_downgraded,2024-08-13 00:00:00,3,-120,79
evt_9734558,sub_111292,cust_332103,subscription_started,2024-10-24 00:00:00,2,29,29
evt_6013404,sub_343459,cust_281614,subscription_started,2024-09-07 00:00:00,1,0,0
evt_6727358,sub_261141,cust_992952,subscription_started,2023-12-24 00:00:00,2,29,29
evt_8827002,sub_261141,cust_992952,subscription_upgraded,2024-05-18 00:00:00,3,50,79
evt_7082569,sub_867305,cust_794530,subscription_started,2024-01-19 00:00:00,4,199,199
evt_6516846,sub_363895,cust_440930,subscription_started,2023-10-11 00:00:00,3,79,79
evt_9146156,sub_363895,cust_440930,subscription_churned,2024-03-29 00:00:00,3,-79,0
evt_8277403,sub_619020,cust_944554,subscription_started,2024-09-06 00:00:00,3,79,79
evt_9184965,sub_619020,cust_944554,subscription_upgraded,2024-11-04 00:00:00,4,120,199
evt_7418748,sub_736095,cust_507135,subscription_started,2023-02-06 00:00:00,4,199,199
evt_6519070,sub_736095,cust_507135,subscription_churned,2024-07-26 00:00:00,4,-199,0
evt_1476046,sub_940848,cust_507135,subscription_reactivated,2024-12-08 00:00:00,3,79,79
evt_7016123,sub_990691,cust_598844,subscription_started,2024-11-18 00:00:00,3,79,79
evt_5172511,sub_469495,cust_876909,subscription_started,2023-09-22 00:00:00,4,199,199
evt_2699501,sub_431910,cust_880360,subscription_started,2023-11-11 00:00:00,3,79,79
evt_6209788,sub_116701,cust_711922,subscription_started,2024-08-17 00:00:00,2,29,29
evt_3984802,sub_893531,cust_995735,subscription_started,2023-06-04 00:00:00,4,199,199
evt_5931029,sub_893531,cust_995735,subscription_downgraded,2024-07-16 00:00:00,3,-120,79
evt_4673793,sub_127639,cust_916779,subscription_started,2023-03-24 00:00:00,2,29,29
evt_5979362,sub_127639,cust_916779,subscription_upgraded,2023-09-29 00:00:00,3,50,79
evt_8236259,sub_942453,cust_276795,subscription_started,2024-08-13 00:00:00,2,29,29
evt_3256414,sub_180782,cust_600590,subscription_started,2024-01-28 00:00:00,1,0,0
evt_9513662,sub_180782,cust_600590,subscription_upgraded,2024-07-09 00:00:00,2,29,29
evt_4757489,sub_855086,cust_757128,subscription_started,2023-09-12 00:00:00,2,29,29
evt_3874628,sub_855086,cust_757128,subscription_churned,2024-06-14 00:00:00,2,-29,0
evt_1965457,sub_686149,cust_757128,subscription_reactivated,2024-11-05 00:00:00,1,0,0
evt_3481016,sub_599779,cust_147939,subscription_started,2023-11-02 00:00:00,3,79,79
evt_9522069,sub_446589,cust_476701,subscription_started,2023-07-12 00:00:00,3,79,79
evt_6275739,sub_446589,cust_476701,subscription_downgraded,2023-09-27 00:00:00,2,-50,29
evt_7770534,sub_193434,cust_122977,subscription_started,2024-08-26 00:00:00,2,29,29
evt_6759540,sub_830244,cust_150947,subscription_started,2024-08-31 00:00:00,2,29,29
evt_6958544,sub_830244,cust_150947,subscription_upgraded,2024-10-18 00:00:00,3,50,79
evt_5370558,sub_623954,cust_365015,subscription_started,2024-04-30 00:00:00,2,29,29
evt_7260367,sub_684191,cust_753050,subscription_started,2024-09-12 00:00:00,2,29,29
evt_9877176,sub_684191,cust_753050,subscription_downgraded,2024-10-19 00:00:00,1,-29,0
evt_7455092,sub_684191,cust_753050,subscription_churned,2024-11-14 00:00:00,1,0,0
evt_7288704,sub_938900,cust_621917,subscription_started,2023-07-23 00:00:00,2,29,29
evt_4663705,sub_938900,cust_621917,subscription_downgraded,2024-01-09 00:00:00,1,-29,0
evt_3594951,sub_938900,cust_621917,subscription_upgraded,2024-03-18 00:00:00,2,29,29
evt_1650524,sub_938900,cust_621917,subscription_churned,2024-12-24 00:00:00,2,-29,0
evt_6228876,sub_932199,cust_674765,subscription_started,2024-05-23 00:00:00,2,29,29
evt_4026890,sub_932199,cust_674765,subscription_upgraded,2024-07-24 00:00:00,3,50,79
evt_8628047,sub_742978,cust_801520,subscription_started,2024-05-20 00:00:00,3,79,79
evt_9233723,sub_742978,cust_801520,subscription_downgraded,2024-12-23 00:00:00,2,-50,29
evt_7011635,sub_932625,cust_410401,subscription_started,2023-09-28 00:00:00,1,0,0
evt_8152449,sub_407189,cust_874415,subscription_started,2023-04-29 00:00:00,3,79,79
evt_9121925,sub_407189,cust_874415,subscription_upgraded,2023-11-13 00:00:00,4,120,199
evt_1879717,sub_297382,cust_558976,subscription_started,2024-09-28 00:00:00,4,199,199
evt_1750288,sub_633458,cust_976303,subscription_started,2024-01-30 00:00:00,4,199,199
evt_4115619,sub_633458,cust_976303,subscription_downgraded,2024-03-22 00:00:00,3,-120,79
evt_7400318,sub_633458,cust_976303,subscription_upgraded,2024-10-09 00:00:00,4,120,199
evt_5033031,sub_404550,cust_985364,subscription_started,2023-06-13 00:00:00,2,29,29
evt_3376818,sub_404550,cust_985364,subscription_churned,2024-03-28 00:00:00,2,-29,0
evt_8094088,sub_751966,cust_741055,subscription_started,2023-01-30 00:00:00,4,199,199
evt_8535120,sub_751966,cust_741055,subscription_downgraded,2024-05-07 00:00:00,3,-120,79
evt_2918984,sub_751966,cust_741055,subscription_upgraded,2024-08-09 00:00:00,4,120,199
evt_6492500,sub_751966,cust_741055,subscription_downgraded,2024-12-13 00:00:00,3,-120,79
evt_7680763,sub_876043,cust_166412,subscription_started,2023-09-25 00:00:00,3,79,79
evt_3003211,sub_876043,cust_166412,subscription_upgraded,2024-03-23 00:00:00,4,120,199
evt_1638058,sub_876043,cust_166412,subscription_downgraded,2024-12-28 00:00:00,3,-120,79
evt_2130790,sub_293439,cust_802382,subscription_started,2023-12-13 00:00:00,3,79,79
evt_3562057,sub_145883,cust_772561,subscription_started,2024-01-30 00:00:00,3,79,79
evt_4260468,sub_166741,cust_619920,subscription_started,2023-06-19 00:00:00,2,29,29
evt_8390875,sub_166741,cust_619920,subscription_churned,2023-11-14 00:00:00,2,-29,0
evt_9867708,sub_730886,cust_619920,subscription_reactivated,2024-02-14 00:00:00,1,0,0
evt_2092722,sub_730886,cust_619920,subscription_churned,2024-08-01 00:00:00,1,0,0
evt_3850704,sub_660226,cust_522866,subscription_started,2023-08-29 00:00:00,2,29,29
evt_1057394,sub_660226,cust_522866,subscription_churned,2024-02-08 00:00:00,2,-29,0
evt_3007261,sub_953232,cust_881439,subscription_started,2024-10-31 00:00:00,1,0,0
evt_1332077,sub_691018,cust_633030,subscription_started,2024-07-29 00:00:00,2,29,29
evt_7488875,sub_396189,cust_904694,subscription_started,2024-09-26 00:00:00,3,79,79
evt_5195013,sub_816052,cust_970196,subscription_started,2024-10-10 00:00:00,3,79,79
evt_3569227,sub_602403,cust_856609,subscription_started,2024-02-24 00:00:00,1,0,0
evt_7175325,sub_369705,cust_851606,subscription_started,2023-12-13 00:00:00,2,29,29
evt_8716379,sub_369705,cust_851606,subscription_upgraded,2024-03-12 00:00:00,3,50,79
evt_8727275,sub_541597,cust_790441,subscription_started,2024-08-26 00:00:00,2,29,29
evt_6469556,sub_586032,cust_633025,subscription_started,2023-07-01 00:00:00,3,79,79
evt_9890863,sub_586032,cust_633025,subscription_downgraded,2023-09-15 00:00:00,2,-50,29
evt_6665383,sub_153357,cust_503348,subscription_started,2024-03-04 00:00:00,4,199,199
evt_4463711,sub_153357,cust_503348,subscription_churned,2024-09-26 00:00:00,4,-199,0
evt_3614824,sub_799393,cust_532794,subscription_started,2024-09-08 00:00:00,4,199,199
evt_8861463,sub_258002,cust_327900,subscription_started,2023-07-25 00:00:00,2,29,29
evt_1145436,sub_258002,cust_327900,subscription_upgraded,2024-03-27 00:00:00,3,50,79
evt_3526697,sub_258002,cust_327900,subscription_downgraded,2024-08-11 00:00:00,2,-50,29
evt_8492990,sub_711790,cust_628370,subscription_started,2024-07-09 00:00:00,4,199,199
evt_2987101,sub_259401,cust_537757,subscription_started,2024-11-21 00:00:00,4,199,199
evt_8878038,sub_265969,cust_155642,subscription_started,2024-11-17 00:00:00,1,0,0
evt_5184066,sub_823479,cust_922458,subscription_started,2023-10-30 00:00:00,2,29,29
evt_6768490,sub_615655,cust_878476,subscription_started,2024-10-24 00:00:00,3,79,79
evt_2155782,sub_189139,cust_506380,subscription_started,2024-03-02 00:00:00,3,79,79
evt_6034918,sub_189139,cust_506380,subscription_downgraded,2024-04-18 00:00:00,2,-50,29
evt_9300525,sub_471942,cust_564586,subscription_started,2023-08-19 00:00:00,4,199,199
evt_5006465,sub_471942,cust_564586,subscription_downgraded,2024-06-13 00:00:00,3,-120,79
evt_8685433,sub_886429,cust_302897,subscription_started,2023-10-29 00:00:00,2,29,29
evt_1179145,sub_886429,cust_302897,subscription_upgraded,2024-01-01 00:00:00,3,50,79
evt_8122166,sub_995092,cust_392670,subscription_started,2024-07-23 00:00:00,2,29,29
evt_5725154,sub_679215,cust_438302,subscription_started,2024-09-03 00:00:00,2,29,29
evt_8547636,sub_679215,cust_438302,subscription_upgraded,2024-11-01 00:00:00,3,50,79
evt_1386001,sub_633506,cust_842057,subscription_started,2023-11-22 00:00:00,3,79,79
evt_1225606,sub_633506,cust_842057,subscription_churned,2024-08-07 00:00:00,3,-79,0
evt_2180827,sub_457705,cust_466375,subscription_started,2023-08-15 00:00:00,2,29,29
evt_2536556,sub_457705,cust_466375,subscription_downgraded,2024-07-29 00:00:00,1,-29,0
evt_9309761,sub_599168,cust_888669,subscription_started,2024-10-26 00:00:00,1,0,0
evt_1105921,sub_564012,cust_436526,subscription_started,2024-01-26 00:00:00,2,29,29
evt_4317199,sub_564012,cust_436526,subscription_downgraded,2024-03-01 00:00:00,1,-29,0
evt_4176691,sub_564012,cust_436526,subscription_upgraded,2024-04-28 00:00:00,2,29,29
evt_6392288,sub_564012,cust_436526,subscription_downgraded,2024-07-11 00:00:00,1,-29,0
evt_8155873,sub_771712,cust_610451,subscription_started,2023-02-14 00:00:00,4,199,199
evt_2053323,sub_771712,cust_610451,subscription_downgraded,2023-09-16 00:00:00,3,-120,79
evt_8481497,sub_771712,cust_610451,subscription_upgraded,2024-04-03 00:00:00,4,120,199
evt_9205525,sub_488438,cust_659106,subscription_started,2023-01-08 00:00:00,2,29,29
evt_6920595,sub_488438,cust_659106,subscription_churned,2023-06-17 00:00:00,2,-29,0
evt_7765272,sub_584064,cust_969005,subscription_started,2024-03-21 00:00:00,4,199,199
evt_3339281,sub_539979,cust_156904,subscription_started,2023-07-02 00:00:00,3,79,79
evt_4085491,sub_539979,cust_156904,subscription_downgraded,2023-12-31 00:00:00,2,-50,29
evt_7564784,sub_539979,cust_156904,subscription_upgraded,2024-02-21 00:00:00,3,50,79
evt_6659210,sub_539979,cust_156904,subscription_downgraded,2024-05-16 00:00:00,2,-50,29
evt_7580559,sub_539979,cust_156904,subscription_churned,2024-07-05 00:00:00,2,-29,0
evt_5658522,sub_970085,cust_431773,subscription_started,2023-01-18 00:00:00,3,79,79
evt_6423780,sub_970085,cust_431773,subscription_upgraded,2023-10-02 00:00:00,4,120,199
evt_3171442,sub_741337,cust_176115,subscription_started,2024-01-02 00:00:00,2,29,29
evt_8500727,sub_741337,cust_176115,subscription_churned,2024-09-17 00:00:00,2,-29,0
evt_6472738,sub_358064,cust_132316,subscription_started,2024-04-30 00:00:00,2,29,29
evt_4261117,sub_705258,cust_810189,subscription_started,2024-10-25 00:00:00,4,199,199
evt_4976500,sub_842501,cust_663244,subscription_started,2024-07-14 00:00:00,1,0,0
evt_7444855,sub_635780,cust_249375,subscription_started,2023-06-14 00:00:00,1,0,0
evt_7536008,sub_635780,cust_249375,subscription_churned,2024-01-21 00:00:00,1,0,0
evt_3400540,sub_929718,cust_675512,subscription_started,2024-04-17 00:00:00,3,79,79
evt_5576112,sub_689171,cust_474486,subscription_started,2023-05-12 00:00:00,4,199,199
evt_1424190,sub_689171,cust_474486,subscription_downgraded,2024-12-21 00:00:00,3,-120,79
evt_8070308,sub_783288,cust_791454,subscription_started,2023-11-10 00:00:00,3,79,79
evt_3156470,sub_398595,cust_332286,subscription_started,2024-10-18 00:00:00,2,29,29
evt_9004435,sub_154970,cust_610626,subscription_started,2024-07-18 00:00:00,1,0,0
evt_7291943,sub_154970,cust_610626,subscription_upgraded,2024-09-28 00:00:00,2,29,29
evt_1579384,sub_514751,cust_757057,subscription_started,2023-03-20 00:00:00,2,29,29
evt_2715524,sub_514751,cust_757057,subscription_upgraded,2023-10-03 00:00:00,3,50,79
evt_7045114,sub_514751,cust_757057,subscription_upgraded,2024-01-11 00:00:00,4,120,199
evt_5374737,sub_266786,cust_138436,subscription_started,2024-07-18 00:00:00,3,79,79
evt_4783595,sub_266786,cust_138436,subscription_upgraded,2024-10-08 00:00:00,4,120,199
evt_4903481,sub_144454,cust_718241,subscription_started,2023-10-25 00:00:00,2,29,29
evt_5859342,sub_144454,cust_718241,subscription_churned,2024-06-08 00:00:00,2,-29,0
evt_7961516,sub_802170,cust_743863,subscription_started,2024-12-01 00:00:00,2,29,29
evt_1604073,sub_142079,cust_867562,subscription_started,2024-05-10 00:00:00,1,0,0
evt_2352703,sub_142079,cust_867562,subscription_churned,2024-09-25 00:00:00,1,0,0
evt_3754469,sub_485999,cust_929906,subscription_started,2024-01-05 00:00:00,3,79,79
evt_5787910,sub_372988,cust_764343,subscription_started,2023-10-08 00:00:00,3,79,79
evt_9586664,sub_372988,cust_764343,subscription_churned,2023-12-29 00:00:00,3,-79,0
evt_1698940,sub_314528,cust_181618,subscription_started,2024-06-13 00:00:00,2,29,29
evt_7055540,sub_722076,cust_106918,subscription_started,2024-05-28 00:00:00,2,29,29
evt_4855572,sub_722076,cust_106918,subscription_churned,2024-08-20 00:00:00,2,-29,0
evt_9574824,sub_984539,cust_852146,subscription_started,2023-05-02 00:00:00,3,79,79
evt_2799550,sub_984539,cust_852146,subscription_upgraded,2024-11-05 00:00:00,4,120,199
evt_5600838,sub_998803,cust_778700,subscription_started,2024-02-25 00:00:00,1,0,0
evt_7174850,sub_998803,cust_778700,subscription_upgraded,2024-07-17 00:00:00,2,29,29
evt_1375717,sub_179796,cust_158627,subscription_started,2023-06-20 00:00:00,4,199,199
evt_1509483,sub_179796,cust_158627,subscription_downgraded,2024-01-18 00:00:00,3,-120,79
evt_4939337,sub_179796,cust_158627,subscription_upgraded,2024-05-21 00:00:00,4,120,199
evt_3571860,sub_166357,cust_793889,subscription_started,2023-10-18 00:00:00,1,0,0
evt_7332141,sub_166357,cust_793889,subscription_churned,2023-12-09 00:00:00,1,0,0
evt_8813176,sub_553496,cust_793889,subscription_reactivated,2024-05-14 00:00:00,1,0,0
evt_1222617,sub_553496,cust_793889,subscription_upgraded,2024-07-30 00:00:00,2,29,29
evt_1409580,sub_312544,cust_933215,subscription_started,2024-08-19 00:00:00,2,29,29
evt_1740262,sub_949717,cust_496583,subscription_started,2024-01-30 00:00:00,1,0,0
evt_7228915,sub_491399,cust_286040,subscription_started,2024-05-02 00:00:00,3,79,79
evt_9296512,sub_904586,cust_732789,subscription_started,2024-07-06 00:00:00,3,79,79
evt_5247996,sub_904586,cust_732789,subscription_upgraded,2024-12-10 00:00:00,4,120,199
evt_8827496,sub_448970,cust_549793,subscription_started,2023-08-23 00:00:00,3,79,79
evt_8029251,sub_448970,cust_549793,subscription_upgraded,2024-11-17 00:00:00,4,120,199
evt_1067788,sub_644807,cust_600318,subscription_started,2023-08-27 00:00:00,1,0,0
evt_2785542,sub_886249,cust_647923,subscription_started,2023-05-01 00:00:00,1,0,0
evt_4159672,sub_886249,cust_647923,subscription_upgraded,2023-09-14 00:00:00,2,29,29
evt_2211426,sub_886249,cust_647923,subscription_upgraded,2024-04-03 00:00:00,3,50,79
evt_5962433,sub_124647,cust_713805,subscription_started,2023-09-17 00:00:00,4,199,199
evt_8593357,sub_124647,cust_713805,subscription_downgraded,2023-11-30 00:00:00,3,-120,79
evt_1702543,sub_766076,cust_921861,subscription_started,2024-07-24 00:00:00,2,29,29
evt_5291312,sub_435158,cust_871523,subscription_started,2023-05-22 00:00:00,2,29,29
evt_9178027,sub_435158,cust_871523,subscription_churned,2024-07-20 00:00:00,2,-29,0
evt_2544323,sub_191046,cust_454877,subscription_started,2024-07-17 00:00:00,4,199,199
evt_8569862,sub_136010,cust_594580,subscription_started,2024-09-06 00:00:00,1,0,0
evt_3153928,sub_136010,cust_594580,subscription_churned,2024-12-04 00:00:00,1,0,0
evt_9494212,sub_808043,cust_743789,subscription_started,2024-11-02 00:00:00,3,79,79
evt_8770870,sub_172456,cust_991884,subscription_started,2024-11-03 00:00:00,3,79,79
evt_9986932,sub_830994,cust_477214,subscription_started,2023-09-02 00:00:00,1,0,0
evt_8578703,sub_830994,cust_477214,subscription_upgraded,2024-02-07 00:00:00,2,29,29
evt_9157878,sub_830994,cust_477214,subscription_downgraded,2024-10-01 00:00:00,1,-29,0
evt_3963386,sub_830994,cust_477214,subscription_churned,2024-11-26 00:00:00,1,0,0
evt_4748410,sub_146005,cust_642892,subscription_started,2023-01-16 00:00:00,4,199,199
evt_3335477,sub_146005,cust_642892,subscription_downgraded,2023-10-19 00:00:00,3,-120,79
evt_9810978,sub_146005,cust_642892,subscription_churned,2024-05-26 00:00:00,3,-79,0
evt_2783889,sub_486178,cust_389939,subscription_started,2023-08-20 00:00:00,4,199,199
evt_2463693,sub_486178,cust_389939,subscription_downgraded,2024-03-24 00:00:00,3,-120,79
evt_3717830,sub_486178,cust_389939,subscription_downgraded,2024-12-08 00:00:00,2,-50,29
evt_4297008,sub_698129,cust_175902,subscription_started,2024-05-30 00:00:00,2,29,29
evt_4112344,sub_170064,cust_495397,subscription_started,2024-07-30 00:00:00,3,79,79
evt_1666991,sub_170064,cust_495397,subscription_upgraded,2024-10-15 00:00:00,4,120,199
evt_7555022,sub_239685,cust_370343,subscription_started,2023-03-11 00:00:00,3,79,79
evt_7507169,sub_239685,cust_370343,subscription_upgraded,2024-08-19 00:00:00,4,120,199
evt_3129961,sub_239685,cust_370343,subscription_downgraded,2024-09-22 00:00:00,3,-120,79
evt_2140750,sub_239685,cust_370343,subscription_downgraded,2024-12-21 00:00:00,2,-50,29
evt_2217859,sub_638322,cust_110195,subscription_started,2023-09-27 00:00:00,1,0,0
evt_6376889,sub_638322,cust_110195,subscription_churned,2024-08-24 00:00:00,1,0,0
evt_7269347,sub_129009,cust_470711,subscription_started,2023-08-12 00:00:00,3,79,79
evt_5711603,sub_487470,cust_353814,subscription_started,2023-09-29 00:00:00,1,0,0
evt_2055863,sub_658617,cust_795650,subscription_started,2024-05-19 00:00:00,1,0,0
evt_6847081,sub_351044,cust_702427,subscription_started,2023-10-09 00:00:00,2,29,29
evt_6387876,sub_847237,cust_543732,subscription_started,2024-05-04 00:00:00,1,0,0
evt_5889906,sub_847237,cust_543732,subscription_upgraded,2024-08-10 00:00:00,2,29,29
evt_6660164,sub_847237,cust_543732,subscription_downgraded,2024-10-05 00:00:00,1,-29,0
evt_9125932,sub_493214,cust_582418,subscription_started,2023-11-20 00:00:00,1,0,0
evt_4169687,sub_493214,cust_582418,subscription_churned,2024-11-21 00:00:00,1,0,0
evt_8629616,sub_367188,cust_675210,subscription_started,2023-09-27 00:00:00,1,0,0
evt_4038433,sub_367188,cust_675210,subscription_upgraded,2024-11-06 00:00:00,2,29,29
evt_5653261,sub_143027,cust_490394,subscription_started,2024-01-09 00:00:00,2,29,29
evt_2608777,sub_143027,cust_490394,subscription_upgraded,2024-04-15 00:00:00,3,50,79
evt_6664086,sub_143027,cust_490394,subscription_churned,2024-08-04 00:00:00,3,-79,0
evt_8210891,sub_854525,cust_943146,subscription_started,2023-08-30 00:00:00,3,79,79
evt_6313642,sub_854525,cust_943146,subscription_churned,2024-04-14 00:00:00,3,-79,0
evt_7430237,sub_280189,cust_541996,subscription_started,2024-05-26 00:00:00,4,199,199
evt_7818297,sub_280189,cust_541996,subscription_downgraded,2024-12-25 00:00:00,3,-120,79
evt_3779020,sub_353781,cust_695417,subscription_started,2023-02-18 00:00:00,1,0,0
evt_5005908,sub_353781,cust_695417,subscription_upgraded,2023-06-05 00:00:00,2,29,29
evt_2375683,sub_353781,cust_695417,subscription_upgraded,2023-12-14 00:00:00,3,50,79
evt_7450428,sub_353781,cust_695417,subscription_upgraded,2024-05-20 00:00:00,4,120,199
evt_5558760,sub_353781,cust_695417,subscription_churned,2024-08-01 00:00:00,4,-199,0
evt_9790177,sub_806017,cust_372387,subscription_started,2024-01-05 00:00:00,3,79,79
evt_4475080,sub_276560,cust_734992,subscription_started,2023-07-23 00:00:00,3,79,79
evt_9236899,sub_476984,cust_912378,subscription_started,2024-04-02 00:00:00,2,29,29
evt_5276944,sub_476984,cust_912378,subscription_upgraded,2024-09-08 00:00:00,3,50,79
evt_3827659,sub_372482,cust_761938,subscription_started,2024-09-19 00:00:00,3,79,79
evt_7399569,sub_986993,cust_380465,subscription_started,2024-09-11 00:00:00,3,79,79
evt_4834939,sub_986993,cust_380465,subscription_churned,2024-11-21 00:00:00,3,-79,0
evt_1839952,sub_196864,cust_534098,subscription_started,2023-06-21 00:00:00,3,79,79
evt_5280628,sub_196864,cust_534098,subscription_upgraded,2023-08-17 00:00:00,4,120,199
evt_3376224,sub_196864,cust_534098,subscription_downgraded,2023-11-07 00:00:00,3,-120,79
evt_2120364,sub_196864,cust_534098,subscription_downgraded,2024-05-17 00:00:00,2,-50,29
evt_4278016,sub_347721,cust_516332,subscription_started,2023-04-16 00:00:00,1,0,0
evt_2703060,sub_347721,cust_516332,subscription_churned,2023-05-20 00:00:00,1,0,0
evt_3082677,sub_921185,cust_375201,subscription_started,2024-09-24 00:00:00,1,0,0
evt_9953284,sub_858339,cust_237654,subscription_started,2024-06-23 00:00:00,1,0,0
evt_9464268,sub_952812,cust_385647,subscription_started,2024-07-15 00:00:00,2,29,29
evt_3615725,sub_952812,cust_385647,subscription_churned,2024-10-01 00:00:00,2,-29,0
evt_7160440,sub_353677,cust_691380,subscription_started,2024-03-21 00:00:00,4,199,199
evt_7332142,sub_353677,cust_691380,subscription_downgraded,2024-12-03 00:00:00,3,-120,79
evt_9873352,sub_100601,cust_483551,subscription_started,2024-02-27 00:00:00,2,29,29
evt_6938052,sub_778799,cust_821179,subscription_started,2024-05-18 00:00:00,2,29,29
evt_9384022,sub_778799,cust_821179,subscription_downgraded,2024-10-18 00:00:00,1,-29,0
evt_7165648,sub_176983,cust_687783,subscription_started,2024-03-23 00:00:00,2,29,29
evt_7919142,sub_176983,cust_687783,subscription_upgraded,2024-05-25 00:00:00,3,50,79
evt_9174221,sub_176983,cust_687783,subscription_churned,2024-10-17 00:00:00,3,-79,0
evt_3469105,sub_116820,cust_351198,subscription_started,2024-06-13 00:00:00,4,199,199
evt_8365634,sub_117173,cust_291267,subscription_started,2023-05-20 00:00:00,2,29,29
evt_1861447,sub_117173,cust_291267,subscription_upgraded,2024-03-12 00:00:00,3,50,79
evt_5931680,sub_117173,cust_291267,subscription_upgraded,2024-12-15 00:00:00,4,120,199
evt_9004545,sub_960979,cust_152042,subscription_started,2024-07-01 00:00:00,1,0,0
evt_6560848,sub_960979,cust_152042,subscription_churned,2024-10-25 00:00:00,1,0,0
evt_2699577,sub_631331,cust_115440,subscription_started,2024-05-20 00:00:00,1,0,0
evt_9548104,sub_631331,cust_115440,subscription_churned,2024-08-30 00:00:00,1,0,0
evt_8522210,sub_646403,cust_184120,subscription_started,2023-05-30 00:00:00,1,0,0
evt_9488394,sub_646403,cust_184120,subscription_churned,2024-09-14 00:00:00,1,0,0
evt_7340529,sub_964774,cust_184120,subscription_reactivated,2024-11-22 00:00:00,1,0,0
evt_5481292,sub_792706,cust_227885,subscription_started,2023-09-12 00:00:00,3,79,79
evt_4293942,sub_792706,cust_227885,subscription_downgraded,2023-10-25 00:00:00,2,-50,29
evt_1203251,sub_792706,cust_227885,subscription_churned,2024-02-28 00:00:00,2,-29,0
evt_4249147,sub_303941,cust_798359,subscription_started,2023-08-02 00:00:00,2,29,29
evt_2111125,sub_303941,cust_798359,subscription_churned,2024-03-19 00:00:00,2,-29,0
evt_9097767,sub_139280,cust_646230,subscription_started,2023-05-06 00:00:00,3,79,79
evt_8710913,sub_139280,cust_646230,subscription_upgraded,2023-10-20 00:00:00,4,120,199
evt_8279187,sub_337186,cust_555251,subscription_started,2023-11-29 00:00:00,1,0,0
evt_6038910,sub_337186,cust_555251,subscription_churned,2024-08-07 00:00:00,1,0,0
evt_3482557,sub_370157,cust_824305,subscription_started,2024-05-01 00:00:00,3,79,79
evt_7708381,sub_480625,cust_896456,subscription_started,2024-10-02 00:00:00,1,0,0
evt_9072754,sub_185070,cust_685472,subscription_started,2024-10-22 00:00:00,3,79,79
evt_1513307,sub_261528,cust_141406,subscription_started,2024-05-11 00:00:00,3,79,79
evt_7800102,sub_515597,cust_591147,subscription_started,2023-10-09 00:00:00,4,199,199
evt_2380936,sub_515597,cust_591147,subscription_downgraded,2024-07-23 00:00:00,3,-120,79
evt_8189752,sub_515597,cust_591147,subscription_downgraded,2024-08-18 00:00:00,2,-50,29
evt_3239478,sub_594097,cust_576136,subscription_started,2023-01-01 00:00:00,3,79,79
evt_6197034,sub_594097,cust_576136,subscription_churned,2023-08-28 00:00:00,3,-79,0
evt_2381533,sub_140833,cust_790266,subscription_started,2024-07-05 00:00:00,2,29,29
evt_5889357,sub_212762,cust_215830,subscription_started,2023-04-09 00:00:00,4,199,199
evt_8756720,sub_212762,cust_215830,subscription_downgraded,2023-07-13 00:00:00,3,-120,79
evt_4754605,sub_212762,cust_215830,subscription_upgraded,2023-12-08 00:00:00,4,120,199
evt_6681731,sub_212762,cust_215830,subscription_churned,2024-02-07 00:00:00,4,-199,0
evt_8591832,sub_828664,cust_133362,subscription_started,2024-08-07 00:00:00,4,199,199
evt_4944744,sub_538272,cust_852715,subscription_started,2023-03-14 00:00:00,3,79,79
evt_2974982,sub_538272,cust_852715,subscription_upgraded,2023-09-18 00:00:00,4,120,199
evt_8531631,sub_538272,cust_852715,subscription_downgraded,2023-10-31 00:00:00,3,-120,79
evt_2232154,sub_538272,cust_852715,subscription_downgraded,2023-12-11 00:00:00,2,-50,29
evt_4212645,sub_481901,cust_685126,subscription_started,2024-03-01 00:00:00,3,79,79
evt_1526460,sub_481901,cust_685126,subscription_upgraded,2024-05-09 00:00:00,4,120,199
evt_6484609,sub_571452,cust_326387,subscription_started,2024-06-15 00:00:00,1,0,0
evt_3754468,sub_571452,cust_326387,subscription_churned,2024-10-20 00:00:00,1,0,0
evt_6612922,sub_535998,cust_287588,subscription_started,2024-07-25 00:00:00,3,79,79
evt_3354531,sub_535998,cust_287588,subscription_churned,2024-09-06 00:00:00,3,-79,0
evt_5661755,sub_733257,cust_209159,subscription_started,2023-06-20 00:00:00,2,29,29
evt_1154772,sub_733257,cust_209159,subscription_churned,2023-10-26 00:00:00,2,-29,0
evt_7258302,sub_845920,cust_676802,subscription_started,2023-11-29 00:00:00,2,29,29
evt_9100012,sub_845920,cust_676802,subscription_churned,2024-02-05 00:00:00,2,-29,0
evt_3479770,sub_625417,cust_902903,subscription_started,2024-07-17 00:00:00,3,79,79
evt_4299424,sub_654418,cust_117094,subscription_started,2024-06-14 00:00:00,4,199,199
evt_1300562,sub_146675,cust_823222,subscription_started,2023-10-10 00:00:00,3,79,79
evt_4721202,sub_656524,cust_484914,subscription_started,2024-08-19 00:00:00,1,0,0
evt_9980132,sub_941368,cust_931420,subscription_started,2024-05-09 00:00:00,2,29,29
evt_6137252,sub_941368,cust_931420,subscription_churned,2024-07-26 00:00:00,2,-29,0
evt_4580502,sub_795535,cust_947607,subscription_started,2024-08-13 00:00:00,1,0,0
evt_3973538,sub_687993,cust_907812,subscription_started,2023-08-21 00:00:00,4,199,199
evt_8205822,sub_687993,cust_907812,subscription_churned,2023-10-10 00:00:00,4,-199,0
evt_1347135,sub_603174,cust_907812,subscription_reactivated,2024-01-10 00:00:00,3,79,79
evt_5331763,sub_603174,cust_907812,subscription_downgraded,2024-02-16 00:00:00,2,-50,29
evt_3037439,sub_179928,cust_434827,subscription_started,2024-07-06 00:00:00,2,29,29
evt_9968963,sub_227338,cust_889410,subscription_started,2024-09-01 00:00:00,3,79,79
evt_2397006,sub_800447,cust_881519,subscription_started,2023-02-20 00:00:00,3,79,79
evt_3690055,sub_800447,cust_881519,subscription_downgraded,2024-01-13 00:00:00,2,-50,29
evt_7531004,sub_800447,cust_881519,subscription_churned,2024-05-10 00:00:00,2,-29,0
evt_9596976,sub_553405,cust_307731,subscription_started,2024-05-14 00:00:00,3,79,79
evt_9294239,sub_880823,cust_550956,subscription_started,2023-11-28 00:00:00,4,199,199
evt_4155467,sub_880823,cust_550956,subscription_downgraded,2024-05-31 00:00:00,3,-120,79
evt_2429842,sub_430479,cust_787247,subscription_started,2023-01-25 00:00:00,2,29,29
evt_1544925,sub_430479,cust_787247,subscription_upgraded,2023-09-16 00:00:00,3,50,79
evt_6036606,sub_430479,cust_787247,subscription_churned,2024-03-16 00:00:00,3,-79,0
evt_7368315,sub_243570,cust_957915,subscription_started,2023-08-28 00:00:00,2,29,29
evt_6173843,sub_243570,cust_957915,subscription_upgraded,2024-03-07 00:00:00,3,50,79
evt_2561560,sub_243570,cust_957915,subscription_downgraded,2024-08-11 00:00:00,2,-50,29
evt_4063837,sub_433774,cust_254850,subscription_started,2023-10-22 00:00:00,1,0,0
evt_7772119,sub_433774,cust_254850,subscription_upgraded,2024-08-25 00:00:00,2,29,29
evt_6591284,sub_433774,cust_254850,subscription_upgraded,2024-12-11 00:00:00,3,50,79
evt_2153392,sub_877093,cust_313701,subscription_started,2024-07-13 00:00:00,4,199,199
evt_9002347,sub_877093,cust_313701,subscription_downgraded,2024-09-13 00:00:00,3,-120,79
evt_5153632,sub_377120,cust_711324,subscription_started,2024-11-10 00:00:00,1,0,0
evt_2742713,sub_779986,cust_108739,subscription_started,2023-03-10 00:00:00,3,79,79
evt_9551086,sub_779986,cust_108739,subscription_downgraded,2023-05-17 00:00:00,2,-50,29
evt_4540118,sub_779986,cust_108739,subscription_upgraded,2024-01-15 00:00:00,3,50,79
evt_9349638,sub_841242,cust_505298,subscription_started,2023-08-25 00:00:00,3,79,79
evt_1674548,sub_841242,cust_505298,subscription_upgraded,2024-06-22 00:00:00,4,120,199
evt_4659709,sub_841242,cust_505298,subscription_downgraded,2024-11-28 00:00:00,3,-120,79
evt_4526654,sub_218083,cust_580233,subscription_started,2024-07-28 00:00:00,1,0,0
evt_3067693,sub_254127,cust_817552,subscription_started,2023-12-27 00:00:00,3,79,79
evt_5072979,sub_297133,cust_954441,subscription_started,2023-01-31 00:00:00,4,199,199
evt_8777623,sub_297133,cust_954441,subscription_churned,2023-08-23 00:00:00,4,-199,0
evt_1999793,sub_919350,cust_810929,subscription_started,2024-09-19 00:00:00,4,199,199
evt_5818583,sub_533485,cust_316800,subscription_started,2024-10-30 00:00:00,2,29,29
evt_8939548,sub_546853,cust_241822,subscription_started,2024-03-16 00:00:00,2,29,29
evt_3239535,sub_331279,cust_433025,subscription_started,2023-05-30 00:00:00,1,0,0
evt_7221563,sub_331279,cust_433025,subscription_upgraded,2024-02-01 00:00:00,2,29,29
evt_2797161,sub_331279,cust_433025,subscription_churned,2024-08-26 00:00:00,2,-29,0
evt_5098576,sub_396551,cust_767782,subscription_started,2023-10-08 00:00:00,2,29,29
evt_1328330,sub_396551,cust_767782,subscription_upgraded,2023-12-20 00:00:00,3,50,79
evt_6139499,sub_396551,cust_767782,subscription_upgraded,2024-07-24 00:00:00,4,120,199
evt_6987578,sub_802374,cust_342128,subscription_started,2024-09-02 00:00:00,1,0,0
evt_6987463,sub_148028,cust_846606,subscription_started,2024-10-27 00:00:00,2,29,29
evt_6594013,sub_895792,cust_115743,subscription_started,2023-10-04 00:00:00,2,29,29
evt_8403469,sub_895792,cust_115743,subscription_upgraded,2024-09-04 00:00:00,3,50,79
evt_7864199,sub_138394,cust_747033,subscription_started,2024-05-16 00:00:00,3,79,79
evt_5046832,sub_944539,cust_428096,subscription_started,2024-02-08 00:00:00,4,199,199
evt_9450691,sub_944539,cust_428096,subscription_downgraded,2024-12-25 00:00:00,3,-120,79
evt_8165644,sub_703638,cust_967182,subscription_started,2023-02-13 00:00:00,2,29,29
evt_2635966,sub_703638,cust_967182,subscription_churned,2023-08-29 00:00:00,2,-29,0
evt_5618061,sub_699475,cust_299072,subscription_started,2023-10-26 00:00:00,2,29,29
evt_3633253,sub_699475,cust_299072,subscription_downgraded,2023-12-14 00:00:00,1,-29,0
evt_4425296,sub_699475,cust_299072,subscription_churned,2024-11-16 00:00:00,1,0,0
evt_6026347,sub_893341,cust_823468,subscription_started,2024-06-13 00:00:00,2,29,29
evt_2061460,sub_893341,cust_823468,subscription_upgraded,2024-09-01 00:00:00,3,50,79
evt_1589375,sub_893341,cust_823468,subscription_downgraded,2024-11-10 00:00:00,2,-50,29
evt_3642987,sub_213796,cust_829928,subscription_started,2024-07-13 00:00:00,2,29,29
evt_7963431,sub_213796,cust_829928,subscription_upgraded,2024-09-03 00:00:00,3,50,79
evt_9939702,sub_575062,cust_194560,subscription_started,2023-09-14 00:00:00,3,79,79
evt_8467132,sub_575062,cust_194560,subscription_downgraded,2024-01-23 00:00:00,2,-50,29
evt_9951364,sub_156405,cust_764873,subscription_started,2024-01-07 00:00:00,2,29,29
evt_4016419,sub_156405,cust_764873,subscription_churned,2024-06-11 00:00:00,2,-29,0
evt_5034633,sub_343060,cust_905579,subscription_started,2023-06-24 00:00:00,3,79,79
evt_9229364,sub_343060,cust_905579,subscription_churned,2024-02-29 00:00:00,3,-79,0
evt_4699507,sub_315273,cust_423026,subscription_started,2023-11-13 00:00:00,4,199,199
evt_2344809,sub_315273,cust_423026,subscription_downgraded,2024-03-09 00:00:00,3,-120,79
evt_1193434,sub_315273,cust_423026,subscription_churned,2024-09-19 00:00:00,3,-79,0
evt_1406129,sub_912965,cust_112800,subscription_started,2024-04-14 00:00:00,4,199,199
evt_3766964,sub_912965,cust_112800,subscription_downgraded,2024-05-12 00:00:00,3,-120,79
evt_4194751,sub_912965,cust_112800,subscription_upgraded,2024-06-16 00:00:00,4,120,199
evt_1433544,sub_912965,cust_112800,subscription_downgraded,2024-12-28 00:00:00,3,-120,79
evt_2932023,sub_470500,cust_575779,subscription_started,2024-02-24 00:00:00,1,0,0
evt_2285199,sub_401134,cust_317723,subscription_started,2023-02-20 00:00:00,1,0,0
evt_5848232,sub_401134,cust_317723,subscription_upgraded,2023-04-05 00:00:00,2,29,29
evt_8292886,sub_401134,cust_317723,subscription_churned,2023-10-26 00:00:00,2,-29,0
evt_1046902,sub_146290,cust_447195,subscription_started,2023-03-31 00:00:00,1,0,0
evt_9655209,sub_146290,cust_447195,subscription_upgraded,2023-10-16 00:00:00,2,29,29
evt_1702514,sub_923278,cust_925551,subscription_started,2024-07-29 00:00:00,4,199,199
evt_1285118,sub_748115,cust_960109,subscription_started,2023-03-11 00:00:00,3,79,79
evt_2018574,sub_748115,cust_960109,subscription_upgraded,2023-04-28 00:00:00,4,120,199
evt_3598135,sub_519124,cust_320038,subscription_started,2023-08-03 00:00:00,2,29,29
evt_7712272,sub_519124,cust_320038,subscription_upgraded,2023-09-05 00:00:00,3,50,79
evt_8043070,sub_519124,cust_320038,subscription_churned,2024-02-23 00:00:00,3,-79,0
evt_9863756,sub_236850,cust_926471,subscription_started,2023-10-22 00:00:00,3,79,79
evt_1684155,sub_236850,cust_926471,subscription_upgraded,2024-05-10 00:00:00,4,120,199
evt_7269057,sub_236850,cust_926471,subscription_downgraded,2024-10-05 00:00:00,3,-120,79
evt_4843308,sub_295652,cust_620509,subscription_started,2024-06-16 00:00:00,4,199,199
evt_5694057,sub_495597,cust_223949,subscription_started,2023-01-25 00:00:00,3,79,79
evt_1965082,sub_495597,cust_223949,subscription_churned,2024-06-15 00:00:00,3,-79,0
evt_4626117,sub_405530,cust_687638,subscription_started,2024-10-14 00:00:00,1,0,0
evt_5323775,sub_303768,cust_904291,subscription_started,2023-01-07 00:00:00,2,29,29
evt_8629336,sub_303768,cust_904291,subscription_upgraded,2023-07-22 00:00:00,3,50,79
evt_6493549,sub_620792,cust_805139,subscription_started,2024-05-05 00:00:00,3,79,79
evt_9400075,sub_620792,cust_805139,subscription_upgraded,2024-07-18 00:00:00,4,120,199
evt_4100912,sub_620792,cust_805139,subscription_churned,2024-10-29 00:00:00,4,-199,0
evt_1493220,sub_127859,cust_953715,subscription_started,2024-02-28 00:00:00,2,29,29
evt_3145923,sub_127859,cust_953715,subscription_upgraded,2024-06-23 00:00:00,3,50,79
evt_3008248,sub_963020,cust_818791,subscription_started,2023-12-06 00:00:00,1,0,0
evt_1972156,sub_963020,cust_818791,subscription_upgraded,2024-06-22 00:00:00,2,29,29
evt_5903032,sub_963020,cust_818791,subscription_upgraded,2024-10-29 00:00:00,3,50,79
evt_3336959,sub_459609,cust_735111,subscription_started,2024-02-03 00:00:00,2,29,29
evt_3645399,sub_459609,cust_735111,subscription_downgraded,2024-04-20 00:00:00,1,-29,0
evt_5028920,sub_459609,cust_735111,subscription_upgraded,2024-09-08 00:00:00,2,29,29
evt_5280661,sub_538586,cust_621199,subscription_started,2023-09-01 00:00:00,3,79,79
evt_9994349,sub_538586,cust_621199,subscription_upgraded,2023-12-01 00:00:00,4,120,199
evt_3160678,sub_538586,cust_621199,subscription_downgraded,2024-11-09 00:00:00,3,-120,79
evt_1707302,sub_918210,cust_311915,subscription_started,2023-04-05 00:00:00,3,79,79
evt_4571088,sub_918210,cust_311915,subscription_upgraded,2024-03-24 00:00:00,4,120,199
evt_9143427,sub_557431,cust_649063,subscription_started,2023-11-14 00:00:00,2,29,29
evt_6100377,sub_557431,cust_649063,subscription_upgraded,2024-06-19 00:00:00,3,50,79
evt_9868569,sub_799512,cust_138328,subscription_started,2024-04-15 00:00:00,3,79,79
evt_7217012,sub_799512,cust_138328,subscription_upgraded,2024-11-07 00:00:00,4,120,199
evt_1796771,sub_824679,cust_449479,subscription_started,2024-04-23 00:00:00,1,0,0
evt_3778324,sub_367642,cust_310297,subscription_started,2023-07-17 00:00:00,2,29,29
evt_9761270,sub_367642,cust_310297,subscription_upgraded,2024-07-23 00:00:00,3,50,79
evt_7143489,sub_367642,cust_310297,subscription_upgraded,2024-09-23 00:00:00,4,120,199
evt_2727113,sub_254069,cust_753205,subscription_started,2024-07-27 00:00:00,2,29,29
evt_9395962,sub_254069,cust_753205,subscription_churned,2024-09-27 00:00:00,2,-29,0
evt_4262346,sub_697144,cust_279594,subscription_started,2023-03-14 00:00:00,3,79,79
evt_2974957,sub_697144,cust_279594,subscription_downgraded,2024-04-22 00:00:00,2,-50,29
evt_6465649,sub_645252,cust_502233,subscription_started,2023-02-25 00:00:00,2,29,29
evt_7416175,sub_645252,cust_502233,subscription_upgraded,2024-10-22 00:00:00,3,50,79
evt_2221451,sub_461462,cust_427617,subscription_started,2023-12-07 00:00:00,2,29,29
evt_9085428,sub_461462,cust_427617,subscription_churned,2024-01-28 00:00:00,2,-29,0
evt_3444734,sub_203025,cust_832534,subscription_started,2024-04-24 00:00:00,2,29,29
evt_6213397,sub_667770,cust_746910,subscription_started,2023-09-22 00:00:00,2,29,29
evt_9621787,sub_667770,cust_746910,subscription_churned,2024-04-28 00:00:00,2,-29,0
evt_7531140,sub_509650,cust_218370,subscription_started,2023-12-26 00:00:00,3,79,79
evt_4243587,sub_509650,cust_218370,subscription_upgraded,2024-06-23 00:00:00,4,120,199
evt_2111028,sub_509650,cust_218370,subscription_churned,2024-09-26 00:00:00,4,-199,0
evt_5684988,sub_158705,cust_848969,subscription_started,2023-04-20 00:00:00,3,79,79
evt_7841598,sub_158705,cust_848969,subscription_churned,2023-09-02 00:00:00,3,-79,0
evt_8437568,sub_760117,cust_674566,subscription_started,2023-06-12 00:00:00,2,29,29
evt_9309231,sub_760117,cust_674566,subscription_churned,2024-01-18 00:00:00,2,-29,0
evt_3723148,sub_727924,cust_827851,subscription_started,2023-08-30 00:00:00,2,29,29
evt_3700658,sub_503149,cust_682051,subscription_started,2023-04-10 00:00:00,2,29,29
evt_9790949,sub_503149,cust_682051,subscription_churned,2023-07-10 00:00:00,2,-29,0
evt_4276062,sub_375564,cust_618306,subscription_started,2024-10-22 00:00:00,2,29,29
evt_4894211,sub_375564,cust_618306,subscription_downgraded,2024-12-11 00:00:00,1,-29,0
evt_6271403,sub_239110,cust_574978,subscription_started,2024-06-28 00:00:00,2,29,29
evt_2327930,sub_213994,cust_419343,subscription_started,2024-03-21 00:00:00,4,199,199
evt_3756041,sub_213994,cust_419343,subscription_churned,2024-06-13 00:00:00,4,-199,0
evt_1007792,sub_182412,cust_408474,subscription_started,2023-03-05 00:00:00,4,199,199
evt_8078300,sub_182412,cust_408474,subscription_downgraded,2023-05-17 00:00:00,3,-120,79
evt_9317272,sub_182412,cust_408474,subscription_downgraded,2023-09-14 00:00:00,2,-50,29
evt_7636874,sub_182412,cust_408474,subscription_upgraded,2024-09-05 00:00:00,3,50,79
evt_4437489,sub_155469,cust_346668,subscription_started,2024-03-18 00:00:00,3,79,79
evt_4131439,sub_799689,cust_597938,subscription_started,2023-05-23 00:00:00,2,29,29
evt_3709133,sub_799689,cust_597938,subscription_churned,2023-06-26 00:00:00,2,-29,0
evt_9996681,sub_615454,cust_240800,subscription_started,2023-01-12 00:00:00,2,29,29
evt_4244468,sub_615454,cust_240800,subscription_upgraded,2023-03-01 00:00:00,3,50,79
evt_6706561,sub_615454,cust_240800,subscription_downgraded,2023-07-15 00:00:00,2,-50,29
evt_6342564,sub_615454,cust_240800,subscription_downgraded,2024-10-04 00:00:00,1,-29,0
evt_4840443,sub_615454,cust_240800,subscription_churned,2024-12-20 00:00:00,1,0,0
evt_1384511,sub_571485,cust_536056,subscription_started,2024-04-11 00:00:00,4,199,199
evt_9695251,sub_347411,cust_336706,subscription_started,2023-07-10 00:00:00,3,79,79
evt_3867901,sub_347411,cust_336706,subscription_upgraded,2023-11-24 00:00:00,4,120,199
evt_7599431,sub_347411,cust_336706,subscription_downgraded,2024-05-04 00:00:00,3,-120,79
evt_6621223,sub_347411,cust_336706,subscription_churned,2024-07-14 00:00:00,3,-79,0
evt_5444428,sub_569009,cust_704349,subscription_started,2024-01-11 00:00:00,4,199,199
evt_3327739,sub_569009,cust_704349,subscription_downgraded,2024-06-16 00:00:00,3,-120,79
evt_5845328,sub_346645,cust_865654,subscription_started,2024-06-23 00:00:00,3,79,79
evt_5207244,sub_854124,cust_801200,subscription_started,2023-03-21 00:00:00,4,199,199
evt_4003831,sub_854124,cust_801200,subscription_downgraded,2024-10-22 00:00:00,3,-120,79
evt_4288145,sub_569320,cust_637566,subscription_started,2024-04-25 00:00:00,4,199,199
evt_8583409,sub_569320,cust_637566,subscription_churned,2024-06-12 00:00:00,4,-199,0
evt_2065035,sub_918149,cust_418841,subscription_started,2024-07-31 00:00:00,1,0,0
evt_8322660,sub_503150,cust_400748,subscription_started,2024-05-11 00:00:00,1,0,0
evt_6339413,sub_928928,cust_114892,subscription_started,2023-04-25 00:00:00,2,29,29
evt_3094224,sub_928928,cust_114892,subscription_churned,2024-06-26 00:00:00,2,-29,0
evt_6748402,sub_668087,cust_608473,subscription_started,2023-07-05 00:00:00,4,199,199
evt_4727849,sub_927887,cust_533007,subscription_started,2024-01-28 00:00:00,2,29,29
evt_6668818,sub_927887,cust_533007,subscription_downgraded,2024-08-14 00:00:00,1,-29,0
evt_3883285,sub_507976,cust_959340,subscription_started,2023-04-29 00:00:00,1,0,0
evt_9463790,sub_507976,cust_959340,subscription_upgraded,2024-01-08 00:00:00,2,29,29
evt_9183395,sub_116391,cust_597643,subscription_started,2023-09-26 00:00:00,2,29,29
evt_6144218,sub_116391,cust_597643,subscription_churned,2024-01-18 00:00:00,2,-29,0
evt_9595138,sub_225805,cust_816047,subscription_started,2023-02-12 00:00:00,3,79,79
evt_4341145,sub_225805,cust_816047,subscription_downgraded,2023-07-21 00:00:00,2,-50,29
evt_6499003,sub_225805,cust_816047,subscription_upgraded,2024-06-17 00:00:00,3,50,79
evt_3911009,sub_225805,cust_816047,subscription_upgraded,2024-08-06 00:00:00,4,120,199
evt_9800065,sub_863197,cust_203050,subscription_started,2023-09-19 00:00:00,3,79,79
evt_5458619,sub_863197,cust_203050,subscription_churned,2024-03-18 00:00:00,3,-79,0
evt_2830473,sub_256957,cust_453796,subscription_started,2024-11-24 00:00:00,4,199,199
evt_1590426,sub_907151,cust_818798,subscription_started,2024-04-01 00:00:00,2,29,29
evt_7424539,sub_907151,cust_818798,subscription_downgraded,2024-06-10 00:00:00,1,-29,0
evt_9837953,sub_346425,cust_976042,subscription_started,2023-08-11 00:00:00,4,199,199
evt_6668862,sub_244933,cust_779378,subscription_started,2024-08-02 00:00:00,3,79,79
evt_7102037,sub_868488,cust_389809,subscription_started,2024-03-13 00:00:00,4,199,199
evt_1104984,sub_242737,cust_448813,subscription_started,2023-03-03 00:00:00,4,199,199
evt_6147942,sub_242737,cust_448813,subscription_churned,2023-04-02 00:00:00,4,-199,0
evt_4893816,sub_340725,cust_213697,subscription_started,2023-05-28 00:00:00,4,199,199
evt_1093444,sub_340725,cust_213697,subscription_downgraded,2023-11-23 00:00:00,3,-120,79
evt_4725976,sub_251070,cust_173832,subscription_started,2024-08-08 00:00:00,3,79,79
evt_7933678,sub_854304,cust_509451,subscription_started,2023-09-30 00:00:00,2,29,29
evt_1118854,sub_309905,cust_863119,subscription_started,2023-03-13 00:00:00,3,79,79
evt_8770973,sub_309905,cust_863119,subscription_downgraded,2023-12-03 00:00:00,2,-50,29
evt_3769232,sub_309905,cust_863119,subscription_churned,2024-02-10 00:00:00,2,-29,0
evt_2461159,sub_523651,cust_476353,subscription_started,2023-12-08 00:00:00,3,79,79
evt_3596356,sub_607336,cust_903741,subscription_started,2023-10-24 00:00:00,3,79,79
evt_4047623,sub_607336,cust_903741,subscription_upgraded,2024-07-28 00:00:00,4,120,199
evt_4608251,sub_284076,cust_822303,subscription_started,2024-01-03 00:00:00,1,0,0
evt_4591976,sub_284076,cust_822303,subscription_upgraded,2024-08-15 00:00:00,2,29,29
evt_2264379,sub_789173,cust_350069,subscription_started,2024-05-15 00:00:00,1,0,0
evt_4408903,sub_927695,cust_926045,subscription_started,2023-02-13 00:00:00,2,29,29
evt_8496508,sub_927695,cust_926045,subscription_downgraded,2024-11-02 00:00:00,1,-29,0
evt_3924781,sub_102818,cust_175532,subscription_started,2023-02-07 00:00:00,2,29,29
evt_1930087,sub_102818,cust_175532,subscription_churned,2023-04-29 00:00:00,2,-29,0
evt_8860310,sub_799107,cust_115063,subscription_started,2023-06-26 00:00:00,1,0,0
evt_9706450,sub_799107,cust_115063,subscription_upgraded,2024-01-18 00:00:00,2,29,29
evt_1471076,sub_799107,cust_115063,subscription_upgraded,2024-03-14 00:00:00,3,50,79
evt_7112061,sub_799107,cust_115063,subscription_upgraded,2024-04-20 00:00:00,4,120,199
evt_1746009,sub_799107,cust_115063,subscription_churned,2024-09-20 00:00:00,4,-199,0
evt_8811505,sub_681131,cust_957179,subscription_started,2023-04-19 00:00:00,2,29,29
evt_9975635,sub_681131,cust_957179,subscription_downgraded,2024-04-16 00:00:00,1,-29,0
evt_6819805,sub_214798,cust_873774,subscription_started,2024-11-25 00:00:00,2,29,29
evt_2569831,sub_320254,cust_451801,subscription_started,2023-03-06 00:00:00,1,0,0
evt_2932234,sub_320254,cust_451801,subscription_upgraded,2024-10-31 00:00:00,2,29,29
evt_4477004,sub_867301,cust_142675,subscription_started,2023-05-17 00:00:00,2,29,29
evt_8723303,sub_867301,cust_142675,subscription_upgraded,2023-07-01 00:00:00,3,50,79
evt_2497141,sub_867301,cust_142675,subscription_churned,2023-10-28 00:00:00,3,-79,0
evt_2753311,sub_522257,cust_142675,subscription_reactivated,2024-03-03 00:00:00,2,29,29
evt_1535484,sub_522257,cust_142675,subscription_upgraded,2024-05-13 00:00:00,3,50,79
evt_6753560,sub_522257,cust_142675,subscription_upgraded,2024-08-03 00:00:00,4,120,199
evt_4228684,sub_138821,cust_193471,subscription_started,2024-10-29 00:00:00,4,199,199
evt_9995078,sub_498756,cust_384111,subscription_started,2024-06-19 00:00:00,2,29,29
evt_5731929,sub_256900,cust_192296,subscription_started,2024-10-04 00:00:00,2,29,29
evt_5772286,sub_256900,cust_192296,subscription_upgraded,2024-11-20 00:00:00,3,50,79
evt_6656532,sub_755725,cust_665940,subscription_started,2024-06-03 00:00:00,2,29,29
evt_4248973,sub_755725,cust_665940,subscription_upgraded,2024-12-29 00:00:00,3,50,79
evt_2107591,sub_466975,cust_597457,subscription_started,2024-05-24 00:00:00,1,0,0
evt_9330861,sub_466975,cust_597457,subscription_upgraded,2024-10-17 00:00:00,2,29,29
evt_5621484,sub_575774,cust_944264,subscription_started,2024-04-09 00:00:00,1,0,0
evt_1430260,sub_878720,cust_346729,subscription_started,2024-03-31 00:00:00,3,79,79
evt_2032110,sub_391431,cust_202827,subscription_started,2023-08-31 00:00:00,3,79,79
evt_5721088,sub_391431,cust_202827,subscription_upgraded,2024-03-02 00:00:00,4,120,199
evt_1983946,sub_391431,cust_202827,subscription_churned,2024-10-15 00:00:00,4,-199,0
evt_8574470,sub_525239,cust_251981,subscription_started,2023-08-10 00:00:00,3,79,79
evt_5212751,sub_525239,cust_251981,subscription_downgraded,2024-11-02 00:00:00,2,-50,29
evt_1740271,sub_555275,cust_452207,subscription_started,2023-05-11 00:00:00,2,29,29
evt_4476565,sub_555275,cust_452207,subscription_upgraded,2023-09-10 00:00:00,3,50,79
evt_8775490,sub_459366,cust_330533,subscription_started,2023-10-30 00:00:00,2,29,29
evt_1801923,sub_459366,cust_330533,subscription_upgraded,2024-07-10 00:00:00,3,50,79
evt_1415909,sub_219753,cust_998602,subscription_started,2024-06-18 00:00:00,4,199,199
evt_1498015,sub_725119,cust_358635,subscription_started,2023-09-11 00:00:00,2,29,29
evt_1091715,sub_725119,cust_358635,subscription_upgraded,2023-11-01 00:00:00,3,50,79
evt_4361577,sub_725119,cust_358635,subscription_downgraded,2024-01-07 00:00:00,2,-50,29
evt_8373187,sub_725119,cust_358635,subscription_upgraded,2024-03-23 00:00:00,3,50,79
evt_2074992,sub_725119,cust_358635,subscription_churned,2024-09-15 00:00:00,3,-79,0
evt_8969234,sub_971044,cust_146372,subscription_started,2023-02-11 00:00:00,3,79,79
evt_5462812,sub_971044,cust_146372,subscription_churned,2023-03-10 00:00:00,3,-79,0
evt_6542047,sub_546235,cust_352194,subscription_started,2023-03-27 00:00:00,4,199,199
evt_9147916,sub_546235,cust_352194,subscription_downgraded,2023-06-02 00:00:00,3,-120,79
evt_5233170,sub_546235,cust_352194,subscription_downgraded,2023-08-25 00:00:00,2,-50,29
evt_5407277,sub_546235,cust_352194,subscription_churned,2023-09-23 00:00:00,2,-29,0
evt_2139922,sub_670297,cust_195136,subscription_started,2023-01-17 00:00:00,3,79,79
evt_9419411,sub_670297,cust_195136,subscription_churned,2023-08-09 00:00:00,3,-79,0
evt_9336696,sub_412086,cust_195136,subscription_reactivated,2024-02-05 00:00:00,2,29,29
evt_5909282,sub_500788,cust_909327,subscription_started,2023-05-22 00:00:00,3,79,79
evt_2911569,sub_711177,cust_503575,subscription_started,2023-12-07 00:00:00,1,0,0
evt_8227406,sub_711177,cust_503575,subscription_upgraded,2024-05-28 00:00:00,2,29,29
evt_8839464,sub_711177,cust_503575,subscription_churned,2024-07-09 00:00:00,2,-29,0
evt_3877765,sub_959636,cust_503575,subscription_reactivated,2024-12-03 00:00:00,1,0,0
evt_3656814,sub_193347,cust_817923,subscription_started,2023-03-24 00:00:00,4,199,199
evt_2404057,sub_193347,cust_817923,subscription_downgraded,2023-06-18 00:00:00,3,-120,79
evt_8456747,sub_193347,cust_817923,subscription_upgraded,2024-03-10 00:00:00,4,120,199
evt_2184628,sub_193347,cust_817923,subscription_downgraded,2024-12-03 00:00:00,3,-120,79
evt_3319293,sub_372667,cust_483349,subscription_started,2024-04-21 00:00:00,1,0,0
evt_1193508,sub_631468,cust_451199,subscription_started,2023-09-02 00:00:00,2,29,29
evt_1431056,sub_631468,cust_451199,subscription_churned,2023-10-19 00:00:00,2,-29,0
evt_6372033,sub_149096,cust_436030,subscription_started,2023-12-28 00:00:00,3,79,79
evt_5536829,sub_623957,cust_228670,subscription_started,2024-04-26 00:00:00,3,79,79
evt_7578422,sub_623957,cust_228670,subscription_downgraded,2024-11-26 00:00:00,2,-50,29
evt_5481772,sub_796866,cust_948083,subscription_started,2023-03-09 00:00:00,3,79,79
evt_8166382,sub_796866,cust_948083,subscription_upgraded,2023-11-21 00:00:00,4,120,199
evt_1757786,sub_290552,cust_272769,subscription_started,2023-10-10 00:00:00,2,29,29
evt_8601081,sub_290552,cust_272769,subscription_churned,2024-09-21 00:00:00,2,-29,0
evt_1194871,sub_259057,cust_667735,subscription_started,2023-05-16 00:00:00,2,29,29
evt_4724585,sub_259057,cust_667735,subscription_churned,2024-05-21 00:00:00,2,-29,0
evt_9418954,sub_519567,cust_975505,subscription_started,2024-06-16 00:00:00,3,79,79
evt_5337440,sub_519567,cust_975505,subscription_downgraded,2024-10-28 00:00:00,2,-50,29
evt_9845104,sub_602816,cust_982804,subscription_started,2024-07-15 00:00:00,3,79,79
evt_2239048,sub_602816,cust_982804,subscription_upgraded,2024-12-09 00:00:00,4,120,199
evt_5165533,sub_969999,cust_402143,subscription_started,2023-02-18 00:00:00,2,29,29
evt_5270011,sub_969999,cust_402143,subscription_churned,2024-02-23 00:00:00,2,-29,0
evt_6577597,sub_635868,cust_283877,subscription_started,2024-11-13 00:00:00,1,0,0
evt_9314653,sub_391941,cust_841484,subscription_started,2023-02-05 00:00:00,3,79,79
evt_2335792,sub_391941,cust_841484,subscription_upgraded,2024-10-21 00:00:00,4,120,199
evt_2754666,sub_384027,cust_524214,subscription_started,2024-05-26 00:00:00,3,79,79
evt_5177120,sub_746413,cust_839719,subscription_started,2023-10-30 00:00:00,4,199,199
evt_3261026,sub_216020,cust_563581,subscription_started,2023-12-13 00:00:00,2,29,29
evt_9015427,sub_216020,cust_563581,subscription_churned,2024-01-30 00:00:00,2,-29,0
evt_7400338,sub_358365,cust_981723,subscription_started,2023-08-14 00:00:00,2,29,29
evt_5360488,sub_358365,cust_981723,subscription_upgraded,2024-08-04 00:00:00,3,50,79
evt_6052169,sub_358365,cust_981723,subscription_churned,2024-12-05 00:00:00,3,-79,0
evt_5197957,sub_413223,cust_391427,subscription_started,2023-07-20 00:00:00,1,0,0
evt_7313862,sub_413223,cust_391427,subscription_churned,2023-09-05 00:00:00,1,0,0
evt_8296545,sub_815557,cust_732471,subscription_started,2024-09-11 00:00:00,4,199,199
evt_5397825,sub_442752,cust_398477,subscription_started,2023-12-20 00:00:00,2,29,29
evt_6213387,sub_442752,cust_398477,subscription_churned,2024-02-03 00:00:00,2,-29,0
evt_8433918,sub_481878,cust_563999,subscription_started,2023-10-23 00:00:00,3,79,79
evt_7396488,sub_370625,cust_250616,subscription_started,2023-08-01 00:00:00,3,79,79
evt_6603625,sub_370625,cust_250616,subscription_upgraded,2024-02-05 00:00:00,4,120,199
evt_8138632,sub_370625,cust_250616,subscription_churned,2024-05-15 00:00:00,4,-199,0
evt_3552751,sub_295809,cust_386606,subscription_started,2024-02-29 00:00:00,2,29,29
evt_8582065,sub_295809,cust_386606,subscription_downgraded,2024-05-01 00:00:00,1,-29,0
evt_6301688,sub_425704,cust_614416,subscription_started,2023-02-13 00:00:00,3,79,79
evt_5713233,sub_425704,cust_614416,subscription_upgraded,2023-04-25 00:00:00,4,120,199
evt_9444987,sub_425704,cust_614416,subscription_downgraded,2023-06-01 00:00:00,3,-120,79
evt_9661579,sub_425704,cust_614416,subscription_upgraded,2023-11-30 00:00:00,4,120,199
evt_7012365,sub_425704,cust_614416,subscription_downgraded,2024-07-26 00:00:00,3,-120,79
evt_7854309,sub_567785,cust_414750,subscription_started,2024-10-17 00:00:00,3,79,79
evt_2860722,sub_179838,cust_129824,subscription_started,2023-05-03 00:00:00,3,79,79
evt_9871152,sub_179838,cust_129824,subscription_upgraded,2023-06-18 00:00:00,4,120,199
evt_4901721,sub_804380,cust_758501,subscription_started,2024-05-02 00:00:00,4,199,199
evt_8201406,sub_804380,cust_758501,subscription_downgraded,2024-11-23 00:00:00,3,-120,79
evt_5784978,sub_420343,cust_583439,subscription_started,2023-05-19 00:00:00,2,29,29
evt_4247214,sub_420343,cust_583439,subscription_upgraded,2023-10-27 00:00:00,3,50,79
evt_7367070,sub_300936,cust_180558,subscription_started,2024-06-10 00:00:00,2,29,29
evt_5142931,sub_736213,cust_986041,subscription_started,2023-11-05 00:00:00,3,79,79
evt_4851116,sub_736213,cust_986041,subscription_churned,2024-01-23 00:00:00,3,-79,0
evt_3429782,sub_671808,cust_491133,subscription_started,2024-05-11 00:00:00,2,29,29
evt_2742095,sub_671808,cust_491133,subscription_churned,2024-11-20 00:00:00,2,-29,0
evt_8391061,sub_849894,cust_685792,subscription_started,2024-09-20 00:00:00,4,199,199
evt_6793850,sub_170213,cust_222227,subscription_started,2023-05-15 00:00:00,2,29,29
evt_9921066,sub_170213,cust_222227,subscription_churned,2024-01-24 00:00:00,2,-29,0
evt_2106581,sub_661072,cust_280572,subscription_started,2023-11-08 00:00:00,2,29,29
evt_6377073,sub_661072,cust_280572,subscription_churned,2024-05-01 00:00:00,2,-29,0
evt_8658687,sub_724695,cust_236543,subscription_started,2023-03-22 00:00:00,3,79,79
evt_2502260,sub_495147,cust_931578,subscription_started,2024-11-06 00:00:00,3,79,79
evt_5492932,sub_844984,cust_920375,subscription_started,2023-05-07 00:00:00,3,79,79
evt_2891289,sub_844984,cust_920375,subscription_downgraded,2023-12-25 00:00:00,2,-50,29
evt_3635975,sub_844984,cust_920375,subscription_churned,2024-03-22 00:00:00,2,-29,0
evt_3892433,sub_694103,cust_390849,subscription_started,2024-08-16 00:00:00,2,29,29
evt_1751318,sub_275933,cust_706217,subscription_started,2023-01-15 00:00:00,3,79,79
evt_4859085,sub_275933,cust_706217,subscription_churned,2023-02-23 00:00:00,3,-79,0
evt_9758068,sub_102215,cust_324411,subscription_started,2024-05-31 00:00:00,3,79,79
evt_1499969,sub_102215,cust_324411,subscription_upgraded,2024-10-25 00:00:00,4,120,199
evt_9067264,sub_982140,cust_544692,subscription_started,2023-08-08 00:00:00,3,79,79
evt_2402766,sub_982140,cust_544692,subscription_upgraded,2023-10-21 00:00:00,4,120,199
evt_4946534,sub_982140,cust_544692,subscription_downgraded,2024-05-05 00:00:00,3,-120,79
evt_3319495,sub_541597,cust_838963,subscription_started,2023-10-23 00:00:00,4,199,199
evt_4331212,sub_541597,cust_838963,subscription_churned,2024-06-07 00:00:00,4,-199,0
evt_7782654,sub_117722,cust_981946,subscription_started,2024-03-30 00:00:00,2,29,29
evt_5679965,sub_117722,cust_981946,subscription_churned,2024-05-17 00:00:00,2,-29,0
evt_8340617,sub_878247,cust_113406,subscription_started,2024-11-21 00:00:00,3,79,79
evt_7542007,sub_557086,cust_719244,subscription_started,2023-04-15 00:00:00,4,199,199
evt_7593234,sub_557086,cust_719244,subscription_churned,2023-08-06 00:00:00,4,-199,0
evt_2514920,sub_413619,cust_523927,subscription_started,2023-05-06 00:00:00,3,79,79
evt_5510798,sub_413619,cust_523927,subscription_upgraded,2023-09-27 00:00:00,4,120,199
evt_1252403,sub_413619,cust_523927,subscription_churned,2023-12-21 00:00:00,4,-199,0
evt_8212466,sub_688982,cust_775105,subscription_started,2024-02-14 00:00:00,3,79,79
evt_8702643,sub_688982,cust_775105,subscription_downgraded,2024-11-29 00:00:00,2,-50,29
evt_2984967,sub_685136,cust_228125,subscription_started,2023-09-14 00:00:00,3,79,79
evt_4971964,sub_495370,cust_128048,subscription_started,2023-07-03 00:00:00,3,79,79
evt_2459206,sub_495370,cust_128048,subscription_churned,2023-08-13 00:00:00,3,-79,0
evt_9757314,sub_576632,cust_128048,subscription_reactivated,2023-12-12 00:00:00,2,29,29
evt_5878601,sub_582943,cust_616096,subscription_started,2024-04-22 00:00:00,1,0,0
evt_3426881,sub_582943,cust_616096,subscription_upgraded,2024-10-25 00:00:00,2,29,29
evt_7758079,sub_582943,cust_616096,subscription_churned,2024-12-24 00:00:00,2,-29,0
evt_3729968,sub_556909,cust_133133,subscription_started,2024-03-16 00:00:00,2,29,29
evt_2765563,sub_379341,cust_917241,subscription_started,2023-11-07 00:00:00,2,29,29
evt_3374579,sub_379341,cust_917241,subscription_upgraded,2024-07-24 00:00:00,3,50,79
evt_7699116,sub_869987,cust_680684,subscription_started,2024-07-06 00:00:00,3,79,79
evt_8885336,sub_967466,cust_746908,subscription_started,2024-11-23 00:00:00,3,79,79
evt_6504576,sub_627537,cust_878103,subscription_started,2024-08-20 00:00:00,2,29,29
evt_2492491,sub_627537,cust_878103,subscription_churned,2024-10-19 00:00:00,2,-29,0
evt_9668957,sub_783618,cust_356092,subscription_started,2023-09-11 00:00:00,2,29,29
evt_5392569,sub_783618,cust_356092,subscription_downgraded,2023-10-29 00:00:00,1,-29,0
evt_2105804,sub_783618,cust_356092,subscription_churned,2024-06-15 00:00:00,1,0,0
evt_1989886,sub_689780,cust_356092,subscription_reactivated,2024-10-12 00:00:00,1,0,0
evt_7237794,sub_689780,cust_356092,subscription_upgraded,2024-11-17 00:00:00,2,29,29
evt_2445753,sub_946475,cust_441958,subscription_started,2023-02-08 00:00:00,3,79,79
evt_3284457,sub_946475,cust_441958,subscription_upgraded,2023-10-31 00:00:00,4,120,199
evt_8757372,sub_946475,cust_441958,subscription_churned,2023-12-20 00:00:00,4,-199,0
evt_6266537,sub_722485,cust_441958,subscription_reactivated,2024-05-08 00:00:00,3,79,79
evt_9117939,sub_722485,cust_441958,subscription_churned,2024-06-03 00:00:00,3,-79,0
evt_2453304,sub_834696,cust_431889,subscription_started,2024-01-22 00:00:00,3,79,79
evt_4579226,sub_533276,cust_950874,subscription_started,2024-11-14 00:00:00,2,29,29
evt_5313268,sub_461353,cust_401314,subscription_started,2023-09-29 00:00:00,1,0,0
evt_6574903,sub_461353,cust_401314,subscription_churned,2024-12-15 00:00:00,1,0,0
evt_7765944,sub_912314,cust_720615,subscription_started,2023-12-11 00:00:00,1,0,0
evt_8201903,sub_672176,cust_943187,subscription_started,2023-11-04 00:00:00,3,79,79
evt_5998189,sub_936547,cust_289373,subscription_started,2023-01-20 00:00:00,4,199,199
evt_7661660,sub_936547,cust_289373,subscription_downgraded,2024-02-26 00:00:00,3,-120,79
evt_9277618,sub_936547,cust_289373,subscription_upgraded,2024-11-04 00:00:00,4,120,199
evt_2706522,sub_866110,cust_768914,subscription_started,2024-06-29 00:00:00,4,199,199
evt_2398123,sub_866110,cust_768914,subscription_downgraded,2024-08-22 00:00:00,3,-120,79
evt_1320387,sub_730222,cust_254920,subscription_started,2023-09-04 00:00:00,2,29,29
evt_1399180,sub_730222,cust_254920,subscription_downgraded,2024-05-25 00:00:00,1,-29,0
evt_3971689,sub_832569,cust_379901,subscription_started,2023-10-21 00:00:00,2,29,29
evt_6263801,sub_832569,cust_379901,subscription_downgraded,2023-12-27 00:00:00,1,-29,0
evt_8007520,sub_832569,cust_379901,subscription_churned,2024-04-07 00:00:00,1,0,0
evt_2324391,sub_833621,cust_967412,subscription_started,2023-11-14 00:00:00,3,79,79
evt_4600370,sub_833621,cust_967412,subscription_upgraded,2024-01-18 00:00:00,4,120,199
evt_5739891,sub_833621,cust_967412,subscription_churned,2024-09-17 00:00:00,4,-199,0
evt_4208857,sub_204745,cust_370948,subscription_started,2023-10-12 00:00:00,3,79,79
evt_7587916,sub_204745,cust_370948,subscription_churned,2024-05-29 00:00:00,3,-79,0
evt_6101321,sub_810450,cust_429153,subscription_started,2024-09-08 00:00:00,4,199,199
evt_6841991,sub_810450,cust_429153,subscription_churned,2024-11-13 00:00:00,4,-199,0
evt_8187497,sub_324933,cust_429153,subscription_reactivated,2024-12-21 00:00:00,3,79,79
evt_5768275,sub_631085,cust_980605,subscription_started,2023-05-24 00:00:00,1,0,0
evt_6031351,sub_631085,cust_980605,subscription_churned,2023-06-26 00:00:00,1,0,0
evt_6650746,sub_198351,cust_364039,subscription_started,2024-05-23 00:00:00,1,0,0
evt_7508257,sub_253624,cust_347399,subscription_started,2024-03-09 00:00:00,1,0,0
evt_7837673,sub_253624,cust_347399,subscription_churned,2024-04-12 00:00:00,1,0,0
evt_1218912,sub_697053,cust_833602,subscription_started,2023-04-26 00:00:00,3,79,79
evt_7490389,sub_697053,cust_833602,subscription_upgraded,2023-09-11 00:00:00,4,120,199
evt_7587246,sub_335959,cust_423141,subscription_started,2023-01-22 00:00:00,4,199,199
evt_1536003,sub_173131,cust_365271,subscription_started,2024-07-19 00:00:00,2,29,29
evt_1233949,sub_635231,cust_563892,subscription_started,2024-02-02 00:00:00,3,79,79
evt_7586434,sub_635231,cust_563892,subscription_upgraded,2024-04-25 00:00:00,4,120,199
evt_8569000,sub_450311,cust_268010,subscription_started,2024-03-25 00:00:00,3,79,79
evt_8105112,sub_450311,cust_268010,subscription_upgraded,2024-07-17 00:00:00,4,120,199
evt_1778902,sub_450311,cust_268010,subscription_downgraded,2024-09-19 00:00:00,3,-120,79
evt_4006157,sub_539437,cust_615576,subscription_started,2024-04-27 00:00:00,3,79,79
evt_3115310,sub_125862,cust_468948,subscription_started,2024-03-06 00:00:00,4,199,199
evt_6775594,sub_125862,cust_468948,subscription_downgraded,2024-05-09 00:00:00,3,-120,79
evt_3867507,sub_125862,cust_468948,subscription_upgraded,2024-11-21 00:00:00,4,120,199
evt_9201256,sub_647622,cust_564943,subscription_started,2024-10-18 00:00:00,1,0,0
evt_9984711,sub_627573,cust_904894,subscription_started,2024-10-26 00:00:00,3,79,79
evt_2368232,sub_448458,cust_281905,subscription_started,2024-08-30 00:00:00,3,79,79
evt_3809837,sub_823797,cust_335391,subscription_started,2023-01-22 00:00:00,3,79,79
evt_7298799,sub_823797,cust_335391,subscription_upgraded,2023-10-22 00:00:00,4,120,199
evt_8998907,sub_823797,cust_335391,subscription_downgraded,2024-10-19 00:00:00,3,-120,79
evt_3980174,sub_823797,cust_335391,subscription_churned,2024-12-03 00:00:00,3,-79,0
evt_3138437,sub_744918,cust_276953,subscription_started,2023-02-20 00:00:00,3,79,79
evt_3608640,sub_744918,cust_276953,subscription_upgraded,2023-04-15 00:00:00,4,120,199
evt_7038145,sub_744918,cust_276953,subscription_downgraded,2023-12-03 00:00:00,3,-120,79
evt_4487272,sub_744918,cust_276953,subscription_upgraded,2024-03-29 00:00:00,4,120,199
evt_8363632,sub_744918,cust_276953,subscription_downgraded,2024-07-23 00:00:00,3,-120,79
evt_4254164,sub_355537,cust_853489,subscription_started,2024-06-22 00:00:00,3,79,79
evt_1963702,sub_306612,cust_952924,subscription_started,2023-09-30 00:00:00,3,79,79
evt_2191814,sub_306612,cust_952924,subscription_downgraded,2024-09-28 00:00:00,2,-50,29
evt_1685796,sub_592491,cust_810083,subscription_started,2023-07-13 00:00:00,2,29,29
evt_1489418,sub_592491,cust_810083,subscription_upgraded,2023-10-18 00:00:00,3,50,79
evt_7494449,sub_592491,cust_810083,subscription_churned,2024-02-13 00:00:00,3,-79,0
evt_4406178,sub_258162,cust_487593,subscription_started,2024-08-19 00:00:00,4,199,199
evt_7183652,sub_525577,cust_502124,subscription_started,2024-03-09 00:00:00,3,79,79
evt_6086796,sub_479637,cust_735829,subscription_started,2024-11-17 00:00:00,4,199,199
evt_5273756,sub_916634,cust_488918,subscription_started,2023-05-16 00:00:00,1,0,0
evt_4183858,sub_916634,cust_488918,subscription_upgraded,2024-11-12 00:00:00,2,29,29
evt_2970838,sub_241232,cust_656189,subscription_started,2024-03-19 00:00:00,1,0,0
evt_2701408,sub_379503,cust_376002,subscription_started,2024-09-19 00:00:00,3,79,79
